user_id,product_id,viewed,carted,time_spent_sec,date
572,P018,1,1,237,2025-06-09
329,P077,1,0,11,2024-06-01
593,P051,1,0,44,2025-06-27
278,P065,1,0,518,2024-09-25
453,P042,1,0,488,2024-08-20
505,P046,1,1,207,2025-02-25
260,P021,1,0,362,2025-04-10
109,P002,1,0,99,2024-06-12
418,P013,1,1,152,2024-12-05
155,P071,1,0,438,2024-03-12
422,P023,1,1,345,2024-12-20
390,P003,1,0,417,2024-04-27
553,P005,1,0,485,2024-06-26
213,P008,1,0,446,2025-02-22
113,P007,1,0,140,2024-09-05
368,P019,1,0,98,2024-01-31
146,P093,1,1,189,2024-07-24
563,P017,1,1,447,2024-03-11
280,P012,1,0,40,2024-09-27
585,P069,1,1,393,2024-01-12
355,P095,1,0,455,2024-11-28
215,P099,1,1,274,2024-11-15
296,P093,1,0,322,2024-06-30
558,P019,1,0,439,2024-08-12
537,P082,1,0,402,2024-01-26
155,P080,1,0,350,2024-08-30
104,P047,1,0,219,2024-11-12
352,P020,1,0,250,2024-12-24
386,P054,1,0,512,2025-02-23
374,P022,1,0,335,2024-04-13
484,P087,1,0,479,2024-07-06
302,P058,1,0,531,2025-02-05
534,P054,1,1,406,2024-12-25
578,P090,1,0,166,2024-05-13
242,P010,1,1,462,2025-02-22
537,P070,1,0,532,2024-10-03
505,P080,1,0,494,2025-04-23
525,P011,1,1,173,2024-03-02
428,P027,1,0,25,2024-02-07
312,P014,1,1,320,2025-05-27
390,P062,1,0,159,2024-05-08
221,P041,1,0,224,2024-11-10
128,P040,1,1,439,2025-01-22
381,P020,1,0,164,2024-03-29
273,P082,1,0,268,2024-12-30
184,P046,1,0,598,2024-06-25
109,P052,1,1,293,2024-10-16
430,P012,1,0,113,2025-05-19
497,P026,1,1,573,2024-03-23
372,P019,1,0,265,2024-01-03
539,P086,1,0,249,2024-11-10
216,P044,1,1,304,2025-05-27
548,P065,1,0,76,2025-06-24
365,P036,1,1,439,2024-01-24
308,P052,1,0,28,2024-12-21
534,P013,1,0,54,2024-07-05
147,P021,1,0,328,2024-07-19
437,P096,1,0,94,2024-07-09
227,P004,1,0,421,2024-02-22
260,P079,1,1,550,2025-03-10
103,P031,1,0,155,2024-04-12
466,P094,1,1,527,2025-01-29
128,P008,1,0,177,2024-03-04
458,P026,1,0,467,2024-02-20
142,P012,1,0,43,2024-01-14
208,P039,1,0,129,2024-09-03
155,P097,1,1,518,2024-04-11
402,P060,1,1,578,2025-02-28
124,P100,1,1,117,2025-02-01
553,P020,1,0,62,2025-06-03
233,P013,1,1,301,2025-04-22
521,P068,1,0,383,2024-01-10
422,P016,1,0,220,2025-03-24
275,P029,1,0,552,2024-06-18
462,P016,1,0,493,2024-06-19
386,P068,1,1,464,2025-06-19
482,P001,1,0,150,2025-04-24
407,P098,1,0,242,2025-04-24
158,P054,1,0,446,2024-01-29
383,P089,1,1,123,2025-04-26
600,P020,1,0,217,2025-01-28
229,P062,1,0,133,2024-07-21
349,P044,1,0,51,2025-04-03
550,P054,1,1,118,2024-01-08
194,P037,1,1,25,2025-01-10
502,P046,1,0,522,2024-02-02
108,P022,1,1,273,2024-10-27
200,P099,1,0,228,2025-02-08
594,P024,1,0,134,2025-02-04
400,P005,1,0,401,2024-12-26
534,P059,1,0,417,2025-04-28
111,P050,1,0,375,2024-03-08
324,P080,1,1,131,2024-09-08
396,P047,1,1,155,2024-04-01
265,P008,1,1,128,2025-02-20
559,P039,1,0,407,2024-03-15
103,P062,1,0,232,2024-07-21
287,P006,1,1,545,2024-09-21
558,P021,1,0,226,2024-04-25
418,P069,1,0,150,2024-10-22
378,P038,1,1,77,2024-08-13
113,P002,1,0,119,2025-03-11
408,P010,1,0,333,2024-08-22
124,P019,1,0,387,2024-03-13
294,P061,1,1,383,2025-02-01
458,P038,1,0,260,2024-08-24
442,P079,1,0,248,2024-11-13
382,P012,1,0,13,2024-11-29
109,P016,1,0,520,2025-03-06
233,P099,1,0,512,2025-06-01
520,P075,1,0,135,2024-11-23
342,P032,1,1,355,2024-11-24
482,P098,1,0,150,2024-03-19
564,P058,1,0,347,2024-04-10
169,P030,1,1,391,2025-05-24
360,P013,1,0,380,2024-09-22
180,P049,1,1,56,2025-04-17
183,P030,1,1,402,2024-01-20
179,P038,1,0,455,2025-01-13
496,P036,1,0,483,2025-04-24
173,P005,1,0,76,2025-03-28
153,P004,1,0,218,2024-03-03
524,P065,1,0,135,2025-01-05
297,P034,1,1,502,2025-06-28
429,P097,1,0,502,2024-03-03
211,P013,1,0,335,2024-11-10
217,P068,1,0,200,2025-03-28
252,P010,1,0,525,2024-11-28
462,P059,1,1,195,2025-01-27
126,P021,1,1,186,2024-12-06
233,P099,1,0,550,2025-02-16
176,P058,1,0,578,2025-06-12
527,P039,1,0,469,2025-03-02
320,P033,1,0,20,2025-04-01
435,P049,1,1,221,2024-05-27
345,P009,1,1,221,2024-12-12
207,P094,1,1,420,2025-05-02
314,P089,1,0,376,2024-05-08
212,P068,1,0,526,2025-05-01
411,P007,1,0,40,2024-09-26
365,P067,1,0,249,2024-06-29
130,P089,1,0,389,2024-08-28
233,P001,1,0,36,2025-06-21
584,P078,1,0,495,2024-07-23
396,P054,1,1,95,2024-12-01
406,P058,1,0,273,2024-01-10
261,P025,1,1,339,2025-02-25
331,P008,1,1,495,2025-05-27
405,P060,1,0,357,2024-12-18
231,P021,1,0,88,2024-01-29
224,P068,1,0,160,2024-07-04
345,P027,1,0,143,2025-04-11
474,P027,1,0,71,2024-06-29
190,P083,1,0,503,2024-04-15
155,P098,1,0,485,2025-01-14
434,P063,1,0,133,2025-05-18
155,P055,1,0,68,2024-10-28
181,P079,1,1,390,2024-04-26
248,P035,1,1,423,2024-08-26
117,P048,1,0,116,2025-03-11
590,P075,1,0,222,2024-07-02
196,P004,1,0,433,2024-01-15
149,P035,1,0,417,2024-10-02
354,P010,1,0,442,2024-01-26
545,P010,1,0,485,2024-01-20
572,P028,1,0,419,2024-07-17
329,P100,1,0,360,2024-01-12
582,P005,1,0,213,2024-08-01
195,P053,1,0,197,2024-09-16
570,P036,1,0,239,2024-04-25
542,P057,1,0,586,2024-10-12
501,P057,1,0,257,2024-01-06
377,P029,1,1,43,2025-02-11
488,P042,1,0,72,2024-06-09
552,P045,1,1,573,2024-11-28
156,P090,1,1,234,2024-08-18
166,P060,1,1,171,2025-05-20
193,P070,1,0,173,2024-04-30
521,P050,1,0,366,2024-02-18
253,P099,1,1,449,2024-03-01
165,P056,1,1,439,2025-04-08
303,P083,1,0,185,2025-04-09
542,P022,1,1,321,2024-12-30
206,P076,1,0,281,2025-01-17
112,P058,1,1,10,2025-06-01
540,P070,1,0,318,2024-01-03
315,P096,1,0,382,2025-02-26
534,P003,1,0,55,2024-01-11
441,P092,1,0,588,2024-06-24
405,P006,1,0,200,2024-03-20
563,P048,1,0,253,2024-02-03
244,P034,1,1,596,2024-02-05
400,P029,1,0,170,2024-12-22
591,P025,1,0,221,2024-06-26
104,P022,1,0,376,2024-03-09
121,P020,1,0,349,2024-12-18
537,P008,1,0,241,2024-12-11
246,P043,1,1,44,2024-08-19
538,P052,1,1,526,2024-10-18
456,P027,1,1,208,2024-09-08
199,P021,1,0,262,2025-02-07
571,P021,1,1,446,2024-05-15
104,P069,1,0,365,2024-08-24
163,P017,1,0,286,2024-04-02
183,P075,1,0,464,2024-12-07
485,P077,1,0,330,2024-05-17
588,P008,1,0,156,2024-09-05
596,P064,1,0,212,2024-03-18
347,P059,1,0,390,2024-10-11
182,P009,1,0,403,2024-07-05
405,P100,1,0,105,2024-07-27
562,P058,1,0,110,2024-05-15
193,P051,1,0,87,2024-08-22
152,P062,1,0,247,2025-02-14
166,P055,1,0,494,2024-11-22
178,P086,1,1,418,2024-09-14
297,P014,1,0,36,2025-03-11
162,P058,1,0,37,2024-01-05
393,P076,1,0,555,2024-10-02
262,P018,1,0,72,2024-07-14
186,P091,1,0,74,2024-12-28
454,P030,1,0,373,2024-01-11
263,P013,1,0,224,2024-05-22
152,P075,1,1,117,2024-11-02
222,P086,1,0,539,2025-03-28
349,P076,1,0,153,2024-09-24
339,P078,1,0,393,2024-09-14
541,P017,1,0,105,2025-05-28
380,P031,1,1,270,2024-11-25
459,P070,1,0,194,2024-01-08
255,P099,1,1,504,2025-05-19
122,P056,1,0,401,2024-07-22
593,P027,1,0,184,2025-03-16
282,P013,1,0,68,2024-06-18
275,P060,1,1,565,2024-10-23
592,P056,1,0,68,2025-06-16
271,P082,1,1,377,2025-06-23
372,P025,1,1,564,2024-06-24
599,P100,1,0,457,2025-05-04
170,P052,1,0,28,2025-06-04
237,P051,1,0,138,2024-06-21
286,P040,1,0,336,2025-01-17
142,P075,1,0,182,2024-06-11
189,P024,1,0,18,2024-04-18
374,P024,1,0,425,2024-06-21
488,P039,1,0,186,2025-02-25
197,P076,1,0,194,2024-01-14
147,P022,1,0,261,2024-10-07
145,P037,1,1,597,2024-06-28
405,P002,1,0,437,2025-02-07
188,P089,1,0,50,2024-05-17
310,P052,1,0,278,2024-12-16
524,P007,1,1,379,2025-03-16
200,P024,1,0,498,2024-10-18
432,P006,1,0,247,2024-03-17
126,P095,1,0,598,2024-08-12
226,P048,1,0,561,2024-06-30
169,P021,1,0,484,2024-04-05
145,P076,1,0,401,2024-01-06
456,P006,1,0,31,2025-06-25
174,P060,1,0,48,2024-11-24
305,P036,1,0,123,2025-03-04
526,P008,1,0,456,2024-05-12
301,P037,1,0,548,2024-12-28
106,P002,1,1,343,2024-08-21
338,P023,1,0,287,2025-03-09
147,P057,1,0,160,2024-08-16
445,P015,1,0,212,2025-02-24
159,P002,1,1,275,2024-10-16
465,P012,1,0,316,2024-05-20
581,P026,1,1,111,2025-02-02
279,P036,1,0,129,2024-07-20
336,P023,1,0,491,2025-02-01
368,P047,1,0,440,2024-02-02
317,P089,1,0,267,2024-10-26
193,P080,1,0,294,2025-03-14
515,P009,1,0,345,2024-12-14
152,P066,1,1,461,2024-01-21
145,P064,1,1,588,2024-07-12
189,P039,1,1,197,2024-02-12
552,P022,1,0,583,2024-08-12
328,P040,1,0,283,2024-03-20
494,P064,1,0,234,2024-10-02
277,P055,1,0,211,2025-05-28
522,P050,1,1,271,2025-04-04
392,P098,1,0,179,2025-01-02
548,P038,1,1,388,2024-08-18
294,P098,1,0,438,2024-02-12
244,P089,1,0,187,2024-07-21
365,P056,1,1,282,2024-03-05
435,P002,1,0,357,2024-08-20
357,P044,1,1,330,2025-05-08
480,P035,1,0,103,2025-02-04
472,P036,1,0,338,2024-01-17
528,P005,1,1,235,2025-05-03
374,P010,1,0,447,2024-02-21
257,P063,1,1,430,2024-04-06
251,P029,1,0,527,2025-06-19
235,P036,1,0,478,2024-02-22
303,P094,1,0,94,2025-04-07
532,P084,1,0,435,2024-09-19
559,P054,1,0,144,2025-02-01
487,P030,1,0,576,2024-03-09
289,P085,1,0,99,2025-06-15
291,P067,1,1,594,2024-02-04
581,P008,1,0,473,2025-05-01
574,P090,1,0,600,2024-04-22
106,P100,1,1,325,2024-12-08
121,P090,1,0,585,2025-01-29
111,P038,1,0,382,2025-02-25
486,P055,1,0,355,2024-02-07
217,P091,1,0,464,2024-09-30
569,P055,1,1,531,2024-09-08
209,P004,1,0,504,2025-03-26
441,P028,1,0,424,2025-04-27
459,P016,1,1,148,2024-07-06
477,P024,1,0,430,2025-05-01
567,P074,1,1,297,2024-03-24
415,P003,1,1,472,2025-06-04
432,P065,1,0,346,2024-08-11
358,P098,1,0,57,2025-01-31
342,P097,1,0,596,2025-02-28
205,P039,1,1,183,2025-06-11
456,P080,1,1,503,2025-02-13
113,P095,1,0,340,2024-01-23
533,P086,1,1,319,2024-05-21
172,P016,1,1,476,2024-03-01
235,P083,1,1,442,2024-03-20
380,P052,1,1,463,2024-01-31
309,P051,1,0,201,2024-03-03
491,P009,1,0,176,2024-01-16
343,P025,1,1,191,2025-06-05
530,P079,1,0,590,2024-06-12
352,P016,1,1,167,2025-03-04
460,P042,1,0,248,2025-04-19
147,P059,1,1,16,2025-06-30
317,P040,1,1,278,2024-06-24
308,P076,1,0,171,2024-01-31
206,P092,1,1,558,2024-08-28
598,P012,1,1,253,2024-11-30
255,P088,1,1,29,2024-04-25
245,P046,1,1,438,2025-04-05
114,P049,1,1,193,2024-03-06
416,P044,1,1,459,2024-07-13
102,P048,1,0,553,2024-06-15
591,P035,1,0,584,2025-06-08
481,P100,1,0,261,2024-02-25
458,P019,1,1,87,2025-04-22
472,P069,1,0,434,2025-04-27
358,P001,1,0,395,2024-10-04
440,P029,1,1,126,2024-12-17
553,P083,1,1,63,2024-04-15
295,P084,1,0,155,2025-06-07
148,P043,1,0,214,2025-04-04
497,P006,1,0,497,2024-02-25
580,P077,1,0,432,2024-11-01
122,P058,1,0,218,2024-02-01
363,P081,1,1,42,2025-06-14
428,P009,1,0,173,2025-02-15
177,P068,1,0,434,2024-06-27
434,P099,1,0,316,2025-06-23
268,P097,1,0,29,2025-04-13
176,P067,1,1,357,2024-07-07
429,P083,1,0,292,2024-03-31
139,P054,1,1,12,2025-03-09
580,P076,1,1,125,2025-01-29
540,P015,1,0,493,2025-02-19
301,P017,1,0,580,2024-02-03
372,P018,1,0,255,2024-05-02
334,P008,1,1,189,2025-03-07
200,P087,1,0,297,2024-10-02
212,P042,1,1,400,2024-07-07
429,P033,1,0,544,2025-05-11
561,P001,1,0,192,2024-01-12
477,P096,1,0,156,2024-11-01
184,P085,1,0,230,2025-02-21
406,P003,1,1,102,2024-06-08
590,P029,1,0,382,2024-09-11
105,P024,1,1,282,2025-04-07
308,P091,1,0,265,2025-01-20
433,P098,1,0,10,2024-05-15
571,P097,1,0,258,2025-01-19
263,P018,1,1,325,2024-02-13
281,P046,1,0,445,2024-09-18
357,P097,1,0,555,2025-03-26
505,P048,1,0,26,2024-09-05
548,P052,1,1,288,2025-06-06
380,P019,1,0,370,2025-04-07
356,P032,1,1,388,2024-10-10
581,P092,1,0,430,2024-06-04
202,P017,1,0,448,2024-02-09
296,P052,1,0,551,2025-02-21
246,P075,1,0,142,2025-01-16
398,P040,1,1,506,2024-06-27
170,P096,1,0,272,2024-07-09
410,P068,1,0,198,2024-06-18
593,P053,1,1,141,2024-01-12
297,P054,1,0,84,2025-04-09
586,P073,1,1,427,2024-06-30
197,P045,1,0,168,2024-09-10
211,P042,1,1,498,2025-02-13
385,P066,1,0,517,2025-04-06
413,P024,1,0,454,2024-01-13
255,P016,1,0,270,2025-06-21
189,P007,1,1,267,2024-09-09
149,P042,1,0,550,2024-07-13
600,P098,1,1,96,2024-06-07
165,P052,1,0,40,2024-01-05
560,P009,1,0,314,2024-02-20
435,P085,1,1,487,2025-02-12
176,P079,1,1,78,2024-11-08
480,P084,1,1,242,2024-02-04
546,P037,1,1,587,2024-03-13
212,P039,1,0,27,2024-07-28
365,P074,1,0,339,2024-06-04
562,P082,1,1,491,2024-05-15
117,P076,1,1,563,2025-03-21
430,P042,1,1,402,2024-10-31
182,P096,1,1,148,2024-10-30
566,P002,1,0,164,2024-02-26
366,P024,1,0,354,2024-08-25
116,P073,1,0,446,2025-03-14
412,P014,1,1,277,2025-02-14
165,P073,1,1,44,2025-01-13
306,P069,1,0,14,2024-03-28
343,P085,1,0,261,2024-01-03
330,P079,1,0,428,2024-04-12
580,P068,1,0,595,2024-12-07
346,P020,1,1,307,2024-01-07
259,P032,1,0,512,2024-09-20
162,P091,1,0,335,2024-08-18
594,P010,1,1,208,2025-05-08
439,P080,1,0,424,2024-04-09
107,P007,1,0,511,2025-05-22
201,P083,1,0,85,2025-05-23
597,P045,1,0,241,2025-03-05
145,P097,1,1,193,2024-02-16
176,P089,1,0,82,2024-07-22
365,P062,1,0,225,2025-04-15
121,P025,1,0,198,2024-10-27
537,P040,1,0,469,2024-10-20
382,P078,1,0,287,2025-05-20
321,P004,1,0,557,2025-03-01
544,P017,1,0,332,2024-03-08
573,P001,1,1,491,2025-02-27
265,P010,1,1,83,2025-04-27
423,P005,1,1,580,2024-12-31
146,P062,1,1,254,2024-06-19
543,P069,1,1,365,2024-03-21
238,P046,1,0,207,2024-09-18
119,P078,1,0,581,2024-12-28
361,P001,1,0,364,2024-03-21
474,P095,1,0,338,2025-04-07
234,P035,1,1,411,2025-01-09
228,P078,1,1,129,2025-02-11
125,P083,1,0,494,2024-01-03
126,P037,1,0,261,2024-01-13
468,P040,1,0,329,2024-04-30
377,P036,1,0,264,2024-06-02
192,P011,1,1,34,2024-08-02
402,P049,1,0,174,2024-02-10
223,P066,1,0,567,2025-02-12
451,P036,1,1,31,2025-03-31
374,P070,1,0,165,2025-02-05
265,P021,1,1,356,2024-04-02
598,P049,1,0,457,2024-07-30
544,P027,1,1,252,2024-12-16
470,P054,1,0,214,2024-02-26
578,P025,1,1,489,2024-11-03
235,P003,1,1,529,2024-02-24
491,P099,1,0,509,2024-02-13
359,P093,1,1,581,2025-05-09
597,P006,1,1,182,2024-02-12
448,P092,1,0,104,2024-10-15
544,P029,1,0,104,2024-07-23
449,P019,1,0,397,2024-04-12
150,P043,1,1,292,2024-12-12
388,P007,1,0,176,2025-02-12
224,P024,1,1,132,2024-04-24
405,P084,1,0,43,2024-10-29
333,P088,1,1,172,2024-05-30
110,P041,1,0,491,2024-01-08
344,P062,1,0,382,2024-10-12
252,P062,1,1,68,2025-06-28
448,P087,1,0,211,2024-03-22
328,P097,1,0,306,2025-02-03
482,P010,1,1,596,2024-12-13
474,P032,1,1,288,2025-03-07
549,P063,1,0,427,2024-05-15
547,P053,1,0,264,2024-11-30
460,P098,1,1,394,2024-01-03
287,P030,1,0,151,2025-01-28
138,P095,1,1,318,2024-01-17
167,P048,1,0,578,2025-04-04
104,P028,1,0,539,2025-02-14
125,P043,1,0,412,2024-08-30
122,P051,1,0,254,2025-03-20
525,P002,1,0,55,2024-05-12
475,P068,1,1,99,2025-03-15
237,P002,1,1,568,2024-05-03
106,P028,1,1,54,2024-05-01
185,P008,1,1,252,2024-01-30
174,P047,1,0,33,2024-09-25
274,P021,1,1,214,2025-04-16
488,P048,1,1,488,2025-01-10
219,P015,1,1,201,2025-02-05
122,P007,1,1,556,2025-03-16
123,P018,1,0,367,2025-05-19
579,P038,1,1,339,2024-09-20
516,P035,1,1,150,2024-02-14
264,P037,1,1,580,2024-10-15
456,P037,1,0,240,2025-06-10
147,P016,1,1,26,2024-05-03
468,P071,1,1,408,2024-12-22
423,P045,1,1,226,2024-10-17
554,P037,1,0,417,2025-02-19
181,P022,1,1,389,2024-06-01
164,P064,1,1,516,2024-02-23
262,P090,1,0,399,2024-01-13
221,P053,1,0,440,2024-05-22
259,P070,1,0,41,2025-04-03
106,P038,1,0,167,2025-03-07
562,P052,1,0,144,2024-07-20
281,P009,1,0,526,2025-01-08
114,P010,1,0,213,2024-01-05
135,P057,1,0,102,2025-03-09
355,P013,1,0,443,2024-02-25
278,P068,1,0,595,2024-03-04
292,P017,1,0,271,2024-11-05
139,P027,1,0,344,2024-11-10
327,P073,1,0,67,2025-01-19
596,P034,1,1,384,2024-08-06
150,P088,1,0,488,2024-02-25
264,P093,1,0,136,2024-03-22
489,P083,1,1,599,2025-06-28
304,P056,1,1,317,2025-02-18
398,P028,1,0,348,2025-02-01
554,P016,1,1,250,2024-07-18
552,P042,1,1,516,2024-09-27
422,P086,1,1,481,2025-02-09
381,P001,1,0,489,2024-02-20
496,P024,1,0,499,2025-04-30
511,P094,1,0,565,2024-09-28
226,P001,1,1,112,2024-07-09
184,P004,1,1,378,2025-03-18
351,P031,1,0,204,2024-05-27
454,P091,1,1,500,2024-08-05
503,P088,1,0,225,2025-02-18
249,P034,1,0,200,2024-05-16
265,P031,1,0,414,2025-04-16
293,P080,1,1,201,2024-09-21
185,P057,1,0,252,2024-06-12
215,P093,1,1,356,2024-05-24
124,P018,1,0,196,2024-01-23
395,P013,1,0,10,2024-03-07
317,P079,1,0,243,2024-06-28
365,P036,1,0,151,2024-08-05
593,P039,1,0,82,2025-06-21
177,P078,1,0,504,2024-12-05
520,P042,1,0,346,2024-10-02
454,P044,1,0,408,2024-02-28
569,P057,1,0,456,2024-03-12
204,P071,1,0,137,2024-01-31
102,P092,1,0,301,2024-09-08
210,P087,1,0,198,2025-03-18
421,P093,1,0,141,2025-05-19
331,P060,1,0,233,2024-07-27
581,P010,1,0,528,2024-02-04
589,P051,1,0,315,2025-05-04
115,P057,1,0,222,2025-01-05
127,P031,1,0,45,2024-12-09
415,P041,1,0,525,2024-11-07
170,P081,1,0,96,2024-02-08
428,P061,1,1,314,2024-02-24
168,P064,1,0,28,2025-03-20
343,P098,1,0,528,2024-06-20
320,P059,1,0,151,2025-01-15
392,P001,1,0,173,2024-01-15
532,P006,1,0,424,2024-07-14
513,P066,1,1,375,2025-02-17
553,P034,1,0,82,2024-10-16
394,P058,1,0,332,2025-05-12
431,P076,1,0,116,2025-06-19
574,P028,1,1,594,2025-05-11
484,P074,1,1,294,2024-03-20
232,P077,1,1,528,2025-03-13
118,P076,1,1,332,2024-11-17
108,P037,1,1,222,2024-05-26
522,P054,1,0,313,2024-08-09
166,P017,1,1,237,2024-09-20
558,P049,1,0,143,2024-04-13
181,P092,1,1,556,2024-03-17
439,P014,1,0,305,2024-12-13
217,P033,1,0,14,2024-03-15
194,P088,1,0,457,2024-06-16
171,P025,1,1,553,2024-11-07
581,P064,1,0,186,2024-06-14
275,P051,1,1,482,2025-05-31
457,P063,1,0,535,2025-05-28
370,P019,1,0,219,2025-04-06
370,P083,1,1,504,2024-02-29
269,P085,1,1,307,2024-03-10
299,P067,1,0,403,2024-03-19
475,P026,1,1,271,2025-01-13
306,P040,1,0,598,2024-10-04
301,P004,1,1,342,2025-06-11
320,P088,1,0,285,2025-01-31
199,P087,1,1,257,2024-01-04
539,P080,1,0,167,2024-07-25
303,P016,1,0,566,2024-03-01
394,P019,1,0,95,2025-01-28
306,P017,1,0,111,2025-03-04
266,P046,1,0,470,2025-06-02
309,P036,1,0,521,2025-06-19
585,P052,1,0,345,2025-01-02
555,P064,1,0,112,2024-06-25
231,P061,1,0,291,2024-01-06
104,P007,1,0,546,2025-04-02
273,P067,1,0,553,2024-05-15
250,P088,1,0,375,2024-03-14
313,P049,1,0,271,2024-11-28
155,P020,1,0,272,2024-11-05
234,P009,1,1,493,2024-10-30
103,P019,1,0,216,2025-06-25
309,P069,1,0,27,2025-06-08
498,P030,1,0,491,2024-02-12
474,P009,1,0,30,2024-09-08
310,P025,1,0,315,2024-10-01
179,P028,1,1,431,2024-03-03
189,P006,1,1,350,2024-02-19
377,P079,1,1,557,2024-08-16
116,P078,1,0,80,2024-08-05
238,P086,1,1,22,2025-03-19
427,P009,1,1,497,2025-05-11
545,P074,1,0,148,2024-10-06
273,P020,1,1,285,2024-04-22
208,P047,1,0,286,2025-06-23
107,P039,1,0,53,2025-04-20
205,P046,1,0,513,2024-11-02
361,P002,1,1,339,2025-05-25
428,P082,1,0,596,2024-09-14
447,P003,1,0,571,2024-02-16
172,P085,1,0,11,2024-06-21
468,P079,1,0,286,2024-05-30
434,P006,1,0,102,2024-12-28
567,P068,1,1,153,2024-12-06
367,P036,1,1,27,2025-04-24
198,P040,1,0,51,2024-08-20
150,P073,1,1,460,2025-04-15
342,P037,1,1,457,2025-04-16
286,P079,1,0,126,2024-11-12
135,P066,1,0,283,2025-06-19
470,P021,1,0,13,2025-05-27
368,P097,1,1,142,2024-11-23
503,P083,1,1,415,2025-06-10
513,P036,1,0,594,2025-03-06
182,P032,1,1,235,2024-06-21
598,P055,1,0,379,2025-01-20
467,P080,1,0,179,2025-04-15
316,P062,1,0,538,2024-08-02
151,P057,1,0,12,2025-01-28
307,P024,1,1,228,2024-03-29
291,P012,1,1,102,2025-04-24
377,P065,1,0,311,2024-05-30
554,P049,1,0,358,2024-11-15
313,P080,1,1,33,2025-03-06
576,P020,1,0,146,2025-04-16
472,P019,1,0,495,2024-05-01
331,P080,1,1,37,2024-06-04
553,P022,1,0,492,2024-02-27
119,P091,1,0,333,2024-10-06
547,P092,1,1,468,2024-02-26
444,P071,1,0,487,2025-04-02
398,P042,1,1,275,2024-03-13
422,P057,1,0,518,2024-11-17
261,P026,1,1,547,2024-03-20
520,P070,1,1,50,2025-04-08
484,P027,1,0,536,2024-03-08
281,P075,1,0,338,2025-05-20
409,P008,1,1,319,2025-01-13
362,P078,1,1,409,2024-06-20
308,P071,1,0,527,2024-09-26
382,P066,1,0,430,2024-07-29
369,P003,1,0,27,2025-05-05
305,P011,1,0,253,2025-02-12
449,P014,1,0,127,2024-01-29
424,P043,1,1,100,2024-04-12
180,P073,1,1,562,2025-06-19
430,P050,1,1,110,2025-06-07
493,P018,1,0,510,2024-01-08
569,P052,1,0,47,2024-05-01
125,P059,1,1,145,2024-08-12
347,P100,1,0,578,2024-05-27
299,P071,1,1,246,2024-08-17
241,P091,1,1,457,2024-11-07
412,P059,1,0,258,2024-11-19
123,P054,1,0,345,2025-04-16
362,P079,1,0,541,2024-08-18
599,P025,1,0,372,2025-04-01
107,P063,1,0,251,2024-04-13
493,P022,1,1,233,2024-04-12
266,P043,1,0,53,2024-11-21
326,P087,1,0,376,2024-05-10
430,P012,1,1,499,2024-08-15
365,P036,1,1,296,2024-09-26
123,P040,1,0,531,2024-08-02
154,P010,1,0,75,2024-11-11
555,P062,1,0,114,2024-06-05
580,P030,1,1,340,2024-02-20
202,P052,1,1,464,2024-04-26
267,P081,1,0,556,2024-03-17
481,P005,1,1,458,2025-04-06
417,P058,1,1,64,2024-05-25
219,P082,1,0,283,2024-12-31
319,P066,1,0,279,2025-02-25
600,P061,1,1,310,2024-01-26
569,P098,1,0,443,2025-03-13
589,P039,1,0,77,2025-03-18
212,P018,1,1,336,2025-05-06
212,P098,1,0,528,2024-08-01
545,P016,1,0,520,2025-01-09
332,P091,1,0,160,2025-03-25
220,P014,1,1,412,2024-08-01
464,P005,1,0,588,2024-03-31
270,P072,1,0,321,2024-06-16
521,P030,1,0,189,2024-11-03
147,P049,1,1,391,2024-03-11
382,P045,1,1,270,2024-09-10
399,P056,1,0,34,2025-04-22
567,P027,1,0,308,2025-01-28
534,P061,1,1,270,2025-02-02
191,P094,1,0,363,2024-12-31
379,P037,1,1,94,2025-05-13
238,P095,1,1,127,2025-03-10
133,P057,1,0,354,2024-01-14
586,P021,1,0,88,2025-06-09
441,P013,1,0,588,2024-03-14
431,P037,1,0,243,2024-11-03
529,P036,1,1,501,2025-01-30
458,P008,1,1,271,2024-07-27
456,P063,1,0,304,2024-01-27
477,P017,1,1,138,2025-02-18
248,P086,1,1,257,2024-07-25
495,P004,1,0,444,2024-12-22
597,P096,1,0,598,2025-01-28
463,P024,1,0,581,2024-07-12
313,P049,1,0,480,2024-05-06
408,P096,1,0,435,2025-02-27
323,P010,1,0,152,2024-11-16
483,P051,1,0,294,2024-06-27
516,P005,1,0,141,2024-05-16
449,P090,1,0,285,2024-02-10
138,P027,1,1,458,2025-03-09
384,P029,1,0,509,2025-01-01
417,P095,1,0,106,2025-04-30
543,P058,1,1,83,2024-12-01
177,P082,1,0,292,2025-02-17
162,P036,1,0,37,2024-06-17
209,P032,1,0,74,2025-04-13
256,P051,1,0,454,2024-11-10
172,P049,1,0,122,2025-01-27
227,P063,1,0,398,2024-08-11
135,P073,1,1,375,2025-01-25
558,P079,1,1,352,2024-12-30
399,P098,1,0,197,2025-05-12
451,P057,1,0,279,2024-04-04
253,P078,1,0,36,2024-08-09
575,P071,1,0,12,2024-07-02
481,P043,1,0,75,2024-08-01
526,P035,1,0,271,2025-02-12
347,P019,1,0,556,2024-08-22
394,P001,1,0,490,2024-09-03
590,P030,1,0,268,2025-01-04
242,P049,1,1,95,2025-01-17
452,P062,1,0,212,2024-06-01
284,P012,1,0,276,2025-04-13
370,P067,1,0,334,2024-08-06
133,P018,1,1,18,2024-10-23
108,P075,1,0,302,2024-09-06
326,P064,1,1,455,2025-03-11
149,P066,1,0,63,2025-06-25
512,P048,1,1,62,2024-03-02
152,P093,1,1,558,2025-05-06
595,P032,1,0,329,2024-07-30
399,P011,1,0,104,2024-03-07
229,P030,1,0,502,2025-02-26
188,P081,1,0,25,2025-05-12
509,P071,1,0,571,2025-04-12
150,P006,1,1,425,2025-06-21
264,P055,1,0,141,2024-12-04
490,P059,1,0,426,2024-01-03
174,P055,1,1,212,2024-09-07
574,P093,1,0,391,2024-09-26
192,P091,1,1,210,2024-01-13
307,P005,1,0,199,2024-07-18
128,P024,1,1,452,2024-12-09
432,P089,1,0,29,2024-11-30
569,P018,1,0,305,2024-04-07
150,P038,1,0,37,2025-02-17
310,P062,1,0,115,2024-11-18
139,P033,1,0,589,2024-05-25
110,P013,1,0,444,2024-09-12
206,P095,1,1,154,2024-05-11
170,P018,1,0,48,2024-02-02
264,P030,1,1,143,2024-07-07
441,P023,1,0,391,2025-01-21
172,P084,1,0,107,2024-02-17
536,P010,1,0,222,2024-09-19
374,P040,1,0,238,2024-04-13
199,P030,1,1,188,2025-01-07
193,P067,1,0,129,2024-08-07
182,P032,1,1,270,2024-12-09
527,P053,1,1,300,2024-12-07
165,P028,1,0,200,2025-05-27
305,P039,1,0,463,2025-03-14
507,P001,1,0,280,2025-06-08
321,P055,1,0,284,2024-06-27
482,P007,1,1,375,2024-09-10
324,P097,1,0,494,2024-09-05
242,P085,1,1,573,2025-01-04
191,P080,1,0,247,2024-12-30
308,P100,1,0,352,2024-06-30
297,P052,1,0,350,2024-03-08
237,P063,1,0,171,2025-01-13
504,P032,1,1,533,2024-03-03
418,P054,1,0,317,2024-04-17
237,P061,1,0,234,2024-09-12
308,P075,1,1,389,2024-06-12
248,P057,1,0,413,2025-03-20
469,P041,1,1,248,2024-12-12
207,P072,1,1,427,2024-05-10
491,P082,1,1,574,2024-12-13
483,P032,1,0,306,2024-07-26
550,P091,1,0,515,2024-06-03
253,P014,1,0,496,2024-03-24
181,P083,1,0,438,2024-07-20
482,P081,1,1,239,2024-11-27
239,P028,1,1,303,2025-02-24
381,P043,1,1,449,2024-09-09
443,P074,1,0,432,2024-04-13
302,P094,1,1,160,2024-10-30
390,P061,1,1,252,2024-03-20
313,P013,1,0,239,2025-05-27
143,P013,1,0,537,2024-07-20
456,P060,1,0,39,2024-09-07
112,P064,1,0,495,2024-05-13
295,P008,1,0,180,2024-01-05
583,P013,1,0,559,2025-03-09
518,P062,1,1,29,2024-05-23
298,P094,1,0,597,2024-07-31
161,P017,1,0,302,2025-02-11
502,P026,1,1,314,2025-03-28
304,P024,1,0,294,2024-05-27
484,P075,1,1,178,2025-02-01
532,P090,1,0,362,2025-02-19
206,P025,1,1,121,2025-04-16
172,P096,1,1,317,2024-01-12
211,P051,1,1,278,2025-06-01
534,P086,1,0,122,2024-07-04
429,P053,1,1,402,2024-10-26
391,P059,1,0,429,2025-04-07
445,P004,1,0,573,2024-08-17
212,P043,1,0,123,2024-02-03
154,P050,1,0,183,2024-12-24
503,P099,1,1,38,2024-04-26
306,P100,1,1,262,2024-10-05
475,P075,1,0,93,2024-07-18
216,P030,1,0,288,2024-08-08
344,P086,1,0,503,2024-07-29
590,P088,1,0,556,2024-04-12
245,P006,1,1,568,2024-09-28
146,P094,1,0,82,2025-03-20
353,P077,1,0,48,2024-03-16
229,P070,1,0,116,2025-02-14
106,P037,1,1,95,2024-01-26
125,P040,1,1,175,2024-02-09
178,P068,1,1,437,2025-03-03
575,P016,1,0,567,2024-02-03
483,P010,1,1,50,2024-09-09
250,P019,1,0,215,2024-09-21
357,P096,1,0,319,2024-09-24
555,P020,1,0,224,2024-11-22
202,P010,1,0,72,2025-05-04
390,P086,1,0,507,2024-04-12
206,P070,1,0,70,2024-03-22
266,P062,1,0,98,2025-05-22
160,P027,1,0,110,2024-11-12
575,P003,1,0,320,2025-04-20
443,P001,1,0,543,2024-03-31
249,P012,1,0,145,2025-06-30
336,P081,1,0,334,2024-05-19
566,P063,1,1,86,2024-08-06
597,P056,1,0,532,2025-01-12
352,P049,1,0,448,2024-07-11
410,P010,1,0,577,2024-03-22
120,P082,1,0,318,2024-04-23
437,P049,1,0,303,2024-06-22
228,P083,1,0,131,2024-12-22
246,P007,1,0,253,2024-03-25
572,P043,1,0,349,2024-02-22
311,P077,1,1,453,2024-07-08
299,P009,1,0,571,2024-09-16
517,P045,1,0,181,2024-11-26
190,P097,1,1,518,2024-11-15
558,P010,1,0,152,2025-01-07
245,P063,1,1,76,2025-04-22
399,P070,1,1,292,2025-06-17
370,P046,1,0,409,2024-10-16
360,P073,1,1,236,2024-02-29
116,P048,1,0,358,2025-03-19
332,P045,1,1,421,2024-08-01
288,P047,1,1,313,2024-05-29
537,P024,1,0,98,2025-04-11
180,P050,1,0,146,2025-01-05
308,P047,1,0,275,2025-01-26
548,P002,1,0,33,2024-02-13
143,P038,1,1,291,2024-04-23
530,P029,1,0,397,2025-06-05
432,P054,1,0,276,2024-02-11
504,P090,1,1,465,2024-04-15
549,P001,1,0,431,2025-02-22
378,P077,1,0,288,2024-04-12
349,P018,1,1,154,2024-01-08
342,P053,1,0,206,2025-05-28
469,P015,1,0,369,2024-06-14
172,P030,1,0,575,2024-05-31
193,P023,1,1,168,2024-10-17
107,P069,1,0,492,2024-11-30
544,P020,1,1,207,2025-01-01
411,P076,1,1,314,2024-02-02
101,P035,1,0,49,2024-10-01
332,P078,1,0,243,2025-01-16
556,P014,1,1,128,2024-09-09
278,P086,1,0,331,2024-07-17
264,P100,1,0,159,2024-06-17
493,P083,1,1,144,2024-01-08
506,P056,1,0,130,2025-01-03
590,P063,1,1,51,2025-04-20
369,P031,1,0,140,2024-01-18
536,P010,1,0,317,2024-04-14
419,P037,1,1,347,2024-09-05
255,P010,1,1,350,2024-05-09
503,P098,1,1,107,2024-09-25
248,P061,1,1,429,2025-04-10
248,P094,1,1,141,2024-02-07
190,P011,1,1,532,2024-08-16
112,P050,1,0,362,2025-05-24
568,P072,1,1,35,2024-08-20
338,P072,1,1,128,2024-05-29
150,P029,1,1,465,2024-09-13
577,P031,1,1,422,2024-01-15
264,P043,1,1,340,2024-12-18
569,P064,1,0,595,2024-11-09
458,P099,1,0,567,2024-10-11
196,P074,1,1,10,2025-03-05
409,P056,1,1,60,2024-11-01
284,P020,1,1,566,2025-03-15
108,P049,1,0,59,2025-02-01
270,P054,1,0,256,2024-08-27
332,P097,1,0,390,2025-03-30
558,P006,1,0,418,2024-11-21
174,P057,1,0,105,2024-08-16
315,P085,1,1,80,2024-11-02
401,P071,1,0,153,2025-01-01
213,P082,1,0,534,2024-10-14
200,P062,1,1,418,2024-06-13
428,P079,1,0,312,2024-10-02
255,P059,1,0,194,2024-11-26
511,P002,1,1,298,2024-07-07
224,P096,1,0,266,2024-06-27
209,P039,1,1,14,2024-02-02
241,P011,1,0,139,2024-11-11
157,P093,1,0,360,2024-09-09
583,P051,1,1,120,2024-12-01
374,P044,1,0,479,2024-10-15
534,P075,1,0,403,2024-06-27
528,P064,1,1,397,2024-01-16
184,P036,1,0,387,2025-04-08
132,P031,1,0,236,2024-05-27
418,P044,1,1,308,2025-01-02
193,P029,1,0,339,2024-05-22
369,P050,1,0,57,2024-10-13
111,P018,1,1,455,2025-02-05
195,P089,1,1,102,2025-03-29
181,P013,1,0,312,2024-06-09
408,P018,1,0,37,2024-11-05
145,P053,1,0,564,2024-06-30
564,P016,1,0,256,2024-06-29
561,P052,1,0,224,2025-05-01
540,P001,1,0,236,2024-05-09
520,P046,1,0,230,2024-05-04
530,P030,1,1,170,2025-05-27
124,P039,1,1,376,2024-01-08
195,P020,1,0,438,2024-04-07
444,P075,1,0,118,2024-09-02
430,P032,1,0,392,2024-08-19
351,P078,1,0,96,2024-03-04
102,P008,1,1,32,2024-07-07
463,P075,1,1,359,2025-03-16
151,P049,1,0,198,2024-12-14
293,P092,1,1,297,2025-05-19
133,P066,1,1,387,2024-12-28
597,P077,1,0,12,2025-04-05
397,P080,1,0,242,2024-01-01
247,P100,1,0,232,2024-05-19
481,P030,1,0,404,2025-04-24
339,P069,1,0,301,2024-12-05
293,P038,1,0,304,2024-09-07
328,P002,1,1,131,2024-10-29
584,P097,1,0,210,2024-04-16
572,P011,1,1,472,2025-05-25
320,P054,1,1,448,2024-12-14
130,P045,1,0,492,2025-03-04
135,P017,1,0,599,2024-06-12
384,P012,1,1,338,2025-05-03
381,P008,1,0,85,2024-03-02
180,P017,1,0,80,2024-04-26
301,P062,1,1,570,2025-03-28
113,P050,1,1,499,2025-03-13
205,P043,1,0,148,2024-06-03
202,P088,1,0,136,2024-12-30
400,P020,1,0,151,2025-01-22
520,P082,1,1,301,2025-06-08
289,P054,1,0,519,2024-03-26
143,P037,1,0,329,2024-07-16
112,P006,1,0,260,2025-04-09
526,P044,1,0,593,2024-06-01
548,P032,1,1,84,2024-07-31
174,P034,1,0,362,2025-05-29
536,P049,1,0,223,2024-05-09
598,P062,1,1,274,2024-04-15
352,P085,1,1,216,2025-05-23
312,P044,1,1,83,2024-12-15
559,P027,1,1,152,2024-02-12
149,P013,1,0,41,2025-02-01
512,P046,1,0,448,2025-02-06
250,P024,1,0,465,2024-08-13
547,P048,1,0,157,2025-05-14
194,P036,1,0,363,2024-08-13
593,P032,1,0,384,2025-02-05
261,P097,1,0,490,2025-02-24
234,P068,1,0,533,2024-10-27
402,P055,1,0,178,2024-10-12
517,P074,1,0,386,2024-05-03
112,P040,1,0,151,2024-11-18
103,P053,1,1,142,2025-03-04
268,P050,1,1,351,2024-04-22
174,P087,1,0,441,2024-05-09
485,P058,1,0,514,2024-07-02
406,P030,1,1,337,2024-01-23
415,P057,1,1,230,2024-09-20
451,P035,1,0,84,2024-05-14
395,P015,1,0,457,2025-01-15
562,P001,1,0,160,2024-07-19
250,P064,1,0,573,2024-01-07
247,P045,1,0,590,2025-04-19
540,P018,1,0,129,2025-06-16
250,P090,1,1,63,2025-04-14
113,P027,1,0,552,2024-05-17
148,P038,1,0,578,2024-05-27
497,P032,1,0,465,2024-06-08
456,P008,1,1,286,2024-11-20
133,P092,1,0,509,2025-02-13
493,P094,1,0,22,2025-02-08
201,P053,1,1,234,2024-05-23
535,P067,1,0,215,2024-01-05
158,P009,1,0,165,2024-01-28
521,P007,1,1,540,2024-10-26
358,P035,1,0,407,2024-09-16
496,P070,1,0,219,2024-08-05
317,P058,1,1,600,2025-01-25
112,P066,1,0,563,2025-02-19
356,P093,1,1,97,2024-07-30
296,P002,1,0,269,2024-10-19
557,P056,1,1,146,2024-01-25
388,P048,1,0,296,2024-02-23
159,P025,1,0,277,2025-01-13
491,P012,1,1,230,2025-01-18
126,P084,1,0,89,2024-04-20
561,P043,1,0,410,2024-04-22
344,P045,1,1,71,2024-02-19
211,P068,1,1,531,2024-02-06
247,P033,1,1,79,2024-03-03
245,P008,1,0,257,2024-03-06
279,P052,1,0,531,2024-12-14
139,P088,1,0,348,2024-07-14
368,P082,1,1,115,2024-10-08
364,P083,1,0,498,2024-11-13
335,P041,1,0,527,2024-02-21
201,P006,1,1,22,2024-04-15
573,P052,1,1,335,2025-01-25
245,P058,1,0,508,2025-04-06
382,P034,1,0,103,2024-02-08
180,P060,1,1,115,2025-02-18
560,P078,1,1,582,2024-07-28
348,P090,1,0,456,2024-04-05
155,P047,1,1,408,2025-03-10
510,P067,1,0,125,2024-03-28
392,P074,1,0,404,2025-03-25
283,P075,1,1,543,2024-07-25
440,P026,1,0,433,2024-03-08
344,P006,1,1,338,2024-01-29
271,P069,1,0,393,2024-07-13
231,P046,1,1,562,2024-03-09
402,P045,1,0,345,2025-03-26
462,P020,1,1,388,2024-09-09
287,P031,1,0,531,2024-06-16
245,P021,1,0,419,2024-05-25
149,P060,1,1,503,2024-12-09
387,P006,1,0,348,2024-10-01
576,P055,1,0,571,2025-05-11
410,P027,1,0,217,2024-01-07
178,P066,1,0,219,2024-06-10
562,P060,1,0,500,2025-01-28
321,P076,1,1,237,2024-09-18
263,P009,1,1,389,2024-03-03
185,P041,1,0,540,2025-01-14
584,P039,1,0,119,2024-09-01
103,P070,1,0,205,2024-01-08
375,P073,1,0,138,2024-01-09
428,P059,1,0,578,2024-06-19
587,P062,1,0,490,2025-04-11
571,P096,1,0,133,2025-05-28
250,P018,1,0,141,2025-05-07
435,P065,1,0,213,2024-01-02
500,P078,1,0,18,2025-03-29
565,P011,1,0,84,2024-02-19
524,P019,1,1,295,2024-05-24
200,P038,1,1,307,2025-05-15
211,P087,1,0,367,2025-05-10
535,P089,1,1,467,2025-04-25
149,P097,1,1,447,2024-05-03
448,P075,1,1,496,2024-04-20
293,P047,1,1,454,2024-12-24
496,P052,1,0,476,2025-02-20
252,P006,1,1,396,2025-06-20
538,P031,1,0,304,2024-09-29
109,P003,1,1,385,2024-06-04
183,P037,1,0,398,2025-01-08
201,P100,1,0,215,2024-07-05
166,P012,1,1,87,2024-09-21
225,P080,1,1,23,2025-04-14
111,P047,1,1,301,2025-05-04
444,P032,1,0,61,2024-04-26
272,P064,1,1,127,2024-03-25
565,P043,1,0,108,2024-02-14
136,P051,1,1,165,2025-03-05
105,P004,1,1,43,2024-05-17
306,P045,1,1,595,2024-08-01
443,P034,1,0,354,2025-04-11
543,P072,1,0,235,2024-11-22
248,P065,1,1,221,2025-01-01
352,P012,1,1,201,2024-04-20
246,P074,1,0,493,2024-04-03
519,P033,1,0,258,2025-06-01
574,P053,1,1,406,2024-10-17
448,P031,1,0,33,2024-07-31
147,P064,1,1,152,2025-02-21
317,P047,1,0,540,2024-05-25
259,P051,1,1,351,2024-09-27
540,P076,1,0,520,2024-05-11
249,P001,1,0,45,2024-05-24
111,P070,1,0,60,2024-03-29
256,P086,1,1,396,2024-01-18
264,P012,1,1,34,2024-12-12
244,P027,1,0,517,2024-04-27
306,P084,1,0,68,2024-07-21
221,P041,1,0,232,2025-01-25
407,P092,1,0,23,2024-04-01
565,P008,1,0,48,2024-02-23
370,P077,1,1,250,2024-03-08
384,P057,1,1,126,2024-01-04
515,P040,1,1,55,2024-06-26
370,P083,1,0,353,2024-10-12
134,P043,1,1,194,2024-02-21
419,P095,1,0,60,2024-09-25
462,P029,1,1,464,2025-03-03
318,P012,1,0,437,2025-02-07
188,P069,1,1,35,2025-06-08
504,P011,1,0,150,2025-03-15
367,P009,1,0,595,2024-11-06
500,P059,1,1,272,2025-04-13
534,P001,1,0,235,2024-03-16
525,P012,1,0,367,2024-08-05
446,P100,1,1,260,2024-01-09
542,P079,1,0,519,2024-07-26
410,P058,1,1,525,2024-10-24
172,P013,1,1,137,2024-11-11
172,P086,1,0,248,2025-04-30
309,P094,1,0,39,2024-04-16
308,P063,1,0,500,2024-04-10
361,P064,1,0,417,2024-05-08
437,P068,1,1,231,2025-02-22
575,P031,1,0,567,2025-06-22
564,P086,1,1,376,2024-01-26
145,P094,1,1,416,2024-06-14
336,P052,1,0,172,2024-07-07
318,P056,1,0,464,2025-06-11
526,P089,1,1,21,2024-07-18
330,P083,1,0,97,2025-02-08
519,P042,1,0,201,2024-01-01
338,P038,1,1,257,2024-11-21
390,P069,1,0,148,2024-11-27
275,P080,1,0,501,2025-04-21
178,P056,1,0,517,2025-01-24
252,P004,1,1,202,2025-01-13
592,P095,1,1,35,2024-11-20
116,P010,1,1,307,2024-05-07
496,P057,1,0,406,2024-12-03
348,P071,1,1,202,2024-03-12
589,P018,1,1,370,2025-02-09
280,P012,1,1,555,2025-03-27
142,P083,1,0,325,2025-06-22
320,P006,1,0,379,2024-02-14
103,P092,1,1,198,2024-09-25
239,P077,1,1,195,2025-06-19
586,P058,1,1,513,2024-12-23
428,P060,1,0,248,2024-01-18
497,P019,1,1,210,2024-01-19
164,P014,1,1,163,2024-12-14
425,P002,1,0,529,2025-02-04
528,P081,1,0,515,2024-10-08
188,P074,1,0,421,2024-12-18
177,P024,1,0,242,2024-07-12
309,P078,1,0,131,2024-01-17
297,P022,1,0,23,2025-05-25
428,P026,1,0,149,2024-09-24
503,P023,1,0,443,2024-05-22
233,P090,1,1,472,2025-01-07
223,P061,1,1,305,2024-01-26
458,P042,1,0,104,2024-10-10
257,P051,1,1,386,2025-02-21
448,P100,1,0,271,2024-02-20
469,P049,1,1,514,2024-08-01
286,P083,1,0,269,2025-01-16
213,P033,1,0,77,2024-10-14
295,P084,1,0,572,2025-03-04
282,P066,1,0,284,2025-06-02
202,P038,1,1,244,2024-12-27
436,P071,1,0,173,2025-03-02
527,P064,1,0,454,2025-02-05
525,P039,1,1,330,2024-09-03
179,P004,1,1,481,2025-04-29
287,P068,1,0,14,2025-06-04
562,P078,1,0,259,2024-06-11
496,P084,1,0,584,2024-08-11
437,P084,1,0,317,2024-09-06
547,P094,1,0,355,2024-02-02
283,P004,1,1,322,2024-11-22
510,P008,1,0,42,2024-06-28
373,P035,1,0,484,2024-06-18
476,P002,1,0,478,2024-07-20
244,P023,1,1,210,2024-02-16
457,P060,1,0,242,2025-05-16
565,P019,1,1,332,2024-10-03
426,P045,1,1,14,2024-09-04
388,P004,1,0,441,2024-05-21
272,P072,1,0,122,2024-12-28
120,P087,1,0,14,2024-11-03
276,P003,1,1,199,2024-04-06
260,P027,1,0,242,2024-03-07
172,P060,1,1,281,2024-08-26
523,P029,1,0,348,2024-07-11
141,P093,1,1,112,2024-04-24
173,P031,1,1,371,2024-01-30
241,P022,1,0,376,2024-07-08
554,P059,1,0,162,2025-03-20
531,P087,1,0,197,2024-12-18
157,P089,1,0,546,2025-01-07
354,P029,1,1,207,2024-12-24
279,P038,1,0,92,2024-09-22
424,P097,1,0,51,2024-03-23
400,P030,1,0,106,2024-03-21
345,P086,1,0,362,2025-01-01
261,P097,1,1,235,2025-04-09
458,P005,1,0,148,2025-04-30
196,P070,1,0,435,2025-04-11
203,P032,1,0,266,2025-01-29
149,P018,1,0,335,2025-05-02
292,P055,1,1,180,2025-03-11
232,P013,1,0,444,2024-01-30
364,P033,1,1,131,2025-06-07
600,P084,1,0,411,2024-06-12
108,P076,1,1,70,2025-03-10
393,P030,1,0,451,2024-09-03
111,P031,1,1,354,2024-03-16
324,P096,1,0,70,2024-11-14
272,P005,1,1,347,2024-05-26
570,P017,1,1,438,2025-03-27
217,P087,1,0,187,2024-08-08
244,P030,1,1,579,2025-06-27
591,P005,1,0,524,2024-12-18
536,P012,1,1,308,2024-06-04
130,P019,1,0,258,2025-02-14
253,P047,1,0,158,2024-06-28
503,P093,1,0,119,2024-09-09
231,P017,1,0,380,2025-01-14
327,P049,1,0,199,2024-03-06
157,P092,1,0,309,2024-01-25
484,P037,1,1,274,2024-07-17
559,P011,1,1,217,2024-11-02
228,P056,1,1,391,2024-08-18
569,P011,1,0,170,2025-05-10
348,P016,1,1,119,2024-11-24
109,P053,1,0,127,2025-04-23
410,P017,1,0,357,2024-03-06
566,P058,1,0,175,2025-06-05
158,P055,1,0,95,2024-02-24
475,P065,1,0,244,2024-06-08
181,P013,1,1,573,2024-09-09
304,P073,1,0,339,2025-03-29
212,P087,1,0,455,2025-05-10
159,P099,1,0,377,2024-05-20
390,P066,1,1,472,2025-05-14
101,P057,1,1,309,2024-12-20
536,P077,1,1,92,2025-01-17
543,P026,1,0,270,2024-10-07
263,P007,1,0,191,2024-01-07
168,P100,1,1,396,2025-06-17
225,P072,1,0,578,2024-02-05
555,P028,1,1,327,2024-12-20
551,P008,1,0,333,2025-05-30
305,P058,1,0,58,2024-08-31
433,P100,1,0,288,2024-01-09
410,P100,1,1,220,2024-10-06
309,P088,1,1,480,2024-12-22
253,P081,1,0,559,2024-05-29
223,P055,1,1,527,2024-04-08
123,P010,1,0,572,2024-05-15
329,P023,1,0,59,2024-11-17
152,P032,1,0,297,2025-01-19
131,P013,1,1,327,2024-06-12
177,P001,1,0,250,2024-06-22
286,P031,1,0,42,2024-07-20
451,P094,1,0,406,2025-06-19
163,P093,1,1,430,2024-08-15
313,P002,1,0,560,2024-03-29
433,P090,1,0,261,2025-01-24
408,P002,1,0,532,2024-11-09
432,P063,1,0,503,2024-07-07
124,P006,1,0,372,2024-05-12
142,P033,1,1,112,2024-02-21
595,P061,1,0,477,2024-04-26
323,P031,1,0,584,2025-01-08
547,P004,1,1,555,2024-11-24
154,P024,1,0,479,2024-01-07
371,P048,1,0,122,2024-03-23
419,P034,1,1,321,2025-01-05
233,P047,1,0,493,2024-05-25
416,P051,1,0,356,2025-02-02
522,P015,1,1,200,2025-04-09
320,P064,1,0,251,2025-03-25
329,P094,1,1,129,2025-05-28
357,P054,1,0,445,2024-09-03
400,P046,1,0,119,2024-05-17
480,P052,1,0,461,2024-08-12
582,P004,1,0,382,2025-05-21
207,P059,1,0,210,2025-06-21
345,P096,1,0,57,2024-06-18
474,P018,1,0,305,2025-01-24
593,P009,1,0,314,2025-02-04
554,P049,1,0,516,2025-03-10
205,P094,1,0,10,2024-10-30
588,P088,1,0,83,2025-04-13
314,P100,1,0,315,2024-06-27
421,P086,1,0,393,2024-07-09
252,P066,1,0,125,2025-02-10
373,P095,1,0,222,2025-03-01
235,P062,1,0,266,2025-02-01
261,P049,1,1,588,2025-01-31
404,P066,1,0,32,2024-08-09
294,P071,1,1,246,2024-01-04
115,P036,1,1,235,2025-05-13
450,P078,1,1,243,2025-02-15
474,P030,1,1,90,2024-12-18
396,P024,1,1,158,2024-04-26
439,P083,1,0,504,2024-02-29
297,P043,1,1,238,2024-10-13
133,P006,1,0,61,2025-01-21
481,P088,1,0,106,2024-03-24
379,P058,1,0,141,2025-06-09
181,P036,1,0,137,2025-06-15
199,P003,1,0,559,2024-04-26
329,P090,1,1,420,2024-02-24
535,P062,1,0,468,2025-06-22
414,P094,1,1,543,2024-09-15
527,P074,1,0,301,2025-04-04
420,P077,1,0,333,2024-06-14
577,P018,1,0,512,2024-05-07
157,P036,1,1,429,2024-12-09
314,P046,1,1,107,2024-04-14
582,P002,1,0,88,2025-05-19
209,P081,1,1,330,2025-02-20
542,P032,1,0,427,2024-07-23
525,P013,1,0,482,2025-01-10
527,P046,1,0,192,2025-02-28
153,P054,1,1,322,2025-02-24
212,P063,1,1,529,2024-03-13
146,P074,1,0,548,2024-02-24
301,P068,1,0,58,2024-04-26
491,P027,1,1,23,2025-05-26
140,P055,1,0,366,2024-07-12
508,P088,1,1,185,2024-04-27
300,P029,1,1,209,2025-03-07
572,P016,1,0,88,2025-04-26
415,P068,1,0,284,2024-02-07
487,P006,1,0,67,2024-09-05
344,P087,1,0,375,2024-10-29
291,P067,1,0,525,2024-08-18
275,P089,1,0,250,2024-05-06
179,P062,1,0,233,2024-06-06
175,P042,1,0,118,2025-03-24
515,P035,1,0,198,2024-11-26
386,P009,1,1,270,2025-05-20
545,P054,1,0,118,2024-07-05
462,P025,1,0,48,2024-05-04
457,P070,1,0,248,2024-09-24
284,P034,1,0,222,2024-09-14
263,P030,1,0,331,2025-02-02
212,P100,1,0,258,2024-01-09
559,P099,1,0,419,2025-06-17
439,P095,1,0,57,2025-03-14
457,P085,1,0,381,2025-04-20
170,P081,1,0,42,2024-06-29
460,P014,1,0,505,2024-07-11
269,P084,1,0,438,2025-02-14
361,P009,1,0,221,2024-08-08
594,P080,1,0,206,2025-03-15
332,P004,1,0,149,2024-05-03
346,P085,1,0,310,2024-01-12
462,P024,1,0,145,2024-06-24
431,P022,1,1,286,2024-04-06
453,P079,1,1,245,2024-03-03
311,P087,1,0,199,2024-08-28
323,P041,1,0,24,2024-04-06
557,P070,1,0,327,2024-10-24
238,P022,1,0,576,2024-10-04
180,P086,1,1,41,2024-06-10
455,P036,1,0,386,2024-01-08
458,P077,1,0,459,2025-02-25
280,P090,1,0,130,2025-06-11
319,P085,1,0,354,2025-03-02
241,P002,1,1,599,2024-10-18
153,P040,1,0,369,2024-07-16
418,P070,1,1,76,2024-07-16
340,P005,1,0,328,2024-05-17
254,P042,1,0,67,2025-06-04
566,P023,1,0,87,2024-03-13
114,P083,1,0,335,2025-01-27
264,P079,1,0,195,2024-06-28
119,P082,1,0,257,2025-05-06
296,P092,1,0,453,2025-03-09
408,P023,1,0,593,2024-12-21
220,P030,1,1,402,2024-04-05
392,P033,1,0,76,2024-07-15
412,P087,1,0,246,2024-11-08
165,P036,1,1,162,2024-10-28
102,P049,1,0,191,2025-06-08
482,P025,1,0,429,2024-07-14
204,P039,1,1,539,2024-08-23
588,P031,1,0,223,2025-04-28
290,P014,1,1,549,2025-01-25
324,P079,1,0,48,2025-06-03
323,P100,1,0,304,2024-06-28
246,P032,1,1,585,2024-06-29
297,P080,1,0,577,2024-12-03
276,P003,1,0,285,2024-07-28
275,P003,1,1,365,2024-06-16
599,P098,1,1,545,2025-01-17
412,P035,1,0,18,2024-09-11
392,P055,1,1,442,2024-10-17
268,P027,1,0,108,2025-04-26
308,P043,1,0,274,2025-04-13
164,P071,1,1,216,2024-01-05
120,P098,1,1,358,2024-10-07
170,P071,1,1,476,2024-08-05
579,P036,1,0,421,2025-01-21
365,P056,1,0,470,2024-09-21
334,P003,1,0,119,2025-04-13
459,P083,1,0,453,2024-02-22
144,P034,1,1,460,2024-03-25
142,P004,1,0,546,2024-09-23
508,P092,1,0,115,2024-12-10
301,P062,1,0,438,2025-03-18
473,P042,1,0,356,2024-03-19
378,P094,1,1,442,2024-01-21
452,P013,1,0,513,2024-10-26
234,P073,1,1,195,2024-07-28
246,P089,1,0,386,2025-03-21
395,P067,1,0,29,2024-10-11
266,P098,1,0,353,2025-02-22
310,P091,1,1,244,2025-05-11
276,P040,1,0,148,2024-09-27
562,P023,1,1,455,2024-03-14
342,P090,1,1,181,2024-12-05
511,P058,1,0,317,2024-02-04
533,P017,1,0,67,2024-09-03
376,P042,1,1,512,2025-03-14
482,P023,1,0,318,2025-06-10
505,P010,1,1,431,2024-09-12
365,P083,1,0,596,2024-09-07
489,P096,1,0,582,2024-02-23
444,P050,1,0,340,2025-06-08
280,P029,1,0,96,2024-01-23
495,P011,1,0,459,2025-01-21
408,P043,1,0,223,2024-01-02
489,P038,1,1,525,2025-01-12
176,P091,1,0,480,2024-12-24
369,P049,1,0,59,2024-08-09
299,P042,1,0,160,2024-02-22
585,P025,1,1,442,2024-08-08
230,P039,1,1,298,2024-08-04
422,P077,1,0,422,2025-06-04
500,P077,1,0,260,2024-08-26
154,P069,1,0,164,2024-07-19
214,P048,1,0,441,2024-03-31
345,P092,1,1,58,2025-04-04
552,P029,1,0,467,2024-11-04
244,P046,1,0,482,2025-03-14
189,P087,1,0,149,2025-02-01
226,P051,1,0,561,2024-11-16
457,P006,1,1,577,2025-05-15
517,P064,1,0,517,2025-01-18
414,P035,1,1,303,2024-09-02
582,P037,1,1,352,2024-05-21
401,P046,1,0,466,2025-04-15
504,P033,1,0,255,2025-05-02
300,P060,1,0,580,2025-05-01
245,P004,1,0,163,2024-01-24
591,P062,1,0,488,2024-12-29
142,P040,1,1,465,2024-12-25
203,P039,1,0,87,2024-11-20
487,P061,1,0,222,2024-03-01
419,P076,1,0,43,2024-02-17
393,P036,1,1,44,2025-02-22
291,P051,1,0,528,2024-06-02
224,P096,1,0,279,2024-12-17
226,P068,1,0,442,2025-01-09
226,P044,1,0,215,2024-05-13
583,P053,1,0,42,2024-01-14
542,P005,1,0,487,2024-01-30
538,P074,1,1,90,2024-03-12
131,P095,1,0,325,2025-01-05
523,P054,1,0,90,2025-05-28
391,P076,1,1,418,2024-11-17
142,P012,1,1,114,2024-11-21
358,P028,1,1,468,2024-10-10
306,P055,1,0,329,2024-11-09
341,P058,1,0,105,2025-06-06
430,P098,1,1,428,2025-06-07
350,P086,1,0,297,2025-04-17
476,P075,1,0,419,2025-01-27
381,P019,1,1,26,2025-01-16
465,P018,1,0,423,2024-12-17
408,P076,1,0,27,2025-06-23
429,P080,1,0,292,2024-06-17
460,P030,1,1,247,2024-01-04
474,P024,1,1,200,2025-05-23
317,P037,1,0,333,2024-10-11
530,P062,1,1,257,2025-03-08
190,P020,1,0,269,2024-02-26
282,P009,1,0,100,2025-06-28
299,P049,1,0,325,2025-05-11
258,P058,1,0,228,2024-04-02
230,P059,1,1,522,2024-12-13
186,P034,1,0,316,2024-11-05
524,P017,1,0,202,2024-12-01
411,P034,1,0,115,2024-01-18
577,P096,1,1,180,2024-08-19
501,P065,1,0,241,2024-12-31
143,P069,1,1,426,2025-02-27
259,P064,1,0,319,2024-04-07
205,P012,1,0,385,2024-03-19
359,P087,1,0,18,2024-05-24
282,P066,1,0,210,2024-09-30
562,P054,1,0,557,2024-03-21
279,P027,1,1,549,2025-01-08
427,P022,1,1,131,2025-05-15
382,P078,1,0,361,2024-02-29
515,P074,1,1,320,2024-03-18
570,P022,1,1,394,2024-12-04
285,P067,1,0,395,2025-04-16
277,P098,1,1,192,2024-08-08
376,P027,1,0,235,2024-11-14
373,P098,1,1,103,2024-02-12
475,P008,1,0,555,2024-03-07
520,P034,1,0,203,2024-09-22
166,P091,1,1,187,2024-11-15
569,P021,1,0,388,2025-04-19
482,P031,1,0,114,2024-06-26
133,P066,1,0,168,2025-04-28
564,P025,1,0,102,2024-03-30
252,P093,1,0,100,2024-07-20
228,P011,1,0,374,2025-01-06
201,P007,1,0,338,2024-08-16
120,P025,1,0,324,2024-10-30
106,P058,1,0,555,2024-03-31
444,P092,1,0,58,2025-02-21
285,P079,1,1,320,2024-11-16
264,P059,1,0,452,2024-08-31
484,P040,1,0,320,2024-05-02
501,P072,1,1,198,2024-04-10
173,P053,1,1,283,2024-12-15
179,P008,1,0,324,2024-03-25
579,P080,1,1,115,2024-01-24
315,P014,1,1,401,2025-01-24
454,P079,1,0,27,2024-03-01
559,P097,1,1,549,2024-05-15
182,P086,1,0,147,2024-05-06
308,P069,1,0,437,2025-05-30
574,P017,1,0,95,2025-05-26
283,P082,1,0,184,2025-01-25
528,P080,1,1,400,2024-05-29
116,P068,1,0,287,2025-05-23
394,P091,1,0,13,2024-01-12
277,P073,1,0,152,2024-12-26
353,P017,1,0,574,2025-04-11
126,P091,1,0,171,2024-05-29
116,P006,1,1,484,2024-09-30
387,P044,1,1,515,2024-05-11
231,P025,1,1,484,2024-05-05
175,P079,1,0,100,2024-10-29
272,P024,1,1,55,2024-12-05
447,P066,1,1,33,2024-05-30
568,P081,1,1,419,2024-01-17
513,P049,1,0,304,2024-01-30
189,P024,1,0,23,2025-03-04
501,P046,1,0,498,2024-09-26
331,P052,1,1,359,2024-02-12
468,P075,1,0,273,2024-03-26
425,P065,1,1,527,2024-12-04
324,P051,1,1,275,2024-07-28
119,P013,1,0,347,2024-12-28
321,P018,1,0,537,2025-05-18
372,P066,1,1,463,2025-01-25
278,P055,1,1,253,2024-03-16
206,P050,1,1,63,2025-03-02
432,P017,1,0,33,2024-03-31
151,P094,1,0,579,2025-01-26
105,P036,1,0,293,2025-04-02
563,P011,1,1,25,2024-08-07
361,P003,1,0,347,2024-05-04
490,P093,1,1,272,2025-06-17
401,P098,1,0,261,2024-06-21
587,P092,1,1,306,2024-11-11
138,P076,1,1,134,2024-09-22
336,P073,1,1,58,2025-01-05
220,P040,1,0,141,2024-09-02
402,P046,1,0,428,2025-04-30
211,P082,1,0,587,2024-12-05
474,P029,1,0,413,2025-05-20
105,P072,1,0,532,2025-06-13
307,P081,1,1,433,2024-12-05
295,P089,1,1,162,2024-06-19
289,P100,1,1,557,2024-07-09
547,P021,1,1,178,2024-01-02
490,P098,1,0,549,2024-08-11
179,P032,1,0,224,2024-02-12
324,P066,1,1,361,2025-03-13
375,P094,1,0,442,2025-05-11
565,P053,1,1,517,2025-05-29
110,P079,1,0,295,2024-11-27
511,P071,1,0,501,2024-10-02
476,P036,1,1,343,2025-05-01
272,P019,1,0,246,2024-12-31
426,P026,1,0,499,2024-11-26
560,P045,1,1,347,2024-06-11
573,P065,1,1,510,2024-10-08
376,P091,1,0,293,2024-03-30
596,P088,1,0,308,2025-06-23
298,P088,1,0,448,2025-03-30
266,P098,1,0,130,2025-05-19
318,P033,1,0,239,2024-10-01
414,P053,1,0,335,2024-03-14
493,P046,1,1,456,2024-11-14
555,P015,1,1,422,2025-03-27
372,P077,1,0,253,2024-01-09
568,P007,1,1,221,2024-12-25
478,P065,1,0,72,2024-04-22
303,P025,1,0,97,2024-12-01
395,P061,1,1,168,2024-06-25
573,P036,1,0,139,2025-06-20
244,P098,1,1,230,2024-11-08
496,P085,1,1,181,2025-05-06
296,P053,1,1,59,2025-06-16
493,P033,1,0,60,2024-03-25
512,P082,1,1,44,2024-10-08
105,P027,1,0,317,2024-01-06
137,P043,1,0,459,2024-09-04
292,P068,1,0,419,2025-05-12
154,P045,1,0,277,2024-10-06
314,P003,1,0,260,2024-06-06
557,P051,1,0,457,2025-05-11
539,P035,1,1,422,2024-05-21
354,P018,1,0,350,2024-07-30
303,P090,1,0,597,2024-03-05
155,P077,1,1,166,2025-06-27
521,P045,1,0,465,2024-06-06
512,P065,1,0,53,2024-06-23
144,P046,1,0,232,2024-09-08
541,P003,1,1,519,2025-04-09
275,P041,1,1,152,2024-04-01
569,P021,1,0,196,2025-03-02
234,P028,1,1,389,2025-02-11
345,P083,1,1,283,2024-10-22
484,P051,1,0,466,2024-01-23
526,P062,1,0,94,2024-04-12
411,P065,1,0,477,2025-05-09
292,P048,1,0,166,2024-10-10
254,P013,1,0,179,2024-12-13
206,P087,1,0,449,2024-10-09
418,P070,1,0,542,2024-09-07
365,P100,1,1,354,2025-05-02
240,P057,1,0,454,2024-12-24
295,P100,1,0,47,2025-05-07
110,P047,1,0,320,2024-09-26
433,P091,1,0,323,2024-08-15
493,P056,1,1,492,2025-05-19
153,P044,1,0,587,2024-06-27
587,P019,1,1,12,2024-09-29
494,P079,1,0,508,2025-02-18
585,P089,1,0,315,2024-04-25
278,P027,1,0,484,2025-04-22
164,P007,1,1,58,2024-04-22
164,P043,1,1,268,2025-04-18
333,P030,1,0,279,2024-09-03
440,P010,1,1,278,2025-05-10
169,P023,1,0,384,2025-04-24
593,P065,1,0,420,2024-09-17
154,P029,1,0,286,2025-05-14
259,P013,1,0,556,2024-12-02
549,P084,1,0,488,2024-08-07
418,P086,1,0,165,2024-08-31
541,P019,1,1,385,2025-01-16
279,P071,1,0,362,2025-05-12
483,P077,1,0,509,2025-01-05
576,P065,1,0,428,2025-02-16
123,P020,1,1,278,2024-04-30
498,P025,1,0,181,2024-09-01
210,P095,1,1,319,2025-03-30
101,P039,1,0,486,2024-04-14
229,P052,1,1,465,2024-04-08
231,P094,1,0,510,2024-09-08
599,P038,1,0,579,2024-12-23
466,P041,1,1,358,2024-02-12
366,P092,1,0,521,2024-10-17
291,P092,1,0,47,2024-05-05
337,P004,1,0,407,2024-04-13
110,P010,1,0,366,2024-02-01
438,P006,1,0,458,2024-02-06
582,P050,1,0,596,2024-10-03
395,P005,1,0,566,2025-03-18
459,P077,1,0,551,2024-11-16
261,P088,1,0,417,2024-06-08
157,P096,1,0,252,2025-03-10
328,P052,1,1,265,2024-12-27
202,P055,1,0,255,2025-01-11
551,P087,1,0,549,2025-02-21
124,P063,1,0,475,2024-05-11
169,P069,1,1,229,2024-10-03
499,P011,1,0,246,2024-12-19
520,P014,1,0,17,2024-03-17
240,P025,1,0,489,2024-11-13
185,P064,1,1,327,2024-08-20
322,P052,1,1,240,2024-11-17
346,P092,1,1,591,2025-02-27
327,P099,1,0,284,2025-06-16
594,P003,1,0,21,2024-02-22
569,P059,1,1,243,2025-01-07
497,P081,1,0,383,2024-06-06
300,P004,1,1,188,2024-12-16
193,P086,1,0,252,2025-04-27
515,P076,1,0,79,2024-05-24
554,P065,1,1,409,2025-03-15
581,P075,1,0,100,2024-05-09
445,P017,1,0,180,2024-03-18
236,P081,1,1,180,2024-11-26
544,P021,1,0,94,2024-04-20
400,P063,1,1,569,2024-05-30
532,P043,1,1,323,2025-02-07
489,P098,1,0,472,2024-09-27
423,P081,1,0,396,2025-01-16
459,P028,1,0,393,2024-11-20
244,P037,1,0,122,2025-06-17
150,P099,1,1,555,2024-12-16
144,P028,1,0,470,2024-07-11
362,P003,1,1,356,2024-05-27
130,P027,1,1,562,2024-04-12
454,P076,1,0,465,2025-03-15
363,P039,1,0,559,2024-10-13
542,P064,1,0,276,2025-01-26
444,P018,1,0,38,2024-03-17
234,P085,1,1,259,2024-07-22
225,P042,1,0,71,2024-04-09
157,P024,1,0,183,2024-07-31
567,P050,1,0,210,2024-01-02
361,P062,1,0,308,2025-04-24
565,P062,1,0,596,2024-01-11
316,P085,1,1,504,2025-03-21
156,P070,1,0,486,2025-01-21
174,P095,1,1,392,2024-01-03
348,P054,1,1,504,2024-03-08
426,P054,1,0,106,2025-05-25
176,P006,1,0,568,2025-06-20
533,P067,1,0,584,2024-02-20
437,P039,1,0,523,2025-02-03
517,P074,1,0,55,2024-08-19
554,P086,1,0,406,2024-10-31
436,P043,1,0,272,2025-03-15
340,P039,1,0,95,2025-02-14
119,P042,1,1,246,2024-01-21
299,P033,1,1,43,2025-05-13
431,P002,1,0,315,2024-05-13
273,P085,1,0,471,2024-02-24
164,P071,1,0,392,2024-04-12
197,P051,1,1,155,2025-02-04
338,P002,1,0,293,2024-06-28
161,P043,1,0,78,2024-09-11
427,P051,1,1,151,2024-12-15
588,P022,1,0,13,2024-05-23
190,P015,1,0,595,2024-01-26
382,P091,1,1,476,2025-01-10
506,P036,1,1,20,2024-05-24
543,P078,1,0,213,2025-01-11
380,P030,1,1,315,2024-07-15
450,P080,1,1,94,2024-01-05
310,P047,1,0,255,2024-11-30
536,P011,1,0,328,2024-12-12
571,P033,1,0,597,2024-08-10
496,P089,1,1,363,2024-05-05
114,P021,1,1,93,2024-11-07
125,P098,1,0,164,2024-09-07
197,P012,1,1,348,2025-01-11
363,P082,1,1,503,2024-01-13
578,P029,1,0,474,2024-04-12
353,P064,1,0,507,2024-01-28
199,P005,1,0,430,2025-05-27
332,P008,1,1,320,2024-03-16
167,P033,1,1,401,2024-01-05
269,P012,1,0,269,2024-08-25
490,P082,1,1,578,2024-11-24
207,P031,1,0,404,2024-09-22
160,P097,1,1,474,2025-02-17
335,P060,1,1,456,2024-03-03
105,P050,1,0,239,2024-11-13
267,P084,1,1,475,2024-08-26
532,P011,1,1,493,2024-08-30
123,P030,1,0,191,2024-09-27
398,P054,1,1,472,2024-12-07
568,P097,1,0,280,2024-12-14
160,P100,1,0,319,2024-10-14
560,P069,1,0,320,2025-03-25
472,P028,1,0,564,2024-04-04
277,P050,1,0,359,2024-10-23
184,P062,1,0,475,2025-01-03
519,P075,1,1,316,2025-05-03
312,P016,1,0,120,2024-02-22
348,P074,1,0,411,2024-11-10
552,P058,1,0,306,2024-12-25
315,P044,1,0,163,2025-06-08
390,P059,1,0,180,2025-01-31
450,P074,1,0,313,2025-06-03
273,P035,1,1,35,2024-07-27
397,P002,1,1,529,2024-09-21
590,P088,1,0,551,2024-12-23
480,P054,1,0,454,2025-01-23
471,P076,1,1,196,2025-02-21
135,P028,1,1,145,2025-02-23
501,P071,1,0,44,2025-03-29
553,P057,1,0,459,2025-01-18
340,P006,1,1,220,2025-02-20
174,P049,1,0,518,2025-04-24
402,P024,1,1,464,2024-03-12
444,P011,1,0,458,2024-09-01
284,P016,1,0,577,2025-03-05
189,P024,1,1,43,2025-02-20
377,P084,1,0,304,2024-07-25
184,P030,1,0,257,2024-02-23
504,P019,1,0,245,2024-09-15
244,P049,1,0,420,2024-01-29
528,P049,1,1,274,2024-08-20
449,P001,1,0,362,2024-05-13
198,P044,1,0,560,2025-02-05
266,P100,1,0,322,2024-04-02
170,P065,1,0,258,2025-05-08
467,P007,1,0,401,2024-09-28
230,P068,1,1,354,2024-10-21
373,P062,1,0,261,2024-04-19
160,P075,1,1,542,2024-01-11
232,P022,1,0,368,2024-11-14
564,P019,1,1,16,2024-11-27
227,P057,1,0,319,2024-05-15
287,P043,1,0,501,2025-03-10
382,P068,1,1,467,2025-02-10
115,P087,1,0,53,2024-08-22
470,P076,1,0,182,2024-05-05
228,P010,1,0,45,2024-04-05
419,P092,1,0,583,2025-02-14
594,P054,1,0,600,2024-05-14
377,P061,1,1,547,2025-05-10
182,P067,1,0,217,2024-03-19
229,P021,1,0,591,2025-01-05
509,P053,1,0,600,2024-04-25
343,P086,1,1,411,2024-11-13
254,P015,1,0,18,2024-08-28
200,P098,1,0,564,2025-06-02
104,P061,1,0,29,2024-11-27
141,P090,1,0,193,2025-06-23
350,P040,1,0,91,2024-06-02
581,P003,1,0,173,2024-01-04
143,P093,1,0,379,2024-10-31
288,P035,1,0,417,2024-10-09
372,P064,1,1,150,2024-03-10
129,P035,1,0,435,2024-05-14
548,P060,1,0,28,2024-04-10
283,P022,1,0,594,2025-04-03
230,P036,1,0,62,2024-08-23
545,P093,1,0,66,2025-05-07
374,P099,1,0,309,2024-07-12
204,P002,1,1,391,2025-06-03
588,P064,1,0,253,2024-08-09
304,P069,1,1,20,2025-03-12
126,P012,1,0,353,2025-04-01
405,P020,1,0,147,2025-02-14
349,P010,1,0,554,2024-12-16
357,P091,1,0,481,2024-01-08
149,P047,1,0,119,2025-03-18
355,P078,1,0,145,2024-01-29
417,P017,1,0,85,2024-05-13
124,P016,1,1,168,2024-12-27
165,P031,1,0,162,2025-04-05
531,P001,1,0,599,2024-07-21
487,P062,1,1,358,2025-06-01
183,P076,1,0,361,2025-01-15
569,P042,1,0,89,2025-03-15
532,P028,1,1,464,2024-03-26
245,P077,1,0,29,2025-04-22
272,P059,1,0,123,2024-11-13
569,P024,1,0,584,2025-04-23
524,P031,1,1,431,2024-06-11
298,P017,1,0,91,2025-06-13
574,P070,1,0,81,2024-07-01
254,P084,1,1,491,2025-04-05
221,P098,1,1,454,2025-04-17
346,P022,1,0,314,2024-07-14
426,P040,1,0,360,2024-11-07
419,P060,1,1,517,2024-06-17
410,P049,1,0,497,2024-04-22
273,P052,1,1,324,2024-08-16
558,P067,1,1,54,2024-06-09
415,P074,1,0,241,2024-10-03
576,P069,1,1,29,2024-10-30
165,P038,1,0,438,2024-02-21
421,P004,1,1,61,2024-10-20
105,P077,1,0,439,2024-12-28
348,P030,1,0,435,2024-05-10
248,P022,1,0,401,2024-05-21
165,P047,1,0,167,2024-02-03
214,P053,1,1,246,2024-02-24
405,P098,1,0,284,2024-03-01
568,P013,1,1,350,2024-05-31
339,P031,1,0,126,2025-04-16
195,P024,1,0,328,2024-03-08
233,P063,1,0,441,2024-01-14
550,P002,1,1,77,2025-06-18
237,P017,1,1,238,2024-08-10
269,P079,1,1,289,2025-04-04
511,P040,1,0,171,2024-09-05
528,P098,1,1,340,2025-03-03
451,P054,1,1,502,2025-05-03
509,P011,1,0,265,2024-01-21
505,P022,1,0,451,2024-06-16
480,P039,1,0,251,2025-02-16
267,P002,1,0,217,2024-05-26
410,P073,1,0,598,2024-02-08
461,P082,1,0,452,2024-11-03
532,P059,1,0,79,2024-11-15
255,P019,1,0,525,2025-05-15
228,P095,1,1,342,2024-11-21
234,P085,1,0,300,2024-06-29
429,P032,1,0,420,2025-05-19
407,P019,1,1,72,2025-03-19
327,P047,1,0,594,2024-08-18
419,P026,1,0,246,2025-02-13
401,P003,1,0,337,2024-08-05
479,P100,1,1,197,2024-12-21
190,P066,1,0,581,2024-08-15
272,P059,1,0,264,2025-06-07
151,P029,1,0,30,2025-05-07
220,P036,1,0,264,2024-08-01
126,P024,1,0,443,2024-11-13
152,P023,1,0,310,2025-05-02
578,P033,1,0,593,2025-01-18
198,P092,1,0,171,2024-02-26
224,P030,1,0,55,2024-11-27
569,P010,1,0,59,2024-05-08
228,P017,1,0,108,2024-01-30
350,P091,1,0,384,2024-12-31
267,P069,1,0,65,2024-09-30
425,P090,1,0,289,2024-06-04
178,P083,1,1,316,2024-12-15
302,P040,1,0,90,2024-06-09
291,P048,1,0,144,2024-11-24
220,P066,1,0,507,2025-06-13
139,P076,1,0,265,2024-12-19
563,P003,1,0,238,2024-11-13
413,P033,1,0,491,2024-04-22
271,P089,1,0,331,2025-01-01
355,P016,1,0,452,2024-08-24
189,P066,1,1,144,2024-10-11
310,P032,1,0,450,2024-05-03
482,P053,1,0,86,2025-01-08
557,P092,1,0,253,2024-11-19
168,P002,1,0,479,2025-03-22
582,P010,1,0,52,2024-10-23
179,P008,1,0,585,2025-01-29
357,P046,1,1,440,2025-04-01
336,P010,1,0,204,2024-08-08
455,P055,1,0,527,2024-02-13
482,P098,1,1,48,2024-04-21
123,P011,1,0,437,2024-04-08
535,P007,1,1,231,2024-06-01
349,P066,1,1,522,2024-04-10
376,P077,1,0,49,2024-10-14
510,P051,1,1,127,2025-01-30
581,P032,1,1,545,2024-04-26
309,P066,1,0,558,2024-12-26
146,P068,1,1,371,2025-03-06
577,P077,1,0,368,2024-02-06
439,P076,1,0,352,2025-02-13
489,P072,1,1,174,2025-01-24
346,P023,1,1,45,2024-01-13
346,P020,1,1,509,2024-06-09
522,P001,1,1,577,2024-04-24
445,P086,1,0,468,2024-06-07
424,P025,1,0,225,2024-12-26
316,P037,1,0,487,2025-06-12
215,P094,1,1,39,2025-06-30
214,P007,1,0,464,2025-06-16
490,P077,1,1,593,2025-01-15
153,P083,1,0,364,2024-10-17
412,P071,1,0,431,2025-04-17
557,P011,1,0,406,2025-05-07
235,P073,1,0,455,2025-01-23
370,P066,1,1,437,2025-04-05
291,P009,1,1,355,2025-05-18
558,P013,1,0,445,2024-11-07
282,P056,1,0,369,2025-01-09
521,P052,1,0,320,2024-09-11
575,P097,1,0,525,2024-02-19
570,P081,1,1,459,2024-08-02
402,P019,1,0,43,2024-05-17
279,P068,1,0,448,2024-12-05
489,P028,1,0,490,2025-05-03
347,P031,1,0,214,2024-04-11
294,P064,1,1,580,2025-05-07
156,P076,1,0,435,2024-04-20
291,P037,1,1,502,2024-06-06
107,P014,1,0,278,2024-02-28
171,P048,1,0,355,2024-11-24
113,P085,1,0,360,2024-10-29
403,P005,1,1,47,2024-08-01
391,P064,1,0,479,2024-08-30
367,P066,1,0,148,2024-11-13
294,P013,1,0,229,2024-01-14
204,P099,1,0,264,2025-06-22
213,P099,1,1,70,2024-01-29
116,P075,1,0,308,2024-08-16
261,P021,1,1,324,2024-08-19
110,P063,1,1,294,2024-04-18
325,P073,1,1,432,2024-11-17
239,P053,1,0,166,2025-06-08
418,P064,1,1,209,2025-01-02
152,P067,1,1,396,2024-06-09
175,P044,1,0,473,2024-12-01
424,P052,1,0,14,2024-06-18
166,P032,1,0,142,2024-08-17
560,P037,1,0,391,2025-01-26
481,P060,1,0,114,2024-07-07
285,P011,1,1,387,2025-06-15
389,P095,1,0,278,2024-04-14
573,P067,1,1,179,2025-06-03
552,P002,1,0,81,2025-02-26
307,P056,1,0,565,2024-04-27
536,P024,1,0,140,2025-05-14
370,P071,1,0,292,2025-05-12
426,P079,1,0,580,2025-01-25
510,P025,1,0,94,2024-11-30
172,P061,1,0,340,2024-10-15
256,P039,1,0,25,2024-05-28
182,P034,1,1,578,2024-06-01
229,P069,1,1,412,2024-07-14
471,P010,1,0,482,2024-08-28
337,P010,1,0,385,2024-02-12
216,P010,1,0,555,2024-02-02
457,P020,1,0,399,2024-05-04
572,P034,1,0,264,2025-02-22
104,P050,1,0,35,2024-09-27
333,P012,1,1,591,2024-05-07
526,P014,1,1,138,2024-11-18
534,P049,1,1,156,2024-11-07
472,P063,1,0,583,2024-08-04
249,P009,1,0,235,2024-09-25
141,P036,1,0,212,2024-03-12
365,P014,1,0,585,2024-04-16
260,P002,1,0,97,2024-08-25
181,P041,1,1,128,2025-03-31
548,P076,1,1,12,2024-11-13
260,P058,1,0,524,2025-01-04
313,P001,1,1,291,2024-02-18
514,P050,1,0,112,2024-10-30
439,P065,1,0,549,2024-08-05
136,P003,1,0,117,2024-09-25
515,P046,1,0,288,2024-11-18
343,P017,1,0,478,2024-12-01
439,P061,1,1,285,2024-02-25
333,P093,1,0,37,2024-08-15
210,P058,1,0,274,2025-06-21
331,P001,1,1,245,2024-09-09
412,P014,1,1,244,2025-02-06
483,P079,1,0,101,2024-07-09
518,P081,1,0,317,2024-03-13
103,P050,1,0,239,2024-06-20
319,P098,1,0,369,2024-08-27
582,P009,1,1,579,2024-02-16
279,P063,1,0,257,2024-03-30
451,P005,1,0,37,2025-06-30
409,P052,1,1,350,2024-10-29
309,P013,1,0,339,2024-08-19
303,P005,1,0,305,2024-01-22
132,P036,1,0,307,2025-06-17
305,P060,1,1,317,2025-01-22
497,P082,1,1,541,2024-10-05
361,P033,1,1,81,2025-04-23
107,P084,1,0,425,2024-04-19
113,P007,1,0,489,2024-01-05
486,P010,1,0,507,2024-08-15
435,P062,1,0,597,2024-11-13
405,P026,1,0,47,2025-03-30
371,P014,1,0,85,2025-03-28
155,P074,1,1,443,2024-02-23
119,P036,1,1,34,2024-06-23
573,P012,1,0,303,2024-10-27
145,P046,1,0,443,2025-04-03
244,P030,1,0,248,2025-06-15
256,P085,1,1,426,2024-12-16
292,P021,1,0,591,2024-04-21
346,P100,1,1,37,2024-08-04
473,P030,1,0,259,2024-01-02
549,P097,1,0,328,2024-07-03
297,P081,1,0,366,2024-08-07
469,P050,1,1,124,2025-05-04
432,P059,1,0,116,2025-04-10
211,P073,1,0,447,2024-06-07
240,P065,1,0,165,2024-07-19
506,P096,1,1,367,2025-06-22
293,P043,1,1,259,2024-06-06
544,P062,1,1,407,2025-04-09
440,P012,1,0,90,2024-09-04
241,P074,1,0,137,2025-05-08
570,P078,1,0,460,2024-02-04
321,P001,1,0,382,2024-04-13
345,P030,1,0,483,2024-05-08
161,P092,1,0,407,2024-05-19
274,P004,1,0,580,2024-07-11
579,P048,1,0,412,2024-11-05
306,P027,1,1,557,2025-04-03
108,P014,1,0,345,2025-01-04
349,P001,1,0,253,2024-09-13
439,P017,1,0,111,2025-02-08
304,P096,1,1,164,2025-01-05
265,P017,1,1,66,2024-12-03
113,P080,1,0,408,2024-02-24
104,P007,1,1,92,2024-04-23
442,P099,1,1,66,2024-03-26
519,P042,1,0,85,2025-03-01
137,P075,1,0,207,2024-09-21
504,P033,1,1,536,2024-03-24
172,P012,1,0,11,2024-02-18
445,P095,1,1,534,2024-05-23
436,P098,1,0,553,2024-11-06
441,P049,1,1,62,2025-02-18
345,P017,1,0,233,2024-03-16
132,P034,1,1,278,2025-06-25
164,P064,1,1,487,2024-09-07
422,P053,1,0,334,2025-03-05
136,P078,1,0,139,2024-03-14
496,P068,1,1,149,2024-05-23
111,P053,1,0,93,2025-06-22
473,P051,1,0,134,2025-05-07
297,P009,1,1,238,2024-01-30
180,P025,1,0,278,2024-04-29
454,P081,1,0,254,2025-03-09
360,P025,1,0,77,2025-02-27
534,P060,1,0,290,2024-01-16
529,P032,1,0,240,2024-03-10
466,P074,1,1,243,2024-07-02
276,P018,1,1,162,2025-02-15
513,P059,1,0,189,2025-01-24
555,P078,1,0,482,2024-09-23
410,P080,1,1,338,2024-06-18
580,P024,1,0,199,2025-02-28
490,P033,1,0,318,2025-06-16
243,P098,1,0,449,2025-03-21
360,P015,1,0,86,2024-11-12
501,P029,1,0,57,2025-03-12
232,P004,1,1,542,2024-01-26
265,P072,1,0,500,2024-03-28
531,P043,1,0,366,2024-02-27
495,P082,1,0,180,2025-05-08
372,P062,1,1,63,2024-06-24
573,P046,1,1,110,2024-06-04
109,P092,1,1,282,2025-02-03
589,P031,1,0,182,2024-04-29
312,P023,1,1,416,2025-02-08
472,P003,1,0,159,2024-07-13
266,P066,1,0,84,2024-01-07
190,P080,1,0,362,2025-05-16
340,P099,1,0,476,2024-07-19
409,P046,1,0,333,2024-12-20
135,P073,1,1,159,2024-09-17
469,P058,1,0,97,2024-03-16
133,P062,1,1,231,2025-02-04
594,P059,1,0,233,2025-06-24
318,P019,1,0,412,2025-04-19
542,P056,1,0,115,2024-06-13
287,P072,1,0,174,2024-07-29
207,P004,1,0,566,2024-02-13
286,P051,1,0,42,2025-06-04
459,P019,1,1,180,2024-09-15
427,P072,1,0,533,2025-04-22
215,P022,1,0,50,2025-04-28
450,P092,1,1,547,2024-07-26
143,P022,1,1,461,2024-08-23
467,P055,1,0,307,2024-12-23
177,P024,1,0,493,2024-05-16
104,P009,1,1,469,2024-01-24
382,P038,1,0,567,2025-04-26
230,P087,1,0,457,2024-06-13
351,P079,1,1,450,2024-08-02
423,P051,1,0,77,2024-06-09
420,P094,1,1,345,2024-12-27
270,P012,1,1,29,2024-01-19
590,P047,1,0,43,2025-06-09
159,P080,1,0,560,2024-09-19
464,P017,1,0,449,2024-06-26
207,P089,1,0,23,2024-08-02
315,P002,1,0,147,2024-05-12
224,P042,1,0,167,2025-06-25
219,P001,1,1,204,2024-10-05
450,P019,1,1,291,2024-07-21
334,P043,1,0,598,2024-04-27
323,P099,1,1,154,2024-01-31
543,P078,1,0,435,2025-02-09
214,P016,1,0,446,2025-01-29
529,P072,1,0,322,2024-01-10
228,P027,1,0,270,2025-01-17
243,P033,1,0,29,2025-02-02
151,P056,1,0,280,2025-04-20
103,P004,1,1,569,2024-10-21
249,P095,1,0,575,2024-01-29
152,P043,1,1,107,2025-05-16
309,P039,1,0,432,2024-06-23
365,P001,1,1,142,2024-10-29
150,P016,1,0,16,2024-11-21
519,P003,1,1,427,2025-03-01
151,P094,1,1,209,2024-05-05
269,P021,1,1,349,2025-01-16
182,P090,1,0,176,2024-05-16
439,P071,1,0,342,2025-05-30
529,P071,1,0,476,2025-03-31
426,P039,1,0,368,2024-10-04
479,P008,1,1,323,2025-05-23
308,P023,1,0,213,2025-01-07
124,P099,1,0,99,2024-04-28
569,P043,1,0,342,2024-11-23
360,P088,1,0,195,2025-04-19
329,P091,1,1,575,2024-06-30
306,P006,1,0,94,2025-03-31
242,P069,1,1,29,2024-08-31
111,P033,1,0,556,2025-06-03
104,P091,1,1,492,2024-04-30
529,P070,1,0,79,2024-11-12
524,P017,1,0,235,2025-01-11
591,P090,1,0,312,2025-01-08
406,P024,1,0,343,2024-12-27
389,P053,1,0,338,2025-03-31
354,P077,1,1,100,2024-04-19
449,P025,1,0,571,2024-08-16
110,P091,1,0,349,2025-04-23
311,P019,1,0,266,2024-11-28
493,P088,1,0,99,2025-02-02
101,P071,1,1,375,2025-06-27
393,P060,1,0,121,2024-12-22
438,P022,1,0,129,2024-07-29
204,P049,1,1,544,2025-01-19
132,P001,1,1,210,2024-10-05
335,P056,1,1,82,2024-05-13
444,P065,1,1,538,2024-08-20
104,P088,1,0,297,2025-02-03
563,P014,1,1,129,2024-09-09
475,P074,1,1,500,2024-05-09
339,P014,1,1,346,2025-02-07
579,P007,1,0,226,2025-06-17
447,P063,1,1,563,2025-06-15
447,P046,1,0,535,2025-01-09
476,P083,1,1,534,2025-02-10
363,P084,1,0,569,2024-09-21
498,P031,1,1,488,2025-02-09
457,P032,1,0,592,2024-01-09
431,P001,1,0,252,2025-05-23
401,P037,1,1,314,2024-10-10
261,P060,1,1,268,2024-11-13
242,P015,1,0,472,2025-02-16
398,P022,1,1,446,2024-05-18
298,P082,1,0,301,2024-08-25
253,P099,1,0,373,2024-04-21
453,P051,1,0,275,2024-09-12
275,P075,1,1,537,2024-08-02
572,P079,1,1,347,2024-02-25
337,P078,1,1,596,2025-03-15
287,P065,1,0,471,2025-06-03
488,P029,1,1,518,2024-12-03
314,P086,1,1,83,2025-01-22
345,P068,1,0,233,2024-11-09
447,P005,1,0,225,2024-02-28
327,P084,1,1,110,2025-04-22
339,P050,1,0,207,2024-11-19
437,P004,1,1,12,2025-05-18
361,P069,1,0,407,2024-06-09
177,P025,1,0,523,2024-11-25
245,P002,1,0,203,2025-02-22
398,P076,1,1,358,2024-05-13
589,P071,1,0,54,2024-07-10
215,P012,1,0,412,2024-11-18
201,P021,1,0,253,2024-11-17
456,P086,1,1,348,2024-05-01
246,P080,1,0,169,2024-09-25
405,P089,1,0,202,2024-05-23
596,P017,1,0,284,2025-05-08
350,P010,1,0,444,2024-12-03
554,P005,1,1,258,2024-12-31
261,P048,1,0,472,2024-02-12
568,P020,1,0,51,2025-02-24
159,P061,1,0,85,2024-07-18
315,P040,1,0,379,2024-10-07
510,P061,1,0,123,2024-06-12
156,P071,1,1,265,2024-04-05
590,P082,1,0,499,2024-01-15
532,P054,1,0,40,2025-03-24
477,P052,1,0,167,2024-06-21
546,P020,1,1,252,2024-01-28
287,P050,1,0,300,2025-03-05
386,P089,1,0,264,2024-01-05
580,P033,1,0,388,2024-11-27
516,P044,1,1,350,2024-02-22
165,P053,1,0,350,2025-03-14
104,P064,1,0,508,2024-11-15
573,P028,1,0,150,2025-05-14
310,P025,1,1,73,2024-09-26
448,P053,1,0,39,2025-06-16
192,P089,1,1,260,2025-02-13
390,P049,1,1,155,2025-03-10
556,P073,1,0,198,2024-07-07
177,P008,1,1,464,2025-01-18
586,P044,1,1,33,2025-02-14
154,P059,1,1,48,2025-03-18
430,P060,1,0,78,2024-12-14
448,P014,1,0,49,2024-02-27
207,P075,1,0,268,2024-11-12
414,P005,1,0,456,2025-05-02
558,P021,1,0,401,2024-07-05
473,P010,1,1,208,2024-08-31
487,P088,1,0,84,2024-06-10
396,P049,1,1,160,2024-04-25
102,P044,1,0,35,2025-05-06
144,P021,1,0,437,2024-02-13
544,P008,1,1,138,2024-05-28
362,P030,1,1,484,2025-03-31
484,P036,1,0,474,2024-02-25
262,P037,1,1,583,2024-11-27
352,P095,1,1,558,2025-03-31
505,P022,1,1,158,2024-03-04
305,P025,1,0,172,2025-06-14
526,P089,1,1,36,2024-03-22
186,P054,1,1,576,2024-02-24
562,P038,1,0,435,2025-03-05
288,P065,1,1,341,2024-05-20
480,P035,1,0,428,2024-01-14
533,P073,1,0,29,2025-03-12
554,P034,1,0,169,2024-09-20
570,P044,1,0,380,2025-04-17
212,P058,1,1,486,2024-09-13
341,P064,1,1,559,2024-09-24
108,P057,1,0,289,2025-03-02
263,P062,1,0,479,2024-02-24
323,P012,1,0,536,2025-05-27
411,P059,1,0,568,2024-11-09
180,P052,1,1,72,2024-05-19
363,P019,1,0,82,2025-01-21
232,P016,1,0,37,2024-01-02
275,P026,1,0,86,2025-06-12
583,P055,1,0,352,2025-01-31
474,P092,1,0,565,2025-06-11
106,P026,1,0,421,2025-01-22
257,P061,1,1,386,2024-03-06
174,P060,1,1,546,2024-07-14
560,P016,1,0,278,2024-05-16
386,P088,1,0,253,2025-01-17
445,P088,1,0,95,2025-02-12
506,P003,1,0,600,2024-03-28
416,P072,1,1,277,2024-01-21
368,P057,1,0,131,2025-04-27
101,P089,1,1,419,2025-05-12
547,P014,1,0,184,2024-02-10
346,P060,1,1,115,2024-02-26
342,P037,1,0,301,2024-08-19
216,P055,1,1,391,2025-03-29
406,P049,1,0,165,2024-10-27
312,P011,1,1,64,2024-12-01
599,P009,1,0,45,2024-01-01
127,P087,1,0,62,2024-04-18
355,P072,1,1,380,2024-01-29
472,P023,1,0,391,2024-02-19
177,P045,1,1,305,2025-04-29
184,P088,1,1,245,2024-06-28
117,P011,1,0,186,2025-04-26
287,P080,1,1,494,2024-10-02
432,P059,1,1,351,2024-08-23
545,P077,1,0,339,2025-04-07
484,P040,1,0,181,2024-12-20
178,P050,1,1,274,2024-06-18
129,P037,1,0,424,2024-10-18
158,P045,1,1,226,2025-03-27
250,P006,1,1,385,2024-04-05
562,P025,1,0,479,2024-08-23
545,P057,1,0,414,2025-04-03
295,P069,1,0,395,2024-01-05
529,P068,1,0,361,2025-05-23
493,P012,1,0,318,2024-02-17
510,P047,1,1,315,2025-02-04
365,P066,1,0,291,2024-10-06
402,P079,1,0,537,2024-02-29
209,P044,1,1,420,2024-06-24
246,P095,1,0,374,2025-03-30
231,P034,1,0,37,2025-03-23
208,P024,1,0,392,2024-09-06
263,P019,1,0,121,2024-04-09
562,P015,1,0,68,2025-06-14
291,P089,1,0,557,2024-09-13
311,P087,1,0,533,2024-11-25
406,P029,1,0,88,2024-09-05
283,P074,1,0,130,2025-05-27
441,P027,1,0,474,2024-07-22
434,P036,1,1,554,2024-01-09
550,P098,1,0,169,2024-05-31
437,P054,1,0,168,2024-12-20
416,P064,1,1,147,2024-01-09
272,P043,1,0,569,2024-06-16
522,P074,1,1,505,2024-04-14
468,P079,1,0,75,2024-10-15
341,P088,1,0,562,2024-10-13
329,P040,1,0,15,2024-10-28
190,P075,1,0,476,2024-04-16
347,P093,1,1,268,2025-04-30
507,P024,1,0,278,2025-03-16
141,P059,1,0,521,2024-12-10
375,P007,1,0,362,2024-05-27
419,P024,1,0,466,2025-03-14
418,P065,1,1,475,2025-06-21
337,P061,1,0,310,2024-10-12
269,P066,1,0,472,2024-10-28
595,P009,1,0,294,2024-01-05
160,P079,1,0,228,2025-03-01
556,P001,1,1,346,2025-03-21
194,P090,1,0,350,2024-03-06
458,P075,1,0,267,2025-01-20
559,P032,1,1,37,2024-04-23
179,P036,1,1,303,2024-10-28
346,P078,1,0,442,2024-12-23
309,P016,1,0,378,2025-02-23
384,P052,1,0,145,2024-09-02
545,P008,1,0,38,2025-03-04
272,P079,1,0,540,2024-01-31
544,P041,1,0,114,2025-01-22
118,P017,1,1,143,2025-04-05
426,P039,1,0,264,2024-02-24
210,P057,1,1,190,2025-05-18
135,P069,1,0,175,2024-10-18
253,P059,1,0,438,2024-07-11
542,P009,1,0,143,2024-03-19
208,P070,1,1,24,2025-05-18
379,P024,1,1,509,2024-02-18
564,P051,1,0,89,2024-11-22
457,P039,1,0,532,2024-12-05
363,P052,1,0,247,2024-12-28
322,P042,1,1,313,2024-03-22
368,P004,1,0,574,2025-06-18
191,P044,1,0,87,2024-06-24
569,P085,1,1,563,2025-01-25
322,P075,1,0,333,2024-10-06
300,P076,1,1,548,2024-11-13
190,P069,1,1,170,2025-06-29
247,P058,1,0,346,2024-06-06
123,P032,1,0,235,2024-06-20
518,P079,1,1,578,2025-04-16
147,P094,1,0,224,2024-06-12
570,P003,1,0,452,2025-01-25
368,P056,1,0,139,2025-03-29
576,P096,1,0,568,2025-02-02
170,P055,1,1,356,2024-07-09
342,P019,1,1,483,2025-01-22
115,P093,1,0,163,2024-01-07
359,P062,1,0,584,2024-08-19
526,P035,1,0,91,2024-01-08
309,P024,1,1,559,2024-08-21
522,P029,1,0,365,2025-01-12
346,P032,1,0,445,2024-06-26
199,P084,1,0,473,2025-05-26
430,P092,1,0,67,2024-09-17
270,P028,1,0,553,2024-12-31
462,P075,1,0,233,2024-03-03
583,P017,1,0,235,2024-05-09
188,P071,1,0,468,2024-01-24
260,P091,1,0,270,2024-02-12
491,P094,1,0,349,2024-12-16
273,P038,1,0,543,2024-08-16
397,P058,1,0,49,2024-10-27
154,P014,1,0,498,2024-03-11
285,P075,1,0,302,2025-02-13
546,P083,1,0,248,2025-06-24
301,P044,1,0,20,2024-10-31
594,P036,1,1,280,2025-03-17
356,P096,1,0,222,2024-07-10
465,P023,1,1,82,2024-06-15
246,P070,1,1,348,2024-12-26
374,P060,1,1,458,2024-01-30
106,P085,1,0,175,2024-09-01
447,P079,1,0,330,2024-10-12
591,P021,1,0,291,2024-02-02
350,P053,1,0,578,2024-11-26
206,P008,1,0,141,2024-02-18
216,P032,1,1,533,2024-01-30
456,P016,1,0,526,2025-05-25
147,P098,1,0,157,2024-08-17
227,P046,1,0,572,2024-02-24
265,P071,1,0,49,2024-01-18
585,P015,1,0,233,2024-07-30
335,P036,1,0,343,2025-02-17
335,P003,1,0,470,2025-05-17
185,P066,1,0,82,2024-11-22
575,P049,1,0,451,2025-01-11
337,P090,1,1,312,2024-12-27
592,P064,1,0,591,2024-12-17
414,P073,1,0,386,2024-01-27
557,P044,1,0,255,2025-01-31
169,P073,1,1,94,2025-03-29
159,P039,1,1,383,2024-10-20
560,P010,1,1,239,2024-12-19
583,P021,1,1,330,2024-05-14
479,P085,1,0,156,2024-03-04
583,P059,1,1,552,2025-05-27
184,P100,1,0,413,2024-11-16
150,P009,1,1,199,2024-04-04
254,P048,1,0,312,2024-10-29
264,P020,1,0,219,2024-02-11
505,P086,1,0,494,2025-01-29
492,P080,1,0,484,2024-07-26
114,P066,1,1,570,2024-05-24
254,P008,1,0,381,2024-09-04
189,P093,1,0,182,2024-10-18
550,P037,1,0,187,2024-07-24
496,P056,1,0,306,2024-01-23
395,P033,1,0,190,2024-03-31
522,P071,1,0,380,2024-06-17
282,P062,1,1,334,2024-03-03
463,P004,1,0,499,2024-09-15
146,P018,1,1,252,2024-06-06
267,P039,1,0,18,2024-03-29
384,P077,1,0,126,2024-07-27
510,P039,1,1,248,2024-09-25
511,P065,1,1,385,2025-04-29
136,P026,1,0,452,2024-06-29
557,P060,1,0,569,2025-03-01
145,P024,1,0,254,2024-10-24
520,P017,1,0,129,2024-06-03
114,P099,1,0,98,2024-07-27
358,P011,1,0,50,2024-04-04
249,P076,1,0,583,2024-02-05
184,P080,1,1,61,2025-06-24
465,P009,1,1,398,2025-02-26
255,P047,1,0,202,2024-04-29
523,P074,1,0,599,2024-02-06
363,P020,1,0,232,2024-07-15
265,P051,1,1,221,2024-04-06
327,P020,1,0,451,2025-02-12
351,P007,1,0,80,2025-05-10
144,P002,1,1,232,2024-04-04
417,P015,1,1,500,2024-10-24
119,P042,1,0,124,2024-09-01
470,P027,1,0,33,2024-09-11
240,P034,1,1,386,2025-03-16
115,P064,1,0,272,2025-06-15
344,P099,1,0,363,2024-02-29
524,P092,1,0,474,2024-12-21
485,P091,1,0,376,2025-04-15
178,P029,1,0,396,2024-08-01
161,P051,1,0,210,2025-05-24
592,P083,1,1,88,2024-04-05
434,P086,1,1,66,2024-11-19
495,P089,1,0,41,2024-07-11
489,P074,1,1,398,2024-07-29
131,P055,1,0,482,2024-01-24
107,P045,1,1,297,2025-02-16
568,P077,1,0,416,2024-09-08
541,P092,1,0,263,2024-08-11
454,P060,1,0,39,2025-05-19
156,P096,1,1,335,2025-06-19
520,P002,1,0,517,2024-03-08
241,P084,1,0,582,2025-03-06
202,P032,1,0,231,2024-11-01
211,P004,1,0,355,2025-05-17
251,P037,1,1,564,2025-06-22
383,P025,1,1,185,2024-09-06
340,P043,1,1,15,2025-05-19
196,P019,1,1,342,2024-05-24
452,P048,1,1,355,2024-10-07
283,P041,1,0,226,2024-04-27
558,P074,1,0,34,2024-08-07
571,P040,1,1,179,2024-08-28
320,P064,1,1,584,2024-07-30
381,P091,1,0,210,2025-02-09
550,P073,1,1,207,2024-05-28
588,P031,1,1,27,2024-02-03
233,P089,1,0,431,2024-09-18
325,P047,1,1,328,2025-02-27
316,P036,1,1,451,2025-05-06
584,P092,1,0,110,2025-02-06
219,P063,1,0,143,2024-02-09
305,P030,1,0,478,2024-12-06
277,P022,1,1,462,2025-05-07
305,P005,1,0,276,2025-01-01
363,P039,1,0,535,2024-04-15
157,P096,1,0,269,2024-03-22
290,P057,1,0,567,2024-04-25
462,P040,1,1,229,2025-01-23
557,P009,1,0,434,2025-01-25
161,P014,1,0,405,2024-02-01
541,P026,1,0,87,2024-04-01
365,P078,1,0,419,2024-01-23
501,P043,1,0,357,2024-10-03
295,P045,1,0,189,2025-02-11
357,P032,1,0,528,2024-09-18
574,P100,1,0,521,2025-04-07
146,P035,1,0,213,2024-10-24
550,P087,1,0,332,2024-10-14
274,P073,1,0,430,2025-03-10
115,P002,1,0,17,2024-03-29
148,P077,1,0,150,2024-06-04
355,P100,1,0,235,2025-06-19
293,P076,1,0,283,2024-05-08
454,P013,1,1,465,2024-07-31
300,P068,1,0,557,2025-01-11
437,P008,1,1,342,2025-04-06
111,P075,1,0,274,2024-01-31
500,P092,1,1,597,2024-03-28
309,P088,1,0,43,2024-04-26
136,P025,1,0,275,2024-01-20
224,P036,1,1,267,2024-10-05
197,P096,1,0,484,2024-02-04
108,P089,1,0,186,2025-05-13
576,P074,1,0,600,2024-12-09
549,P091,1,0,322,2024-07-04
405,P046,1,0,301,2025-01-31
320,P074,1,0,310,2024-05-21
528,P011,1,1,497,2024-12-28
533,P056,1,0,496,2024-12-17
187,P065,1,0,22,2024-04-24
313,P096,1,1,78,2025-04-02
205,P035,1,0,482,2024-10-18
457,P097,1,0,198,2024-08-27
261,P087,1,0,429,2024-08-05
383,P030,1,0,442,2024-10-12
566,P094,1,1,508,2024-04-03
452,P088,1,0,64,2024-04-02
328,P002,1,0,579,2024-04-15
165,P088,1,1,300,2024-12-11
330,P052,1,0,255,2024-02-11
539,P035,1,1,318,2024-10-15
147,P090,1,0,187,2024-09-08
261,P092,1,0,163,2024-07-25
428,P028,1,0,183,2025-04-28
466,P046,1,0,513,2024-05-07
438,P027,1,0,151,2025-02-28
554,P042,1,0,290,2025-04-12
587,P092,1,0,108,2024-03-25
275,P067,1,1,143,2024-03-07
528,P068,1,0,48,2025-06-18
505,P077,1,0,84,2024-01-03
350,P094,1,1,133,2024-04-28
314,P016,1,0,317,2025-02-14
232,P033,1,0,93,2024-04-15
399,P065,1,0,71,2025-04-13
286,P039,1,0,319,2025-05-16
209,P094,1,1,538,2024-12-10
597,P091,1,0,256,2025-05-23
470,P086,1,0,309,2025-05-22
335,P001,1,0,490,2024-05-03
424,P019,1,0,258,2024-06-25
272,P013,1,0,98,2024-02-01
382,P021,1,0,425,2025-05-09
393,P075,1,0,428,2025-02-19
311,P094,1,0,161,2025-03-16
285,P093,1,0,572,2024-08-08
525,P074,1,1,379,2025-04-15
133,P053,1,0,422,2025-06-26
169,P014,1,1,11,2024-01-15
197,P088,1,1,493,2024-01-10
526,P097,1,1,31,2025-04-02
124,P032,1,0,542,2024-03-03
371,P081,1,1,436,2025-03-21
485,P075,1,0,178,2024-02-07
356,P097,1,1,45,2025-06-11
221,P035,1,1,287,2024-06-07
445,P089,1,1,455,2025-05-18
470,P039,1,1,460,2025-02-23
579,P088,1,0,429,2024-12-21
131,P061,1,0,285,2024-12-14
303,P041,1,0,146,2025-03-13
342,P051,1,0,292,2024-04-01
496,P077,1,1,174,2025-05-29
153,P058,1,1,287,2025-05-25
345,P074,1,0,13,2024-02-11
200,P040,1,0,145,2024-06-01
132,P024,1,0,193,2025-02-10
414,P029,1,0,231,2024-05-08
533,P096,1,0,271,2024-12-19
188,P048,1,0,238,2024-09-04
106,P079,1,1,43,2025-04-17
486,P100,1,0,50,2025-01-25
217,P043,1,0,453,2025-06-11
276,P019,1,1,162,2024-10-05
339,P052,1,1,500,2025-01-11
163,P017,1,0,581,2024-07-23
347,P098,1,1,598,2024-01-26
132,P093,1,0,224,2025-02-13
471,P099,1,0,223,2024-07-17
170,P064,1,0,246,2024-08-10
233,P017,1,0,555,2024-12-29
457,P052,1,0,542,2024-08-24
339,P018,1,0,519,2024-06-29
196,P044,1,1,222,2024-04-14
119,P030,1,0,492,2024-02-24
104,P070,1,1,329,2024-05-25
436,P027,1,0,44,2024-07-28
481,P058,1,0,283,2024-07-21
198,P030,1,0,136,2025-06-10
208,P069,1,0,385,2025-02-12
425,P099,1,0,140,2025-01-03
431,P063,1,1,22,2024-10-02
338,P029,1,0,113,2025-06-20
511,P091,1,1,390,2024-04-26
345,P054,1,1,404,2024-01-17
558,P084,1,1,405,2024-10-29
290,P091,1,0,324,2024-11-05
473,P089,1,0,108,2025-01-11
351,P086,1,1,562,2024-08-15
338,P080,1,1,171,2025-03-21
249,P004,1,0,221,2024-05-28
423,P058,1,0,448,2025-06-18
372,P047,1,1,219,2024-09-26
472,P017,1,1,579,2024-08-06
426,P074,1,0,236,2025-04-12
415,P078,1,0,540,2024-08-10
447,P028,1,0,391,2024-01-24
222,P022,1,0,532,2025-01-18
488,P075,1,1,440,2024-12-19
509,P047,1,0,40,2024-05-10
270,P002,1,0,456,2025-03-20
549,P095,1,1,546,2025-02-18
427,P086,1,0,422,2025-04-13
215,P039,1,0,437,2025-04-27
148,P039,1,1,600,2025-06-28
320,P032,1,0,582,2025-01-01
471,P079,1,0,10,2024-08-24
371,P043,1,0,327,2024-05-30
539,P061,1,0,182,2024-06-05
153,P042,1,0,589,2025-02-14
224,P087,1,0,312,2024-07-29
394,P087,1,0,243,2024-09-20
415,P044,1,1,305,2024-01-08
203,P072,1,1,366,2024-11-24
504,P096,1,0,434,2025-01-05
323,P100,1,1,386,2024-07-22
139,P061,1,0,535,2025-05-17
212,P005,1,0,163,2024-04-03
109,P085,1,0,488,2024-07-27
295,P086,1,0,236,2024-06-20
280,P095,1,0,482,2024-07-28
469,P091,1,0,184,2024-07-28
246,P065,1,0,284,2024-08-06
407,P009,1,0,410,2024-01-06
509,P013,1,1,136,2024-02-04
409,P002,1,0,571,2025-06-15
321,P051,1,1,33,2025-03-28
207,P096,1,0,433,2024-11-12
256,P097,1,0,581,2024-07-21
441,P061,1,1,375,2025-01-06
423,P036,1,0,505,2025-03-17
508,P008,1,1,33,2024-07-21
354,P013,1,0,309,2025-01-09
427,P072,1,0,24,2024-10-19
280,P097,1,0,262,2024-10-05
315,P056,1,1,317,2024-09-18
569,P064,1,0,249,2025-03-27
494,P071,1,0,343,2024-05-13
357,P074,1,0,349,2025-02-02
324,P045,1,0,576,2024-07-14
327,P070,1,0,470,2025-03-29
147,P076,1,1,562,2025-05-29
222,P057,1,0,261,2024-09-27
282,P006,1,1,422,2025-06-04
264,P080,1,0,525,2024-02-11
303,P021,1,1,341,2024-02-29
177,P031,1,0,533,2025-02-03
244,P051,1,1,179,2024-09-28
577,P029,1,0,247,2025-01-01
229,P068,1,0,347,2024-06-30
158,P024,1,0,374,2025-02-02
117,P031,1,1,472,2024-03-06
103,P067,1,1,56,2024-08-02
270,P040,1,0,307,2025-01-25
319,P001,1,0,70,2024-08-05
345,P052,1,0,461,2024-10-09
336,P056,1,1,135,2024-03-24
319,P011,1,0,191,2024-04-28
516,P044,1,0,253,2025-02-18
458,P041,1,0,574,2025-02-22
464,P065,1,1,81,2024-02-15
122,P039,1,0,331,2025-06-17
409,P029,1,0,231,2025-01-16
168,P070,1,0,420,2024-01-02
152,P029,1,1,331,2024-11-19
484,P001,1,0,181,2024-12-12
503,P062,1,0,541,2024-01-12
155,P004,1,0,198,2024-10-28
516,P046,1,0,106,2024-04-04
567,P048,1,1,66,2025-01-29
483,P084,1,0,312,2024-04-28
198,P052,1,1,392,2024-02-07
550,P046,1,0,133,2024-04-07
444,P095,1,1,237,2025-02-25
373,P057,1,0,523,2025-03-19
508,P085,1,0,88,2025-05-09
104,P069,1,0,328,2024-05-31
406,P027,1,1,176,2025-01-09
109,P063,1,1,113,2025-03-08
143,P020,1,1,235,2024-07-31
517,P018,1,0,209,2024-10-13
396,P046,1,0,148,2024-02-13
389,P099,1,0,52,2024-02-23
584,P028,1,0,84,2025-04-27
354,P047,1,1,579,2024-12-23
298,P020,1,1,469,2024-09-18
377,P001,1,0,419,2024-04-18
135,P089,1,0,434,2024-05-14
470,P005,1,1,245,2024-03-01
299,P076,1,0,85,2025-03-15
263,P063,1,1,105,2024-06-21
157,P016,1,1,451,2024-02-19
526,P083,1,0,565,2024-03-24
561,P016,1,1,144,2024-08-23
548,P087,1,1,236,2024-07-19
131,P024,1,0,375,2025-06-04
494,P064,1,1,148,2024-03-01
320,P020,1,0,127,2024-10-18
518,P085,1,0,450,2025-06-01
459,P078,1,0,30,2025-01-31
425,P014,1,1,424,2024-02-19
596,P037,1,0,41,2024-12-18
184,P012,1,0,154,2024-02-20
532,P028,1,0,16,2025-06-15
163,P052,1,0,115,2024-01-14
230,P033,1,1,426,2024-02-13
549,P070,1,1,87,2025-05-26
565,P014,1,0,49,2024-08-29
240,P055,1,1,343,2024-09-26
244,P073,1,0,40,2025-02-17
106,P076,1,1,350,2025-05-28
118,P053,1,0,477,2024-09-25
275,P051,1,0,580,2024-08-13
451,P080,1,1,569,2024-12-22
393,P084,1,0,508,2024-09-21
173,P078,1,0,90,2024-11-08
174,P086,1,1,26,2024-10-24
418,P046,1,0,463,2025-03-17
192,P041,1,0,556,2024-10-21
333,P052,1,0,97,2024-12-19
200,P006,1,0,410,2024-10-19
354,P018,1,1,420,2024-05-06
341,P038,1,1,394,2025-06-15
264,P075,1,0,147,2025-01-31
167,P078,1,0,407,2024-03-27
162,P098,1,0,406,2024-05-20
494,P093,1,1,418,2025-03-21
105,P099,1,0,325,2025-06-18
166,P035,1,0,571,2025-02-26
348,P084,1,0,137,2025-02-09
290,P049,1,0,519,2025-05-17
521,P088,1,0,55,2024-06-10
133,P047,1,0,145,2024-07-30
145,P092,1,0,340,2024-05-31
241,P023,1,0,358,2024-06-04
275,P096,1,0,44,2024-01-01
367,P042,1,1,545,2024-11-12
408,P050,1,0,473,2024-07-03
156,P047,1,0,357,2024-06-02
105,P081,1,0,243,2024-12-04
202,P099,1,0,202,2024-05-01
364,P035,1,0,433,2024-01-18
269,P079,1,1,245,2024-10-22
440,P020,1,0,163,2024-05-09
472,P092,1,1,136,2024-01-07
410,P011,1,0,287,2024-09-21
556,P096,1,0,121,2024-10-10
566,P090,1,1,86,2024-10-14
542,P004,1,1,507,2025-06-08
214,P034,1,1,211,2025-04-21
549,P062,1,1,567,2024-06-03
453,P039,1,0,162,2024-04-08
576,P015,1,0,553,2024-05-30
217,P012,1,0,513,2025-06-13
142,P065,1,0,25,2024-02-13
512,P088,1,1,402,2024-06-03
542,P040,1,0,428,2024-12-18
338,P067,1,1,455,2024-08-10
448,P043,1,0,526,2025-04-29
332,P037,1,0,140,2025-03-03
210,P099,1,1,317,2025-05-29
368,P069,1,0,210,2025-05-20
522,P081,1,0,332,2024-11-14
252,P096,1,0,141,2024-11-25
204,P042,1,0,79,2025-04-22
597,P068,1,1,580,2024-07-10
384,P004,1,0,57,2024-09-12
229,P044,1,0,245,2025-06-23
196,P066,1,0,172,2024-01-08
235,P057,1,0,494,2025-03-21
295,P049,1,1,55,2025-06-29
166,P070,1,1,517,2024-11-02
265,P091,1,1,522,2025-04-02
141,P093,1,1,142,2024-02-26
421,P061,1,0,222,2024-03-14
451,P028,1,1,409,2025-01-03
410,P025,1,0,390,2024-05-19
303,P017,1,0,45,2025-05-07
531,P038,1,1,94,2024-09-20
505,P034,1,0,13,2024-05-04
108,P050,1,0,294,2024-10-20
283,P019,1,1,401,2024-11-09
281,P091,1,0,329,2024-10-04
577,P027,1,0,80,2025-05-05
150,P016,1,1,381,2024-08-20
217,P032,1,0,471,2024-06-17
419,P056,1,1,488,2024-01-30
148,P004,1,0,220,2024-11-05
216,P038,1,0,518,2025-01-08
479,P092,1,1,374,2025-02-27
421,P009,1,1,553,2025-06-20
360,P012,1,0,534,2025-02-17
128,P091,1,0,128,2025-01-10
394,P076,1,0,521,2024-09-18
212,P059,1,0,234,2025-06-11
166,P063,1,0,56,2024-08-03
210,P016,1,0,181,2024-07-09
218,P078,1,0,280,2024-02-11
576,P057,1,0,306,2025-04-06
206,P088,1,0,329,2025-06-21
212,P051,1,1,484,2024-11-13
336,P061,1,1,518,2024-09-18
104,P059,1,0,236,2025-02-16
298,P053,1,0,421,2024-01-13
102,P087,1,0,396,2024-05-22
183,P071,1,0,133,2024-07-04
504,P088,1,1,561,2024-05-10
162,P075,1,0,525,2025-03-01
543,P069,1,0,502,2024-09-24
491,P057,1,0,446,2024-09-24
463,P028,1,1,220,2024-07-21
536,P002,1,0,378,2025-03-17
392,P022,1,1,47,2025-02-15
306,P085,1,0,43,2024-10-06
379,P046,1,0,106,2024-07-05
204,P033,1,1,280,2024-07-29
275,P067,1,1,293,2024-04-03
158,P067,1,1,326,2025-03-19
280,P013,1,0,277,2024-07-04
161,P004,1,0,250,2025-04-23
386,P088,1,0,495,2024-01-20
258,P072,1,1,240,2025-01-20
230,P081,1,1,107,2024-03-26
453,P053,1,1,356,2024-12-24
574,P047,1,1,575,2025-01-16
394,P034,1,0,85,2024-09-09
356,P074,1,0,116,2024-08-01
491,P053,1,0,413,2024-12-10
396,P064,1,0,510,2025-02-13
337,P055,1,1,514,2025-05-02
350,P047,1,1,224,2025-01-04
504,P072,1,0,83,2024-08-01
527,P100,1,0,101,2025-05-12
232,P077,1,0,364,2024-08-13
497,P072,1,0,570,2024-10-31
192,P056,1,0,143,2024-07-15
203,P078,1,1,23,2025-05-16
535,P052,1,0,382,2024-01-29
117,P013,1,0,93,2024-08-17
413,P014,1,0,325,2025-06-22
596,P001,1,0,299,2024-07-06
484,P026,1,0,267,2025-05-26
417,P021,1,0,277,2024-01-14
145,P001,1,1,547,2025-02-07
150,P050,1,0,481,2024-01-19
260,P081,1,1,594,2024-04-01
276,P062,1,0,553,2024-01-28
296,P059,1,1,596,2025-01-25
337,P086,1,0,406,2025-04-07
193,P005,1,1,413,2024-05-01
124,P024,1,0,479,2024-07-04
322,P040,1,0,187,2024-02-28
287,P066,1,0,591,2025-03-25
182,P035,1,0,490,2024-04-16
441,P097,1,1,382,2025-01-05
569,P088,1,0,210,2024-06-09
494,P063,1,0,17,2024-05-01
160,P088,1,0,325,2024-04-08
527,P060,1,1,521,2024-07-29
421,P024,1,1,433,2024-01-05
519,P076,1,0,530,2024-12-14
309,P066,1,1,558,2025-03-06
487,P009,1,0,546,2024-12-17
445,P078,1,0,215,2024-12-21
357,P049,1,0,310,2024-08-05
586,P090,1,0,430,2024-10-07
240,P064,1,0,182,2025-01-26
203,P020,1,0,415,2025-05-19
437,P055,1,0,413,2024-09-27
477,P043,1,1,465,2025-01-31
298,P080,1,0,281,2025-03-29
482,P011,1,0,372,2024-09-01
241,P057,1,0,337,2024-02-06
468,P082,1,0,269,2024-01-25
497,P047,1,0,463,2025-05-22
187,P077,1,1,15,2024-10-06
448,P096,1,1,417,2024-11-18
550,P030,1,1,274,2024-12-06
550,P004,1,0,461,2024-12-23
244,P071,1,0,503,2025-06-21
104,P048,1,0,554,2024-08-09
202,P094,1,1,390,2025-02-16
398,P025,1,0,133,2024-09-10
309,P077,1,0,320,2025-06-21
122,P090,1,0,39,2025-05-01
214,P059,1,0,66,2024-10-08
145,P046,1,0,405,2024-08-11
191,P091,1,0,40,2024-11-17
153,P006,1,1,154,2025-02-21
285,P067,1,0,555,2025-04-07
424,P075,1,0,220,2024-07-25
557,P038,1,0,488,2024-10-14
432,P055,1,0,413,2025-03-18
482,P005,1,0,233,2024-05-19
563,P063,1,0,594,2025-04-30
236,P015,1,0,160,2024-02-24
463,P098,1,1,300,2024-03-12
128,P012,1,0,193,2025-05-15
324,P006,1,0,556,2024-04-22
450,P077,1,0,127,2025-02-05
254,P067,1,0,482,2025-05-02
390,P082,1,0,217,2025-06-14
201,P031,1,0,447,2024-03-30
235,P033,1,0,339,2025-04-02
542,P084,1,0,286,2025-04-29
371,P076,1,0,359,2024-01-24
585,P045,1,1,197,2025-02-23
117,P024,1,0,39,2025-02-17
541,P068,1,0,352,2025-03-19
488,P061,1,0,502,2024-03-28
426,P090,1,1,132,2024-06-12
408,P024,1,0,418,2024-04-07
542,P028,1,1,122,2024-05-10
197,P063,1,0,269,2025-01-07
407,P083,1,1,543,2024-10-31
592,P087,1,0,222,2024-09-11
356,P053,1,1,466,2024-01-10
272,P089,1,1,21,2025-05-16
397,P009,1,0,424,2025-01-07
161,P004,1,0,283,2024-02-11
354,P005,1,0,550,2024-07-28
490,P069,1,1,318,2025-03-27
372,P094,1,0,534,2024-07-19
513,P002,1,0,270,2025-06-13
531,P099,1,0,483,2024-08-06
322,P043,1,1,301,2024-01-08
545,P038,1,0,142,2025-05-05
195,P066,1,0,20,2024-07-12
161,P058,1,1,528,2024-09-07
506,P085,1,0,272,2024-09-08
479,P011,1,0,514,2025-06-15
267,P096,1,1,524,2024-09-30
586,P034,1,0,52,2024-11-19
481,P076,1,0,34,2024-07-23
196,P081,1,0,482,2025-01-15
324,P001,1,1,360,2024-06-07
317,P080,1,1,65,2024-05-07
481,P047,1,0,221,2024-02-08
561,P017,1,1,421,2025-01-25
201,P029,1,0,179,2024-09-08
284,P052,1,0,281,2024-01-04
226,P004,1,0,130,2024-12-27
241,P008,1,0,484,2024-08-01
574,P021,1,0,130,2024-05-29
544,P081,1,1,375,2024-08-08
148,P072,1,0,14,2024-01-23
250,P017,1,0,90,2025-06-28
172,P090,1,0,403,2025-06-13
165,P008,1,0,551,2024-05-07
501,P089,1,0,590,2024-08-31
566,P008,1,0,314,2025-06-27
248,P091,1,0,232,2025-06-12
284,P057,1,0,467,2024-07-28
401,P068,1,1,163,2024-10-04
526,P092,1,0,345,2024-08-30
370,P014,1,0,96,2024-06-09
349,P019,1,1,202,2025-06-11
546,P018,1,0,291,2024-05-14
401,P046,1,0,526,2024-12-17
195,P047,1,0,488,2025-03-04
497,P068,1,1,91,2024-12-10
564,P044,1,1,52,2024-09-06
128,P066,1,0,598,2025-03-09
473,P094,1,1,346,2024-11-06
235,P095,1,1,474,2025-01-31
153,P087,1,0,25,2024-10-28
363,P071,1,0,127,2024-11-29
478,P004,1,1,595,2024-05-19
436,P033,1,0,426,2024-10-24
122,P031,1,0,37,2025-03-30
578,P053,1,1,379,2024-12-20
502,P046,1,1,225,2025-01-12
541,P043,1,1,533,2024-03-20
540,P008,1,1,147,2024-06-05
329,P057,1,0,317,2025-04-02
494,P058,1,1,518,2025-05-19
240,P048,1,1,194,2025-01-13
246,P091,1,0,139,2024-08-10
364,P058,1,0,305,2024-09-11
348,P077,1,0,49,2024-01-18
353,P008,1,1,301,2024-12-04
558,P047,1,1,301,2024-11-13
392,P089,1,1,436,2025-04-17
559,P034,1,1,118,2025-03-22
319,P017,1,0,587,2024-12-15
504,P054,1,1,510,2024-04-30
179,P043,1,0,236,2024-12-17
562,P004,1,0,471,2025-03-17
329,P034,1,1,31,2025-01-19
255,P016,1,0,166,2025-05-17
176,P087,1,0,416,2025-01-04
202,P009,1,0,386,2024-04-25
456,P081,1,0,292,2024-04-15
355,P082,1,0,67,2024-12-13
245,P047,1,0,579,2024-09-03
505,P038,1,0,374,2024-12-10
555,P047,1,0,201,2024-05-05
318,P072,1,1,229,2024-07-27
291,P085,1,0,434,2025-02-28
361,P007,1,1,374,2024-01-08
255,P096,1,1,103,2024-01-31
358,P054,1,1,62,2024-10-27
203,P011,1,0,100,2025-01-14
567,P043,1,1,492,2024-11-24
493,P021,1,0,477,2024-08-25
215,P051,1,1,402,2024-02-17
499,P079,1,1,258,2024-03-11
443,P088,1,0,46,2025-06-20
395,P067,1,1,569,2024-12-24
431,P087,1,0,100,2024-02-04
289,P048,1,1,211,2024-03-21
148,P014,1,0,219,2024-06-26
123,P021,1,0,301,2024-02-19
117,P079,1,1,204,2024-08-31
463,P028,1,1,453,2024-09-05
356,P076,1,0,199,2024-01-03
441,P086,1,0,566,2025-04-03
366,P022,1,1,74,2025-06-29
415,P028,1,1,314,2024-10-17
588,P058,1,1,111,2025-02-26
496,P058,1,0,423,2024-09-11
483,P035,1,0,18,2024-08-26
254,P066,1,1,104,2024-07-09
251,P024,1,1,424,2025-03-21
250,P062,1,0,162,2025-02-26
258,P036,1,0,273,2025-04-19
432,P072,1,0,180,2025-05-21
407,P056,1,0,255,2025-03-28
405,P084,1,0,540,2024-04-05
450,P089,1,1,495,2025-03-30
523,P039,1,0,590,2024-06-21
260,P050,1,1,466,2024-03-31
257,P033,1,0,232,2024-12-08
228,P012,1,0,348,2025-03-23
307,P040,1,1,157,2024-07-19
415,P036,1,0,166,2025-01-22
506,P075,1,0,578,2025-01-19
238,P099,1,1,407,2025-02-03
315,P086,1,1,75,2024-05-04
439,P069,1,0,152,2024-05-29
225,P086,1,1,149,2024-09-29
297,P072,1,0,150,2024-07-09
563,P007,1,0,488,2024-07-31
218,P063,1,1,581,2024-10-03
128,P050,1,1,75,2024-07-27
364,P053,1,0,318,2025-06-17
594,P042,1,0,523,2024-09-07
127,P034,1,0,345,2025-01-29
452,P042,1,1,470,2025-02-12
434,P086,1,0,481,2025-05-29
298,P072,1,1,12,2024-02-25
554,P046,1,0,78,2024-05-14
570,P051,1,1,500,2025-03-10
234,P082,1,0,280,2024-08-07
596,P054,1,0,179,2025-04-23
119,P048,1,0,119,2024-09-18
593,P056,1,0,207,2024-09-14
510,P033,1,0,53,2024-03-03
250,P020,1,0,532,2025-03-17
327,P033,1,0,112,2025-01-12
171,P007,1,0,343,2024-03-25
424,P074,1,0,595,2025-06-24
278,P086,1,1,32,2024-12-14
310,P048,1,1,113,2024-08-29
215,P041,1,1,337,2024-02-20
379,P012,1,1,279,2024-07-11
568,P024,1,0,586,2025-05-27
545,P061,1,0,430,2024-07-28
196,P063,1,1,58,2024-10-12
166,P027,1,0,571,2024-04-08
101,P052,1,0,527,2024-03-20
478,P063,1,0,49,2025-01-07
178,P017,1,1,93,2025-06-25
237,P045,1,0,312,2025-02-20
286,P080,1,1,31,2024-12-07
534,P017,1,0,29,2024-07-03
280,P079,1,1,449,2024-04-07
591,P015,1,0,230,2024-11-20
563,P065,1,0,55,2024-11-15
583,P001,1,1,505,2025-05-05
475,P095,1,1,385,2024-05-06
214,P006,1,0,88,2024-01-12
405,P097,1,0,153,2024-04-21
306,P071,1,1,476,2024-10-21
274,P026,1,0,122,2024-10-16
329,P031,1,0,54,2024-10-17
226,P011,1,1,139,2025-03-30
245,P032,1,0,193,2025-02-27
318,P053,1,0,417,2024-02-14
190,P029,1,0,421,2024-03-29
564,P053,1,0,357,2025-06-06
112,P054,1,0,266,2025-04-09
267,P043,1,0,163,2025-03-07
334,P018,1,0,257,2025-02-18
423,P061,1,1,68,2024-05-27
333,P093,1,0,125,2024-01-08
104,P046,1,1,457,2025-05-14
122,P055,1,1,12,2024-11-22
337,P010,1,0,192,2024-03-26
458,P067,1,0,402,2025-04-09
546,P089,1,1,217,2024-07-03
598,P031,1,0,202,2024-08-23
490,P090,1,0,27,2025-01-14
240,P068,1,0,337,2024-03-24
546,P054,1,0,494,2024-02-27
559,P057,1,1,313,2024-07-11
175,P014,1,1,550,2024-08-20
117,P019,1,0,190,2025-02-09
450,P034,1,0,551,2024-12-08
422,P088,1,0,123,2024-01-26
174,P093,1,0,321,2024-03-11
539,P100,1,1,76,2024-11-26
464,P040,1,1,526,2024-02-03
499,P041,1,0,61,2024-08-14
198,P037,1,0,383,2024-09-10
215,P054,1,0,253,2024-01-07
262,P062,1,1,387,2024-11-05
200,P060,1,1,64,2024-01-03
396,P070,1,0,132,2025-02-19
495,P034,1,0,471,2025-04-04
117,P082,1,1,160,2024-04-08
503,P060,1,0,286,2025-03-27
132,P015,1,0,359,2024-06-22
383,P088,1,0,227,2025-04-26
148,P058,1,1,562,2025-01-18
295,P068,1,0,474,2025-01-22
410,P057,1,0,47,2024-12-29
410,P013,1,0,252,2024-09-01
116,P098,1,1,80,2024-02-28
452,P045,1,1,381,2024-03-26
497,P049,1,1,571,2024-07-12
227,P092,1,1,85,2025-05-14
402,P028,1,0,304,2025-05-26
115,P067,1,1,273,2024-11-03
123,P050,1,0,313,2024-12-29
524,P020,1,1,352,2024-07-26
577,P048,1,0,31,2025-05-24
537,P049,1,0,16,2024-09-24
301,P024,1,0,490,2024-11-24
318,P019,1,1,196,2025-04-05
157,P075,1,1,173,2025-02-24
114,P098,1,0,402,2024-03-07
163,P072,1,0,534,2024-01-21
479,P016,1,0,235,2025-03-22
530,P001,1,1,79,2024-10-12
533,P074,1,0,579,2024-03-09
435,P060,1,0,60,2024-07-20
170,P064,1,1,425,2024-06-21
371,P004,1,0,546,2025-04-17
339,P063,1,0,60,2024-03-27
243,P086,1,1,485,2024-05-17
458,P050,1,1,142,2024-04-12
154,P073,1,0,447,2025-02-14
257,P056,1,0,512,2025-04-05
204,P082,1,0,380,2025-02-03
457,P073,1,1,124,2024-06-20
177,P005,1,0,133,2024-07-28
289,P052,1,0,592,2025-04-15
509,P037,1,1,553,2024-06-27
281,P006,1,0,517,2024-12-31
155,P055,1,0,282,2025-06-21
314,P082,1,0,203,2025-01-06
378,P016,1,1,143,2024-04-25
351,P094,1,0,278,2025-06-05
331,P037,1,0,471,2024-09-01
292,P079,1,1,351,2024-11-10
211,P069,1,0,391,2025-01-30
410,P075,1,1,490,2024-05-07
191,P045,1,0,46,2024-03-23
414,P026,1,0,399,2024-09-17
319,P082,1,1,136,2024-06-01
296,P063,1,0,101,2025-03-06
593,P075,1,1,203,2024-08-03
290,P031,1,1,48,2024-08-05
422,P010,1,0,578,2025-05-04
386,P028,1,0,338,2025-02-06
372,P017,1,1,498,2025-01-17
219,P031,1,0,349,2024-07-01
317,P089,1,0,64,2024-05-19
407,P087,1,0,572,2025-05-17
230,P062,1,1,136,2024-04-26
196,P072,1,0,422,2024-07-20
249,P096,1,0,135,2025-04-07
219,P074,1,0,140,2024-05-20
397,P029,1,0,461,2025-04-16
362,P056,1,0,18,2024-09-07
391,P084,1,0,459,2025-01-17
529,P098,1,1,66,2024-11-19
267,P062,1,1,516,2025-05-09
500,P073,1,0,479,2024-11-03
205,P010,1,0,318,2024-08-04
255,P083,1,0,221,2024-12-24
227,P065,1,1,88,2024-03-11
454,P043,1,0,370,2024-02-02
539,P076,1,0,480,2024-06-10
126,P080,1,0,537,2024-02-05
476,P025,1,0,392,2025-04-06
430,P046,1,0,200,2024-09-19
201,P026,1,1,112,2025-02-20
375,P049,1,0,14,2025-06-17
375,P041,1,0,26,2025-02-13
394,P098,1,0,243,2024-10-06
237,P014,1,0,79,2024-01-17
254,P019,1,0,495,2024-09-23
419,P025,1,0,295,2024-06-02
159,P001,1,0,547,2024-03-13
359,P070,1,1,435,2024-04-26
210,P020,1,1,261,2025-01-13
330,P042,1,0,551,2024-11-10
508,P065,1,1,89,2024-04-13
146,P042,1,1,521,2024-02-08
538,P025,1,0,479,2025-01-13
303,P007,1,1,104,2025-02-25
247,P088,1,0,403,2024-07-10
255,P043,1,0,300,2025-03-02
184,P001,1,0,136,2024-08-24
275,P091,1,0,408,2024-06-22
174,P085,1,0,593,2024-10-18
103,P063,1,0,465,2024-09-09
442,P038,1,0,292,2025-01-29
297,P008,1,1,358,2024-09-22
342,P088,1,0,61,2025-03-03
126,P032,1,1,548,2024-03-19
127,P057,1,1,376,2024-04-20
301,P025,1,0,146,2024-03-17
233,P081,1,1,97,2024-06-30
101,P022,1,0,308,2024-04-19
350,P044,1,0,78,2025-01-27
364,P006,1,1,355,2025-03-22
230,P086,1,0,551,2024-12-09
239,P016,1,0,233,2024-07-20
323,P051,1,0,22,2024-05-23
366,P044,1,1,78,2024-12-02
564,P056,1,1,337,2024-04-29
325,P083,1,1,111,2025-01-17
473,P061,1,1,184,2024-03-01
461,P043,1,0,321,2024-07-01
188,P011,1,1,128,2024-04-15
434,P037,1,0,594,2024-10-03
358,P015,1,0,122,2024-10-18
104,P097,1,0,231,2025-06-09
593,P047,1,1,416,2024-07-13
398,P016,1,0,182,2025-02-26
265,P020,1,0,133,2024-06-15
521,P091,1,0,120,2025-04-06
255,P006,1,0,62,2025-06-02
432,P039,1,1,324,2025-03-22
417,P065,1,1,543,2025-02-04
307,P047,1,1,314,2024-03-16
454,P070,1,0,484,2024-07-10
582,P077,1,0,263,2025-01-29
335,P086,1,0,114,2025-03-02
260,P035,1,1,600,2024-05-06
566,P041,1,0,163,2024-04-26
387,P084,1,0,107,2024-04-10
198,P008,1,1,332,2024-05-20
212,P014,1,0,422,2025-06-30
493,P022,1,0,306,2024-07-06
379,P033,1,1,22,2024-05-08
176,P093,1,1,267,2025-02-08
190,P051,1,0,93,2024-09-05
500,P021,1,0,152,2024-11-16
227,P097,1,0,172,2024-09-04
375,P055,1,0,50,2025-04-03
343,P050,1,0,328,2024-05-17
417,P094,1,0,558,2025-05-20
428,P091,1,0,414,2025-04-26
255,P007,1,1,521,2025-05-13
542,P018,1,0,50,2025-04-04
433,P044,1,0,309,2024-02-23
111,P031,1,0,46,2025-01-14
538,P010,1,0,514,2024-05-28
246,P060,1,0,362,2024-10-10
194,P056,1,0,306,2024-03-07
324,P096,1,1,554,2024-07-31
404,P023,1,0,454,2024-08-27
398,P071,1,0,199,2024-08-12
385,P085,1,0,574,2024-06-22
508,P066,1,1,205,2025-01-25
432,P025,1,1,180,2025-04-15
382,P084,1,0,538,2024-01-22
345,P095,1,0,290,2024-07-03
434,P030,1,0,477,2024-08-24
141,P067,1,1,386,2024-08-28
137,P011,1,1,446,2024-07-10
446,P011,1,1,205,2024-11-22
228,P040,1,1,488,2024-02-28
278,P001,1,0,13,2025-05-22
346,P048,1,0,581,2024-10-31
390,P037,1,1,419,2024-07-21
501,P045,1,0,396,2025-05-31
314,P091,1,0,138,2024-03-13
222,P070,1,0,343,2025-01-02
138,P079,1,0,575,2024-10-13
479,P046,1,0,185,2024-06-15
561,P048,1,1,350,2024-12-10
152,P026,1,0,45,2024-12-01
414,P009,1,0,311,2024-04-08
398,P053,1,0,372,2024-04-22
572,P096,1,1,111,2024-01-27
406,P053,1,0,326,2024-12-16
155,P087,1,0,449,2024-08-22
306,P097,1,0,20,2024-12-09
476,P004,1,0,76,2025-05-18
222,P064,1,0,154,2024-08-30
234,P018,1,0,508,2025-05-29
503,P060,1,0,213,2024-06-25
211,P082,1,1,124,2024-05-23
365,P011,1,0,74,2025-06-22
518,P080,1,1,593,2024-08-23
281,P040,1,1,463,2024-11-23
550,P018,1,0,82,2024-06-14
326,P096,1,0,443,2024-09-07
488,P064,1,0,82,2024-03-30
257,P078,1,0,254,2024-04-17
560,P003,1,1,525,2025-02-16
183,P031,1,0,452,2024-12-08
501,P075,1,0,36,2024-01-28
221,P069,1,0,531,2024-01-20
225,P091,1,0,314,2025-01-16
467,P012,1,1,48,2024-02-15
167,P009,1,1,166,2024-11-07
139,P091,1,0,34,2024-03-30
330,P006,1,0,540,2024-09-25
598,P055,1,0,444,2025-04-26
373,P058,1,1,206,2024-07-07
489,P009,1,0,591,2025-05-04
542,P002,1,0,141,2024-01-22
244,P025,1,1,328,2025-05-22
231,P028,1,1,219,2024-11-10
257,P017,1,0,54,2025-02-25
285,P009,1,0,31,2024-10-28
532,P051,1,0,77,2024-01-13
423,P038,1,0,214,2024-05-04
221,P044,1,0,351,2025-04-11
393,P039,1,0,58,2025-04-28
490,P019,1,1,140,2024-08-25
406,P046,1,0,485,2024-05-13
437,P011,1,0,396,2024-03-19
464,P067,1,1,582,2025-05-23
467,P071,1,0,512,2025-03-09
344,P095,1,0,389,2024-03-06
212,P065,1,0,485,2024-03-19
166,P028,1,1,559,2024-03-27
373,P074,1,0,477,2024-06-13
122,P036,1,1,497,2024-08-18
120,P036,1,0,129,2024-09-15
264,P044,1,1,523,2025-02-23
576,P066,1,0,477,2024-08-16
244,P015,1,1,578,2024-02-01
356,P075,1,1,422,2024-11-15
473,P087,1,0,263,2024-04-19
279,P063,1,0,532,2024-12-05
418,P025,1,1,118,2024-11-29
223,P085,1,0,153,2024-02-03
286,P036,1,0,205,2024-08-29
399,P024,1,0,93,2024-11-19
229,P004,1,0,243,2025-06-12
261,P054,1,0,18,2024-05-23
128,P095,1,0,86,2024-12-29
201,P059,1,1,295,2024-07-09
129,P088,1,0,377,2024-12-22
469,P044,1,0,337,2024-09-30
245,P098,1,0,470,2025-06-12
463,P076,1,1,433,2025-04-11
340,P090,1,1,548,2024-06-17
430,P092,1,1,148,2024-04-18
491,P005,1,1,49,2025-04-11
500,P018,1,1,19,2024-10-10
112,P099,1,1,327,2025-05-21
490,P009,1,0,187,2024-10-29
307,P014,1,1,464,2025-01-10
443,P063,1,1,25,2024-10-13
149,P003,1,1,328,2025-03-13
310,P062,1,0,544,2025-03-04
232,P035,1,0,453,2024-05-09
495,P038,1,0,519,2024-03-01
457,P034,1,1,571,2025-02-28
341,P011,1,0,26,2024-04-30
358,P060,1,0,24,2024-08-24
225,P021,1,0,484,2024-02-18
455,P037,1,1,310,2024-08-17
503,P097,1,0,484,2024-09-07
169,P040,1,0,443,2025-06-26
390,P079,1,0,272,2024-03-02
487,P028,1,1,68,2024-09-24
509,P030,1,1,113,2025-04-20
327,P080,1,1,522,2024-05-26
234,P052,1,1,174,2024-10-17
340,P003,1,0,550,2024-05-04
154,P088,1,0,70,2024-04-05
362,P055,1,0,260,2024-05-19
227,P011,1,0,375,2025-01-23
518,P048,1,0,532,2024-05-07
186,P060,1,0,92,2025-05-01
130,P003,1,0,287,2024-09-04
563,P098,1,0,287,2024-07-21
474,P020,1,0,400,2025-04-25
252,P004,1,1,348,2024-08-03
295,P018,1,0,103,2024-06-07
206,P016,1,0,354,2024-09-21
156,P082,1,0,126,2024-01-28
428,P018,1,0,398,2024-01-12
351,P014,1,0,421,2024-07-27
128,P005,1,0,141,2024-06-29
139,P087,1,0,281,2024-06-16
432,P055,1,0,260,2025-01-09
518,P026,1,1,281,2024-05-19
262,P100,1,0,132,2024-05-06
527,P053,1,0,330,2024-11-14
239,P095,1,0,433,2024-03-28
374,P036,1,0,332,2024-08-02
325,P098,1,0,558,2024-06-06
306,P068,1,0,387,2024-03-02
374,P014,1,0,328,2024-02-02
194,P025,1,0,209,2024-12-21
385,P048,1,1,245,2024-12-22
362,P008,1,1,221,2024-12-07
549,P083,1,0,530,2025-06-14
116,P044,1,0,517,2024-11-19
124,P064,1,1,530,2024-03-31
400,P088,1,1,471,2024-08-04
285,P034,1,0,144,2025-01-01
193,P036,1,1,494,2025-05-19
351,P062,1,0,302,2024-10-07
390,P050,1,0,261,2024-02-04
257,P055,1,0,64,2024-02-19
323,P002,1,0,591,2025-06-28
548,P066,1,0,409,2024-10-31
380,P056,1,0,478,2025-01-07
513,P047,1,0,518,2025-04-18
404,P030,1,1,370,2024-10-24
435,P049,1,0,113,2024-05-23
163,P003,1,0,34,2025-04-24
181,P047,1,0,372,2024-07-21
409,P056,1,0,104,2025-03-20
131,P074,1,1,237,2024-05-24
532,P081,1,1,268,2025-04-24
116,P057,1,1,156,2025-02-10
588,P018,1,0,116,2025-05-03
252,P026,1,0,413,2024-02-28
212,P017,1,0,70,2024-08-24
484,P088,1,1,314,2024-09-09
446,P082,1,1,530,2025-06-27
233,P035,1,0,480,2025-01-01
180,P088,1,0,447,2024-04-02
503,P064,1,1,280,2025-02-28
472,P034,1,0,323,2024-12-28
465,P080,1,0,477,2025-06-03
549,P015,1,0,469,2024-07-16
472,P014,1,0,304,2024-05-27
325,P094,1,0,551,2024-08-22
168,P019,1,1,296,2024-01-25
183,P028,1,1,223,2025-02-07
542,P086,1,0,497,2025-01-31
153,P060,1,0,287,2024-02-01
493,P086,1,0,51,2024-10-11
473,P050,1,0,385,2024-04-11
142,P021,1,1,396,2024-08-24
359,P011,1,0,26,2024-12-24
104,P018,1,1,144,2025-06-28
468,P078,1,0,48,2025-05-03
497,P084,1,0,356,2024-12-31
187,P068,1,1,148,2025-03-28
500,P054,1,0,503,2024-10-06
194,P027,1,1,225,2024-11-21
458,P034,1,0,244,2025-04-12
200,P094,1,0,461,2025-06-16
594,P028,1,1,438,2024-07-10
141,P045,1,0,52,2024-01-13
171,P049,1,0,511,2025-03-27
488,P022,1,0,273,2024-07-17
558,P081,1,1,267,2025-06-18
298,P073,1,1,401,2024-12-17
211,P064,1,0,379,2024-12-31
344,P032,1,0,36,2024-12-30
193,P001,1,1,591,2024-07-18
134,P072,1,0,237,2024-02-01
441,P073,1,0,62,2025-05-02
419,P027,1,0,488,2025-04-05
536,P030,1,0,143,2025-05-02
199,P036,1,0,328,2025-06-13
275,P007,1,0,474,2025-01-17
411,P082,1,1,37,2025-06-22
177,P053,1,1,28,2024-01-01
412,P008,1,0,164,2024-06-25
115,P072,1,1,499,2024-03-28
547,P021,1,0,544,2024-10-12
278,P024,1,0,341,2025-02-27
496,P005,1,0,250,2024-08-02
139,P042,1,1,538,2025-04-20
585,P045,1,0,481,2025-01-04
329,P080,1,0,212,2024-06-20
201,P002,1,1,548,2024-02-28
507,P056,1,0,299,2024-03-09
339,P044,1,0,183,2024-10-13
163,P029,1,0,58,2025-03-30
363,P081,1,1,443,2025-05-20
433,P045,1,1,506,2024-11-28
275,P088,1,1,356,2024-01-06
401,P044,1,1,109,2024-11-06
272,P006,1,0,458,2024-06-29
562,P032,1,0,432,2024-10-25
447,P051,1,0,466,2024-07-01
357,P055,1,0,116,2024-05-07
248,P099,1,1,147,2024-02-10
258,P029,1,1,576,2024-10-03
492,P085,1,0,57,2024-09-22
565,P052,1,0,118,2025-05-13
549,P050,1,0,208,2024-10-29
410,P026,1,1,303,2024-04-19
318,P092,1,0,469,2024-09-19
596,P005,1,0,579,2025-03-05
389,P066,1,1,378,2025-06-29
262,P058,1,0,87,2024-03-29
128,P051,1,1,457,2025-04-13
429,P020,1,0,306,2024-04-03
359,P058,1,1,251,2025-04-05
376,P079,1,0,231,2025-04-10
343,P007,1,0,173,2024-10-12
395,P028,1,0,451,2024-09-29
283,P087,1,1,544,2024-05-30
575,P034,1,0,459,2024-01-15
239,P057,1,0,309,2024-02-10
348,P081,1,1,215,2025-02-02
277,P009,1,1,467,2025-01-17
302,P075,1,0,452,2024-05-22
488,P007,1,0,172,2025-04-25
588,P027,1,0,518,2024-04-30
173,P047,1,0,505,2024-07-08
138,P020,1,0,14,2024-01-28
383,P100,1,0,478,2025-06-02
542,P074,1,0,127,2025-01-11
220,P019,1,1,322,2024-07-04
275,P100,1,0,399,2024-01-21
104,P075,1,1,10,2024-12-07
570,P063,1,1,227,2025-02-21
435,P078,1,0,220,2024-02-01
204,P035,1,0,261,2025-02-19
274,P084,1,0,138,2025-06-11
266,P056,1,1,558,2024-09-30
416,P087,1,1,464,2025-03-27
518,P004,1,1,520,2024-02-14
319,P006,1,0,520,2024-10-05
581,P049,1,0,294,2024-09-02
227,P057,1,0,62,2024-10-11
476,P076,1,0,509,2024-11-12
557,P037,1,0,406,2025-03-24
143,P085,1,1,400,2024-09-01
358,P090,1,0,457,2024-07-09
548,P011,1,0,499,2025-05-16
510,P039,1,0,342,2024-09-18
598,P048,1,1,457,2025-03-15
163,P068,1,0,307,2025-05-26
258,P009,1,0,184,2025-05-15
360,P047,1,0,75,2024-09-13
156,P093,1,1,525,2025-05-27
341,P023,1,0,222,2024-09-21
452,P074,1,0,94,2024-06-13
170,P027,1,1,234,2025-06-20
560,P021,1,0,331,2024-01-25
108,P060,1,1,135,2024-08-04
541,P018,1,1,16,2024-10-23
468,P035,1,1,274,2024-12-25
315,P059,1,0,82,2025-01-07
525,P086,1,0,123,2025-04-20
433,P090,1,0,409,2024-01-08
252,P041,1,0,571,2024-08-24
396,P011,1,0,421,2024-11-13
290,P057,1,1,420,2025-05-18
572,P086,1,0,419,2025-01-16
519,P061,1,1,453,2025-01-29
306,P033,1,0,413,2024-02-17
388,P046,1,0,18,2025-05-27
444,P095,1,0,153,2025-03-22
260,P043,1,0,199,2024-03-13
352,P047,1,0,304,2025-06-15
354,P068,1,0,581,2025-05-28
350,P019,1,0,379,2024-11-02
480,P036,1,0,180,2024-01-06
321,P010,1,1,577,2025-01-05
455,P006,1,0,184,2025-04-23
502,P087,1,0,548,2025-03-18
502,P088,1,0,45,2024-03-04
295,P062,1,0,322,2025-02-28
541,P056,1,0,48,2024-09-08
184,P012,1,0,263,2024-02-26
200,P012,1,1,204,2024-09-01
224,P003,1,0,121,2024-04-24
511,P066,1,0,31,2025-02-14
282,P033,1,1,554,2024-11-27
276,P067,1,0,337,2025-01-15
169,P090,1,0,374,2024-06-06
392,P051,1,0,361,2024-03-17
242,P025,1,0,478,2024-09-16
278,P059,1,1,545,2024-08-04
263,P010,1,0,595,2024-07-23
433,P065,1,0,101,2024-09-04
269,P045,1,0,444,2025-03-18
599,P032,1,1,218,2024-12-29
464,P096,1,1,457,2024-09-13
135,P060,1,1,556,2024-05-24
268,P088,1,0,57,2024-05-05
408,P079,1,1,123,2025-03-18
167,P034,1,0,323,2025-04-26
316,P091,1,0,210,2025-02-06
511,P088,1,1,300,2024-05-20
321,P068,1,0,129,2025-05-11
595,P076,1,0,205,2025-03-20
347,P073,1,1,59,2024-04-02
517,P001,1,0,516,2024-03-19
411,P098,1,0,330,2024-05-10
529,P002,1,0,562,2025-04-10
182,P013,1,0,137,2025-01-09
427,P010,1,1,52,2024-10-07
561,P046,1,1,401,2024-06-24
524,P040,1,1,287,2025-03-03
453,P024,1,0,46,2024-04-06
301,P044,1,0,427,2024-08-10
424,P031,1,1,227,2024-12-27
119,P067,1,0,304,2024-07-12
475,P017,1,0,141,2024-11-26
224,P087,1,1,103,2024-10-10
108,P031,1,0,516,2024-11-17
261,P077,1,1,300,2024-03-08
445,P036,1,0,72,2024-05-24
553,P037,1,1,314,2024-07-13
486,P045,1,0,509,2024-10-13
289,P002,1,1,227,2024-09-09
583,P024,1,1,65,2025-04-21
113,P018,1,0,286,2024-01-05
255,P026,1,0,34,2024-01-13
340,P062,1,0,580,2024-06-27
221,P087,1,0,257,2024-05-12
488,P063,1,0,235,2025-05-16
324,P046,1,0,273,2025-03-27
304,P009,1,0,140,2025-03-30
283,P061,1,0,355,2024-11-24
259,P072,1,0,305,2025-04-24
581,P013,1,0,408,2025-02-20
320,P014,1,0,262,2024-08-10
509,P099,1,1,140,2024-09-29
192,P060,1,1,62,2024-05-22
593,P009,1,0,70,2024-04-10
207,P033,1,0,265,2024-02-21
324,P021,1,0,562,2024-12-04
359,P024,1,0,467,2025-04-29
197,P028,1,1,588,2024-03-12
526,P017,1,1,54,2024-08-14
331,P015,1,1,122,2024-05-31
327,P045,1,1,258,2025-01-06
262,P060,1,1,99,2024-10-21
511,P024,1,0,101,2025-03-07
582,P087,1,0,191,2024-02-04
527,P091,1,0,343,2024-03-31
124,P001,1,1,292,2024-09-14
198,P051,1,0,230,2025-02-05
237,P038,1,0,225,2024-06-13
484,P100,1,1,438,2024-04-05
230,P019,1,0,17,2024-02-27
338,P081,1,0,179,2025-03-28
304,P092,1,1,254,2024-11-22
181,P060,1,1,58,2025-06-03
563,P058,1,1,337,2025-05-08
155,P008,1,1,233,2024-07-11
377,P097,1,0,233,2024-02-10
108,P006,1,1,54,2024-03-02
441,P055,1,0,153,2024-12-16
364,P094,1,0,497,2025-04-01
553,P043,1,0,422,2025-01-13
383,P053,1,0,500,2024-06-18
384,P085,1,0,483,2024-01-29
224,P038,1,0,441,2024-08-09
213,P024,1,1,303,2025-01-22
282,P084,1,1,433,2025-06-25
246,P099,1,0,352,2024-10-30
484,P053,1,1,215,2024-12-06
162,P060,1,0,516,2024-07-27
261,P097,1,0,537,2025-01-10
156,P094,1,0,415,2025-01-30
284,P091,1,1,379,2025-02-22
268,P053,1,0,52,2024-08-22
462,P029,1,0,332,2024-06-06
194,P073,1,0,288,2025-06-12
232,P082,1,0,100,2024-01-09
389,P021,1,0,140,2024-11-29
148,P094,1,0,356,2024-12-27
346,P076,1,1,387,2024-07-21
333,P083,1,0,245,2025-05-11
304,P053,1,0,289,2024-03-12
246,P019,1,0,324,2024-08-07
130,P024,1,1,493,2024-02-17
380,P010,1,0,508,2024-06-07
192,P076,1,1,156,2024-05-04
109,P080,1,0,380,2024-06-01
260,P086,1,0,166,2024-06-19
411,P082,1,0,43,2024-03-30
467,P087,1,1,322,2025-02-07
560,P018,1,1,276,2024-01-27
336,P056,1,1,346,2024-07-21
409,P007,1,1,489,2024-08-05
438,P085,1,0,520,2025-02-16
335,P088,1,1,34,2024-02-21
587,P057,1,1,169,2024-11-14
256,P052,1,0,411,2025-01-21
412,P040,1,1,585,2024-08-15
321,P088,1,0,588,2024-11-12
208,P067,1,0,527,2024-06-11
550,P088,1,1,374,2024-01-17
372,P042,1,0,195,2024-12-08
504,P082,1,0,179,2025-05-03
506,P024,1,0,399,2024-05-29
208,P100,1,0,345,2025-04-03
477,P021,1,0,260,2024-11-07
468,P053,1,1,179,2025-04-29
593,P008,1,1,286,2025-04-23
191,P025,1,1,256,2024-09-16
427,P033,1,0,436,2025-02-11
154,P006,1,0,112,2024-11-01
407,P094,1,1,405,2024-03-30
380,P007,1,0,535,2025-02-09
187,P065,1,1,405,2025-06-16
457,P067,1,0,183,2024-10-05
598,P033,1,1,270,2024-01-20
487,P032,1,1,378,2024-03-26
367,P055,1,1,341,2025-03-03
510,P012,1,0,316,2024-10-06
125,P072,1,1,243,2024-08-28
545,P013,1,1,263,2024-01-29
163,P051,1,1,205,2024-10-01
341,P054,1,1,79,2024-05-18
431,P027,1,0,515,2024-09-10
424,P079,1,1,12,2024-04-03
498,P087,1,0,173,2024-01-29
140,P050,1,0,108,2025-05-28
492,P047,1,0,41,2024-01-07
422,P020,1,0,111,2025-01-07
178,P028,1,0,209,2024-09-05
517,P051,1,1,232,2024-03-09
250,P099,1,0,576,2024-06-30
141,P022,1,0,56,2024-07-06
226,P016,1,1,446,2025-05-10
196,P005,1,0,197,2024-12-22
410,P003,1,0,110,2025-04-12
349,P082,1,0,418,2024-01-15
104,P090,1,0,117,2024-03-22
588,P060,1,0,360,2024-08-05
521,P097,1,0,311,2024-11-12
372,P031,1,0,233,2025-06-06
566,P100,1,0,126,2025-01-16
568,P010,1,0,301,2025-05-19
256,P056,1,1,128,2024-04-26
339,P081,1,0,575,2025-04-08
106,P018,1,0,154,2025-06-29
596,P024,1,0,270,2024-02-24
124,P080,1,0,542,2024-01-10
541,P070,1,1,216,2024-10-16
422,P092,1,1,126,2024-07-02
529,P027,1,0,125,2025-01-24
442,P088,1,0,35,2025-01-18
541,P077,1,1,229,2024-07-01
236,P090,1,0,569,2024-08-27
172,P088,1,1,368,2024-07-10
465,P058,1,0,174,2025-01-04
176,P084,1,0,177,2024-03-31
213,P015,1,0,457,2025-04-23
389,P045,1,1,307,2024-06-18
371,P096,1,0,181,2025-01-30
353,P087,1,0,113,2024-03-26
306,P058,1,1,123,2024-04-25
512,P056,1,0,559,2025-02-25
478,P018,1,1,17,2024-07-02
264,P013,1,0,203,2025-06-03
304,P033,1,0,452,2025-03-29
220,P100,1,0,184,2024-06-24
121,P079,1,1,316,2024-03-26
348,P088,1,0,223,2024-01-24
245,P087,1,0,379,2024-07-21
140,P078,1,1,297,2024-03-17
132,P086,1,0,38,2025-04-03
266,P041,1,0,550,2024-09-22
357,P041,1,0,570,2024-10-25
312,P063,1,0,73,2024-08-26
501,P064,1,1,266,2025-03-22
332,P079,1,0,60,2024-01-08
387,P084,1,1,242,2024-01-25
434,P058,1,0,289,2024-10-28
526,P006,1,0,532,2024-08-25
265,P042,1,1,17,2024-03-27
355,P021,1,0,181,2025-04-10
429,P077,1,0,258,2024-05-20
381,P024,1,1,36,2024-04-30
534,P089,1,1,251,2024-05-13
106,P047,1,0,102,2024-06-10
133,P025,1,0,38,2025-03-13
559,P026,1,0,556,2024-02-01
138,P080,1,1,50,2025-01-07
116,P023,1,0,52,2025-02-14
262,P009,1,0,490,2024-10-06
539,P061,1,0,100,2025-04-16
126,P086,1,0,288,2024-12-26
581,P057,1,1,456,2025-06-06
385,P052,1,0,101,2024-06-16
558,P033,1,0,468,2024-01-26
258,P082,1,0,566,2024-03-23
582,P032,1,1,543,2024-05-03
396,P008,1,0,112,2024-10-07
521,P043,1,1,426,2025-05-26
508,P089,1,0,485,2025-03-25
314,P010,1,1,356,2024-05-12
238,P073,1,0,39,2024-04-08
348,P005,1,1,166,2024-04-06
331,P055,1,0,349,2024-03-17
578,P062,1,0,51,2024-05-12
553,P020,1,1,220,2024-01-05
229,P091,1,0,245,2024-11-08
332,P065,1,0,460,2025-04-16
437,P018,1,0,204,2024-06-01
131,P080,1,0,196,2025-06-28
238,P068,1,1,578,2025-04-30
502,P031,1,0,524,2025-05-25
190,P059,1,0,204,2024-08-08
422,P093,1,0,493,2024-01-17
184,P090,1,0,40,2024-09-05
395,P065,1,0,443,2024-07-19
466,P078,1,1,325,2025-01-28
247,P069,1,0,282,2024-05-18
447,P059,1,0,580,2024-08-26
264,P093,1,0,365,2024-05-14
464,P031,1,1,89,2025-03-02
439,P059,1,0,180,2024-06-08
343,P032,1,0,241,2024-08-28
539,P040,1,0,409,2024-06-10
129,P014,1,0,444,2024-07-18
226,P035,1,0,129,2024-09-25
454,P018,1,0,393,2025-02-11
454,P026,1,0,361,2024-06-30
598,P054,1,0,420,2024-06-24
510,P068,1,1,439,2024-07-05
555,P028,1,0,383,2025-04-15
117,P037,1,0,282,2025-01-07
286,P092,1,0,323,2024-07-27
239,P038,1,0,96,2024-03-20
154,P060,1,0,281,2024-09-28
251,P073,1,0,499,2024-10-22
186,P098,1,0,577,2025-06-28
468,P039,1,0,317,2025-01-22
222,P065,1,0,385,2024-03-17
183,P080,1,0,135,2025-02-21
240,P097,1,0,187,2024-09-14
439,P050,1,0,192,2025-05-28
327,P023,1,0,461,2024-07-28
266,P028,1,1,550,2025-05-22
292,P098,1,1,593,2024-05-01
285,P031,1,0,72,2025-04-20
262,P016,1,0,387,2024-03-18
509,P068,1,0,294,2025-05-06
553,P073,1,0,250,2024-02-19
274,P060,1,1,185,2024-09-23
267,P095,1,0,88,2024-01-27
471,P065,1,0,153,2024-09-14
308,P039,1,0,499,2025-01-28
582,P022,1,0,220,2024-02-18
519,P082,1,0,285,2025-03-01
107,P055,1,0,408,2024-04-26
472,P004,1,0,433,2024-09-05
484,P058,1,0,114,2024-05-30
510,P009,1,1,512,2024-02-07
298,P044,1,0,444,2024-03-20
535,P099,1,0,458,2024-03-26
280,P075,1,0,114,2024-04-20
562,P022,1,0,12,2024-05-22
473,P025,1,0,435,2024-02-15
101,P033,1,0,201,2025-05-07
185,P072,1,1,564,2025-03-01
505,P066,1,0,146,2024-04-25
574,P023,1,0,577,2025-02-04
555,P011,1,0,571,2024-10-29
173,P048,1,0,483,2025-02-08
491,P049,1,1,473,2025-06-01
549,P034,1,0,43,2024-03-04
432,P009,1,0,96,2024-10-11
530,P035,1,0,273,2025-02-05
108,P083,1,0,238,2025-05-15
187,P032,1,1,556,2025-03-09
135,P092,1,0,387,2024-06-22
366,P091,1,0,289,2025-04-12
600,P042,1,1,491,2025-03-23
210,P097,1,0,525,2024-06-23
404,P030,1,0,358,2024-11-17
356,P062,1,1,490,2024-08-01
300,P057,1,0,26,2025-04-25
260,P093,1,1,112,2024-02-11
289,P076,1,0,289,2024-04-15
263,P001,1,0,245,2024-02-27
600,P031,1,0,454,2024-01-27
548,P018,1,1,374,2025-02-23
417,P081,1,0,445,2024-01-16
538,P080,1,0,226,2024-12-31
258,P087,1,0,412,2024-01-18
565,P063,1,0,93,2024-06-24
145,P008,1,0,522,2024-10-24
167,P050,1,0,150,2025-01-23
260,P084,1,0,116,2025-06-23
112,P017,1,0,363,2024-10-27
132,P065,1,0,249,2024-11-25
308,P048,1,0,354,2024-06-10
511,P036,1,1,260,2025-04-26
496,P059,1,1,348,2024-02-08
522,P058,1,1,437,2025-01-06
497,P100,1,0,479,2024-08-16
349,P033,1,1,371,2024-06-07
270,P010,1,0,184,2024-12-04
581,P096,1,1,307,2025-03-05
335,P076,1,1,62,2024-03-25
438,P063,1,0,183,2024-06-10
537,P062,1,1,189,2024-10-07
389,P088,1,0,345,2024-06-14
208,P080,1,0,518,2024-09-17
448,P075,1,1,64,2024-05-25
131,P029,1,1,539,2024-12-13
238,P005,1,0,10,2024-03-01
387,P034,1,0,360,2024-03-25
582,P017,1,0,156,2025-02-28
389,P095,1,0,491,2024-11-23
214,P089,1,1,358,2024-03-11
463,P026,1,1,503,2025-01-19
462,P032,1,0,174,2024-10-18
314,P010,1,0,143,2025-03-20
483,P022,1,0,287,2024-03-01
362,P046,1,0,32,2025-02-11
505,P032,1,0,279,2025-02-21
140,P009,1,1,520,2025-06-22
354,P025,1,0,157,2025-06-17
192,P084,1,0,367,2024-07-12
438,P028,1,1,529,2024-02-12
247,P014,1,1,77,2025-05-07
144,P050,1,0,261,2024-07-26
525,P095,1,1,246,2024-03-03
359,P048,1,0,298,2024-03-29
371,P084,1,0,265,2025-03-05
435,P056,1,0,195,2024-01-17
423,P078,1,0,99,2024-08-15
342,P071,1,1,59,2024-06-11
451,P009,1,0,256,2025-03-01
349,P093,1,1,433,2025-05-25
582,P059,1,0,475,2024-09-02
537,P054,1,0,477,2025-01-21
260,P046,1,0,315,2024-12-04
417,P008,1,0,266,2025-05-31
157,P079,1,0,266,2024-07-25
284,P099,1,1,123,2024-04-20
562,P007,1,0,400,2024-07-28
394,P041,1,0,220,2024-08-28
522,P007,1,1,148,2024-07-15
454,P032,1,0,94,2024-07-29
287,P087,1,1,81,2024-11-14
599,P084,1,1,332,2024-12-10
483,P004,1,0,33,2024-05-26
293,P033,1,0,452,2024-05-21
510,P055,1,0,404,2025-03-26
245,P092,1,0,337,2024-05-06
483,P039,1,0,529,2025-05-03
324,P021,1,0,440,2024-10-19
388,P032,1,1,271,2024-05-19
333,P090,1,1,474,2024-09-12
128,P023,1,1,298,2024-02-24
324,P073,1,0,499,2024-06-21
277,P022,1,1,44,2024-06-10
218,P095,1,0,529,2024-07-30
333,P060,1,0,174,2025-01-18
380,P024,1,1,280,2025-06-27
493,P072,1,1,96,2024-11-03
526,P078,1,0,94,2025-01-28
448,P093,1,0,78,2024-10-09
261,P051,1,1,310,2024-11-01
322,P033,1,0,157,2024-08-31
523,P075,1,0,40,2024-09-21
138,P048,1,0,320,2024-06-08
549,P095,1,1,394,2025-05-22
376,P047,1,0,271,2025-05-20
556,P002,1,0,524,2025-04-26
491,P063,1,1,364,2024-02-16
164,P088,1,0,394,2025-04-07
581,P006,1,1,243,2025-03-09
351,P019,1,1,361,2024-02-15
481,P017,1,1,38,2024-02-28
509,P089,1,0,88,2025-04-17
348,P092,1,0,517,2024-09-04
239,P090,1,0,53,2024-09-11
155,P053,1,0,236,2024-11-01
107,P096,1,0,140,2024-03-30
298,P035,1,0,502,2024-11-27
532,P023,1,0,363,2024-10-22
432,P023,1,1,524,2024-07-25
546,P017,1,1,419,2025-05-16
452,P065,1,0,102,2024-12-29
449,P007,1,0,410,2025-06-17
579,P066,1,0,365,2025-01-02
481,P060,1,0,342,2025-01-08
528,P054,1,1,436,2024-03-23
541,P054,1,0,583,2024-11-04
123,P073,1,0,440,2024-09-01
299,P033,1,0,24,2024-12-15
392,P048,1,0,132,2025-02-27
160,P010,1,0,222,2024-12-08
313,P025,1,0,144,2024-09-24
565,P048,1,0,533,2024-06-01
292,P051,1,1,423,2024-03-09
404,P017,1,0,158,2025-03-15
563,P073,1,0,329,2025-02-01
397,P063,1,1,321,2025-06-22
347,P074,1,1,428,2024-07-21
144,P074,1,0,239,2024-02-29
278,P021,1,0,62,2024-09-23
463,P027,1,0,594,2024-07-06
193,P098,1,0,586,2024-03-21
317,P033,1,0,250,2024-01-05
582,P016,1,0,504,2024-10-15
308,P076,1,1,20,2024-04-23
350,P050,1,0,120,2024-04-02
393,P065,1,0,259,2025-04-22
450,P084,1,0,546,2025-01-06
442,P045,1,0,407,2024-01-05
316,P020,1,0,207,2024-01-13
312,P025,1,0,437,2025-04-26
206,P083,1,1,371,2025-05-17
333,P048,1,0,306,2024-06-19
493,P078,1,1,326,2024-03-07
101,P039,1,0,46,2024-08-10
538,P096,1,0,490,2024-07-27
110,P028,1,0,325,2025-06-20
190,P091,1,0,321,2025-01-25
206,P096,1,0,140,2024-08-22
503,P044,1,0,92,2024-04-28
386,P066,1,1,164,2024-01-14
595,P032,1,1,13,2025-03-15
539,P087,1,1,347,2025-06-01
442,P053,1,0,78,2024-12-08
203,P084,1,1,75,2024-04-15
149,P084,1,0,524,2024-03-21
339,P063,1,1,40,2024-08-02
427,P051,1,0,404,2025-02-06
218,P051,1,1,321,2025-05-06
190,P065,1,0,262,2024-06-11
313,P042,1,1,537,2024-10-13
273,P002,1,0,215,2025-05-18
413,P007,1,1,187,2024-10-11
116,P029,1,0,379,2024-08-11
277,P082,1,1,212,2024-04-20
438,P026,1,0,266,2024-12-17
165,P089,1,0,347,2025-02-28
332,P013,1,1,360,2024-02-18
517,P094,1,0,65,2025-01-13
307,P065,1,0,578,2024-03-04
334,P009,1,0,417,2024-12-03
178,P037,1,1,309,2024-03-14
357,P046,1,0,527,2024-08-31
360,P065,1,0,14,2024-03-16
268,P016,1,0,488,2025-03-28
355,P053,1,0,598,2024-04-01
226,P052,1,1,96,2025-02-22
539,P046,1,0,433,2024-12-20
171,P066,1,0,147,2025-01-31
156,P073,1,1,345,2024-10-02
463,P073,1,1,34,2024-05-14
389,P040,1,1,279,2024-10-30
198,P086,1,1,272,2024-11-23
335,P062,1,0,414,2024-03-19
470,P031,1,1,558,2025-03-23
276,P081,1,0,26,2024-02-04
463,P075,1,0,386,2024-12-20
469,P052,1,1,464,2025-06-11
197,P019,1,0,587,2025-01-08
592,P097,1,1,202,2025-01-27
514,P002,1,0,301,2024-03-30
179,P082,1,0,41,2025-03-01
297,P014,1,1,345,2024-08-23
310,P005,1,1,553,2025-05-19
374,P006,1,0,149,2024-01-01
443,P018,1,0,238,2024-08-07
382,P071,1,0,78,2024-06-10
106,P098,1,1,447,2025-02-09
537,P062,1,0,235,2025-03-29
184,P003,1,0,464,2024-08-16
252,P100,1,0,525,2024-08-17
559,P049,1,0,440,2025-05-09
101,P059,1,1,113,2024-01-03
278,P052,1,1,343,2025-05-17
513,P037,1,0,427,2025-05-15
345,P005,1,0,276,2025-02-04
520,P058,1,0,259,2024-03-18
301,P033,1,1,15,2024-12-15
239,P055,1,1,555,2025-05-22
483,P031,1,1,61,2024-12-28
365,P065,1,0,556,2024-05-07
130,P021,1,0,227,2024-04-06
170,P076,1,0,442,2025-03-05
166,P041,1,0,517,2025-06-04
559,P007,1,1,43,2024-12-01
365,P007,1,0,24,2024-04-02
500,P038,1,0,135,2024-11-19
412,P060,1,1,23,2024-02-11
114,P010,1,1,66,2024-02-05
331,P027,1,1,528,2024-11-23
232,P051,1,0,247,2024-11-12
473,P064,1,0,259,2025-02-15
486,P074,1,0,597,2024-02-03
384,P078,1,0,117,2024-08-03
155,P074,1,1,335,2025-01-22
355,P009,1,1,234,2024-05-26
156,P026,1,0,368,2024-10-27
165,P085,1,1,269,2024-06-28
284,P081,1,0,116,2024-03-29
595,P075,1,1,52,2024-07-20
487,P046,1,1,317,2024-01-15
396,P038,1,0,299,2024-03-05
523,P024,1,0,588,2025-04-04
419,P080,1,1,47,2024-08-21
490,P099,1,0,262,2025-04-03
448,P054,1,0,408,2025-03-16
119,P081,1,0,179,2025-06-20
396,P041,1,0,216,2024-11-13
109,P083,1,0,587,2025-04-26
382,P028,1,1,482,2024-10-20
249,P086,1,1,209,2024-01-22
371,P013,1,1,211,2025-02-21
223,P021,1,1,592,2024-07-28
425,P080,1,1,468,2024-01-09
193,P050,1,0,258,2025-06-06
186,P001,1,0,135,2024-12-22
578,P040,1,1,91,2024-11-29
161,P029,1,0,117,2024-03-20
517,P061,1,1,434,2024-02-27
275,P057,1,0,425,2025-04-08
353,P010,1,1,149,2024-05-18
491,P005,1,0,70,2024-06-08
372,P057,1,0,458,2024-10-03
118,P046,1,1,200,2024-08-31
448,P002,1,0,437,2024-01-14
294,P057,1,0,552,2025-05-08
157,P077,1,1,183,2024-09-29
489,P077,1,0,189,2025-01-22
266,P044,1,0,75,2024-07-12
573,P052,1,0,600,2025-02-28
345,P034,1,1,382,2024-04-07
456,P096,1,0,333,2024-08-22
332,P046,1,0,373,2025-03-30
469,P039,1,0,540,2025-06-28
175,P042,1,0,439,2024-02-19
463,P015,1,1,384,2024-04-16
491,P014,1,0,332,2025-03-19
344,P032,1,0,566,2024-12-18
139,P041,1,0,448,2024-10-20
477,P054,1,0,47,2025-01-12
131,P085,1,0,554,2024-01-10
597,P078,1,1,217,2025-05-31
477,P027,1,0,238,2024-09-22
323,P042,1,1,71,2024-06-30
489,P063,1,0,531,2025-03-14
127,P032,1,1,316,2024-12-18
293,P026,1,1,256,2024-07-30
499,P070,1,1,164,2024-09-07
254,P080,1,0,151,2024-10-12
494,P042,1,0,64,2024-12-13
140,P041,1,0,491,2025-06-27
581,P082,1,0,422,2024-07-15
375,P070,1,0,217,2024-06-19
593,P035,1,1,158,2025-04-20
146,P049,1,0,547,2025-02-03
496,P021,1,1,533,2025-01-21
397,P060,1,1,266,2025-05-07
314,P093,1,0,230,2025-04-25
113,P027,1,1,579,2024-12-18
434,P036,1,0,583,2025-03-30
486,P089,1,0,433,2025-06-23
150,P074,1,0,135,2024-06-07
192,P093,1,1,297,2024-04-02
496,P092,1,0,238,2024-05-22
362,P097,1,1,10,2025-02-05
195,P045,1,0,266,2024-04-07
567,P065,1,0,291,2024-12-15
289,P036,1,0,562,2024-06-17
263,P069,1,1,254,2024-03-28
234,P099,1,0,62,2024-08-25
278,P052,1,0,38,2024-07-26
564,P021,1,1,164,2025-03-17
344,P025,1,0,320,2024-01-10
258,P058,1,1,569,2025-01-24
285,P057,1,0,446,2025-05-30
400,P092,1,0,152,2024-04-04
200,P019,1,1,385,2024-03-02
369,P054,1,0,562,2025-02-21
565,P069,1,0,405,2024-10-26
592,P081,1,0,315,2025-03-24
298,P007,1,1,546,2024-06-28
208,P003,1,1,184,2025-01-05
379,P057,1,0,543,2024-10-23
303,P060,1,1,228,2025-02-06
208,P010,1,0,217,2024-09-06
109,P071,1,0,406,2024-02-12
153,P061,1,0,413,2024-06-04
364,P099,1,0,251,2024-07-31
459,P052,1,0,60,2025-06-11
523,P037,1,1,521,2024-10-15
393,P011,1,1,102,2025-03-19
514,P031,1,0,237,2024-02-05
218,P013,1,0,110,2025-02-01
311,P031,1,0,451,2024-07-02
485,P019,1,1,290,2025-01-06
529,P041,1,0,84,2024-10-24
485,P001,1,1,349,2025-04-09
416,P049,1,0,176,2024-12-26
139,P098,1,0,11,2025-06-07
260,P068,1,0,91,2024-02-07
296,P094,1,0,54,2024-03-02
194,P050,1,0,313,2025-03-04
403,P003,1,1,116,2025-03-28
235,P079,1,1,353,2024-07-23
362,P082,1,1,118,2025-01-23
557,P018,1,0,294,2024-03-15
594,P004,1,0,408,2025-05-18
380,P070,1,0,337,2025-04-26
548,P029,1,0,87,2025-03-16
279,P008,1,0,290,2024-06-05
560,P028,1,1,595,2024-07-18
278,P035,1,1,270,2024-01-15
336,P010,1,0,25,2025-04-20
488,P022,1,1,538,2025-01-18
113,P022,1,0,36,2024-12-20
428,P096,1,0,445,2025-03-20
328,P013,1,0,563,2024-12-13
220,P029,1,1,213,2024-05-04
356,P098,1,0,270,2025-04-11
395,P098,1,0,375,2024-09-18
477,P009,1,0,586,2024-06-18
250,P097,1,1,192,2024-06-09
103,P024,1,1,572,2024-03-14
283,P084,1,0,58,2025-06-05
401,P088,1,0,152,2024-04-23
533,P057,1,0,570,2024-01-04
162,P021,1,0,450,2024-06-19
272,P006,1,0,68,2025-05-03
478,P030,1,1,149,2024-10-12
484,P077,1,0,247,2024-10-29
223,P007,1,0,182,2025-01-09
124,P095,1,0,508,2024-09-13
408,P051,1,0,255,2024-08-23
359,P037,1,0,58,2024-08-25
347,P083,1,0,373,2024-09-20
208,P077,1,1,282,2024-06-07
532,P094,1,1,374,2025-06-21
110,P025,1,0,36,2025-06-19
311,P082,1,0,108,2024-10-21
385,P053,1,1,261,2024-05-11
403,P084,1,0,537,2024-11-22
516,P003,1,0,68,2024-10-05
580,P086,1,1,517,2024-04-18
272,P075,1,0,332,2024-04-30
386,P017,1,0,487,2025-05-14
188,P014,1,0,63,2025-05-09
230,P037,1,0,491,2024-08-25
391,P014,1,1,83,2025-04-27
164,P063,1,0,20,2024-01-31
203,P091,1,0,375,2025-02-07
371,P087,1,1,293,2025-06-26
303,P043,1,1,508,2024-08-01
346,P038,1,0,397,2025-02-18
294,P001,1,0,148,2024-08-12
302,P049,1,1,69,2024-10-26
536,P061,1,0,116,2024-05-31
104,P072,1,0,566,2024-01-02
199,P056,1,1,225,2025-05-28
428,P020,1,0,145,2025-06-30
448,P075,1,1,298,2024-01-05
257,P028,1,1,262,2025-01-08
160,P052,1,0,150,2025-02-09
412,P100,1,1,346,2025-05-09
599,P057,1,0,145,2025-03-16
315,P072,1,0,582,2024-02-22
212,P086,1,1,111,2025-03-13
201,P052,1,0,545,2024-03-12
336,P041,1,0,277,2024-03-09
228,P044,1,0,509,2025-01-29
554,P035,1,0,537,2024-08-23
488,P079,1,0,21,2024-08-02
590,P080,1,0,256,2025-01-10
170,P095,1,1,416,2024-02-12
368,P084,1,1,364,2024-07-11
193,P077,1,1,489,2024-08-30
249,P091,1,0,105,2024-03-27
231,P080,1,1,510,2024-11-07
334,P043,1,0,511,2024-07-25
445,P084,1,0,484,2024-02-07
242,P098,1,1,50,2025-03-03
335,P069,1,0,327,2025-01-08
522,P050,1,0,598,2025-05-05
585,P058,1,0,404,2024-04-06
500,P005,1,1,215,2024-09-13
111,P044,1,0,220,2025-02-15
378,P094,1,1,108,2024-02-22
366,P096,1,0,310,2024-04-22
462,P087,1,0,331,2025-03-15
420,P082,1,0,229,2024-02-02
343,P092,1,0,116,2025-05-29
439,P065,1,0,474,2024-03-10
447,P093,1,0,600,2024-04-13
299,P041,1,1,483,2024-07-04
219,P053,1,0,325,2024-03-12
161,P005,1,0,560,2024-12-05
326,P072,1,1,439,2025-04-05
578,P015,1,0,404,2024-12-01
515,P062,1,1,173,2024-03-09
384,P019,1,1,130,2024-06-19
535,P063,1,1,556,2025-06-05
288,P084,1,0,274,2024-03-06
420,P052,1,0,552,2024-10-26
152,P093,1,1,366,2024-12-08
549,P048,1,0,486,2024-08-20
132,P091,1,0,229,2025-04-11
561,P054,1,0,136,2025-06-26
265,P048,1,1,423,2025-05-20
112,P064,1,0,455,2024-09-18
231,P071,1,1,107,2024-10-04
484,P040,1,0,14,2024-03-01
483,P094,1,0,47,2025-03-31
290,P053,1,0,162,2024-09-01
497,P016,1,0,442,2024-11-15
597,P100,1,0,465,2025-05-12
182,P075,1,0,546,2024-06-14
191,P094,1,1,525,2024-12-04
484,P040,1,0,474,2024-07-30
481,P035,1,0,507,2024-06-01
559,P048,1,0,501,2024-07-18
516,P053,1,0,339,2024-10-09
329,P094,1,0,530,2025-04-17
529,P072,1,1,259,2025-05-10
566,P009,1,0,340,2024-07-11
599,P076,1,1,156,2024-12-29
432,P092,1,1,66,2025-03-16
455,P064,1,0,133,2024-11-27
200,P092,1,0,12,2024-04-19
344,P038,1,0,30,2024-09-20
132,P021,1,0,396,2024-03-01
124,P038,1,0,215,2024-04-11
310,P088,1,0,516,2025-04-21
281,P019,1,0,10,2025-03-24
157,P020,1,0,599,2025-04-24
153,P057,1,0,228,2024-11-29
105,P053,1,0,192,2025-04-14
181,P073,1,1,34,2024-10-28
208,P066,1,1,113,2025-05-13
566,P093,1,0,482,2025-02-11
170,P022,1,0,45,2024-05-27
478,P045,1,0,262,2024-03-14
303,P082,1,0,598,2024-03-09
264,P066,1,0,441,2024-10-06
554,P062,1,0,353,2025-03-04
128,P037,1,0,488,2025-06-08
181,P084,1,0,219,2025-03-22
418,P003,1,0,120,2024-11-23
464,P090,1,0,43,2024-07-08
302,P009,1,0,273,2024-01-31
460,P080,1,0,241,2024-04-05
543,P018,1,0,66,2025-03-18
297,P057,1,0,425,2024-11-26
247,P084,1,0,342,2024-08-27
477,P082,1,0,294,2024-06-09
422,P084,1,0,431,2024-10-11
214,P043,1,0,180,2025-05-27
482,P056,1,0,487,2024-01-13
288,P071,1,0,255,2025-06-15
117,P043,1,0,239,2024-07-10
160,P029,1,0,464,2025-01-29
252,P046,1,0,391,2024-05-16
310,P015,1,0,132,2024-01-31
326,P002,1,1,366,2025-01-09
355,P002,1,0,170,2025-01-17
119,P072,1,0,554,2025-05-19
556,P035,1,0,104,2024-05-09
496,P025,1,0,569,2025-03-20
436,P023,1,0,584,2025-02-10
406,P020,1,0,262,2024-11-17
321,P004,1,0,402,2024-07-10
272,P086,1,0,74,2025-01-09
145,P062,1,1,467,2025-01-06
139,P075,1,0,496,2025-06-17
229,P076,1,0,233,2024-03-09
528,P023,1,0,212,2024-09-30
492,P033,1,0,552,2024-01-21
443,P009,1,1,514,2025-03-09
453,P021,1,0,212,2024-10-02
314,P098,1,0,416,2024-10-10
450,P049,1,0,337,2024-06-01
581,P090,1,0,353,2024-09-11
178,P019,1,0,277,2025-04-05
121,P095,1,1,532,2024-04-07
102,P014,1,0,550,2024-04-20
186,P075,1,1,463,2024-03-15
416,P072,1,1,289,2024-02-14
497,P072,1,1,267,2024-09-09
330,P099,1,0,577,2024-05-02
515,P018,1,0,537,2024-04-22
350,P097,1,1,265,2024-01-09
473,P002,1,1,28,2024-11-27
364,P070,1,1,22,2024-12-03
537,P084,1,1,52,2024-05-03
238,P003,1,0,231,2024-10-16
465,P004,1,0,44,2024-04-25
456,P093,1,0,357,2025-01-20
586,P091,1,0,359,2025-06-14
469,P085,1,0,48,2024-07-07
593,P014,1,0,80,2024-04-09
311,P090,1,0,592,2024-11-06
315,P003,1,0,86,2024-06-13
568,P038,1,0,468,2025-03-08
498,P034,1,0,527,2024-04-27
177,P091,1,1,365,2025-06-20
543,P025,1,0,172,2024-02-22
335,P035,1,1,531,2024-09-26
400,P089,1,1,338,2024-03-17
534,P023,1,0,14,2024-06-01
101,P032,1,0,90,2024-09-22
482,P056,1,0,437,2024-12-28
354,P092,1,0,439,2025-02-04
282,P063,1,1,108,2024-08-04
112,P037,1,1,363,2024-02-28
256,P031,1,1,593,2025-02-09
249,P084,1,0,417,2024-10-04
281,P006,1,1,404,2024-05-27
549,P093,1,1,587,2024-11-26
198,P017,1,0,241,2024-01-24
342,P019,1,0,575,2025-05-15
298,P033,1,0,200,2025-02-27
151,P028,1,1,592,2025-01-07
518,P100,1,0,511,2024-09-14
265,P070,1,0,131,2025-05-31
482,P002,1,1,340,2025-05-31
203,P074,1,0,329,2024-02-07
366,P029,1,0,287,2024-10-12
531,P019,1,1,495,2025-06-11
372,P046,1,1,568,2025-06-06
164,P076,1,0,25,2025-03-19
414,P050,1,0,400,2024-07-19
192,P048,1,1,434,2024-05-25
588,P059,1,0,177,2024-05-22
223,P054,1,1,251,2024-03-25
513,P023,1,0,358,2024-08-24
564,P033,1,0,555,2024-07-29
414,P095,1,1,362,2024-12-13
426,P061,1,1,43,2024-06-13
564,P018,1,1,28,2024-03-31
541,P059,1,0,92,2024-01-28
316,P017,1,1,313,2025-01-06
545,P003,1,0,405,2024-10-20
237,P059,1,0,383,2024-08-06
243,P013,1,1,298,2024-09-09
419,P010,1,0,232,2024-07-09
587,P031,1,1,136,2025-06-25
321,P085,1,1,447,2025-04-24
539,P074,1,1,61,2025-03-10
317,P082,1,0,273,2025-04-26
347,P083,1,1,149,2024-02-22
465,P013,1,0,72,2024-10-29
101,P071,1,0,531,2024-09-13
227,P095,1,0,581,2024-06-26
302,P003,1,0,569,2025-04-02
341,P092,1,0,364,2024-08-15
197,P096,1,0,155,2024-05-16
267,P028,1,1,241,2024-05-12
169,P034,1,0,378,2025-05-19
345,P058,1,0,476,2025-04-12
230,P047,1,0,357,2024-02-19
185,P014,1,1,543,2025-06-22
550,P045,1,0,105,2024-04-12
580,P037,1,1,326,2025-03-18
118,P030,1,1,397,2024-07-13
372,P030,1,1,415,2025-05-15
378,P065,1,0,190,2024-01-17
489,P096,1,1,302,2025-04-18
270,P089,1,1,583,2024-09-09
289,P085,1,1,328,2025-04-02
486,P061,1,0,402,2024-09-07
450,P076,1,0,548,2024-12-14
224,P017,1,1,65,2024-06-02
599,P041,1,0,427,2024-03-24
537,P054,1,1,495,2024-10-23
311,P096,1,0,473,2025-06-21
441,P009,1,1,593,2025-06-13
504,P056,1,0,434,2024-03-21
548,P029,1,1,343,2024-10-24
500,P082,1,0,148,2024-03-07
159,P092,1,1,353,2025-03-24
189,P030,1,1,350,2024-02-22
145,P080,1,0,481,2024-08-06
354,P063,1,1,442,2024-05-20
306,P087,1,0,527,2025-01-23
553,P046,1,0,586,2025-05-20
448,P060,1,1,97,2025-05-05
384,P081,1,1,167,2024-05-18
111,P006,1,1,136,2024-01-24
504,P004,1,0,271,2024-07-01
359,P053,1,1,436,2024-02-29
303,P024,1,0,97,2024-11-25
351,P042,1,1,358,2024-04-20
230,P075,1,0,588,2025-02-11
328,P013,1,1,24,2025-06-07
105,P001,1,1,281,2024-12-27
364,P089,1,0,197,2024-10-06
181,P085,1,0,505,2024-10-27
549,P093,1,1,413,2025-03-09
279,P091,1,1,141,2024-10-31
518,P067,1,0,55,2024-12-19
159,P059,1,0,485,2024-06-08
481,P043,1,0,194,2024-08-10
543,P033,1,0,250,2024-12-01
219,P056,1,0,392,2025-04-03
449,P062,1,0,464,2024-08-05
229,P093,1,0,407,2024-12-08
373,P062,1,0,59,2024-07-30
441,P009,1,0,316,2025-03-24
407,P012,1,0,11,2025-04-26
568,P062,1,0,196,2025-06-06
116,P053,1,0,600,2024-02-06
347,P034,1,0,412,2025-02-26
410,P098,1,0,289,2025-04-30
178,P096,1,0,480,2024-05-02
485,P022,1,0,245,2025-01-12
300,P055,1,1,260,2024-02-21
212,P020,1,0,211,2025-01-31
577,P074,1,0,157,2025-01-06
267,P069,1,0,398,2025-05-16
206,P041,1,1,20,2025-04-30
597,P072,1,0,66,2025-05-26
191,P067,1,1,239,2024-10-31
516,P060,1,0,284,2025-03-01
484,P087,1,0,197,2025-01-22
146,P034,1,1,219,2025-02-18
444,P031,1,0,596,2025-02-08
191,P057,1,0,413,2024-11-01
231,P029,1,1,49,2024-11-22
133,P081,1,1,354,2025-02-06
556,P052,1,0,26,2024-03-04
434,P051,1,0,409,2024-05-28
465,P016,1,0,377,2024-03-20
300,P034,1,0,466,2025-06-06
337,P095,1,1,66,2024-11-03
530,P065,1,0,102,2024-07-28
480,P084,1,0,210,2025-05-02
484,P081,1,1,262,2025-03-01
287,P021,1,0,177,2024-11-20
398,P096,1,1,411,2025-03-27
336,P061,1,1,72,2024-12-08
285,P039,1,1,47,2025-04-30
146,P024,1,1,403,2024-04-08
267,P038,1,1,572,2024-07-06
599,P062,1,0,60,2024-05-10
394,P032,1,0,117,2024-08-05
166,P051,1,1,595,2024-07-18
342,P034,1,0,30,2024-06-09
133,P032,1,0,568,2024-10-21
139,P047,1,0,503,2024-03-26
455,P018,1,1,79,2025-06-22
237,P023,1,1,393,2024-03-05
470,P076,1,0,433,2024-03-28
343,P056,1,1,383,2024-12-10
386,P077,1,0,168,2024-08-13
455,P048,1,0,142,2024-11-26
385,P063,1,1,36,2025-03-23
200,P001,1,1,164,2024-05-31
381,P100,1,1,191,2024-08-16
509,P031,1,0,157,2025-03-25
370,P079,1,0,116,2025-01-18
472,P025,1,0,429,2024-11-03
349,P021,1,0,548,2024-11-13
536,P095,1,0,282,2025-02-26
242,P087,1,0,338,2024-02-04
333,P088,1,0,542,2024-09-08
153,P098,1,0,135,2024-12-27
472,P088,1,0,548,2024-02-20
579,P070,1,0,333,2025-02-16
479,P040,1,0,36,2024-12-12
378,P015,1,1,22,2024-11-23
372,P002,1,0,11,2025-03-06
350,P077,1,0,276,2024-09-16
356,P056,1,0,227,2025-04-02
373,P099,1,1,571,2025-03-13
293,P025,1,0,312,2025-02-01
491,P043,1,0,234,2024-08-27
254,P057,1,0,293,2025-02-22
599,P030,1,0,501,2024-05-31
180,P089,1,0,184,2025-05-29
159,P079,1,0,363,2024-01-01
193,P028,1,0,307,2024-07-30
382,P082,1,0,260,2024-10-22
261,P007,1,0,178,2024-04-28
408,P038,1,0,337,2024-01-04
230,P061,1,0,436,2024-01-28
420,P062,1,1,587,2025-03-13
184,P077,1,0,286,2024-12-29
587,P076,1,0,471,2024-08-29
600,P053,1,0,26,2025-06-29
485,P095,1,0,127,2024-04-05
325,P097,1,0,506,2024-08-25
300,P056,1,0,219,2025-03-27
431,P068,1,1,368,2025-06-20
331,P039,1,1,364,2025-01-05
332,P015,1,0,125,2024-09-16
592,P034,1,0,409,2024-03-07
571,P056,1,0,588,2024-11-23
193,P044,1,0,266,2025-05-03
345,P062,1,0,252,2025-03-25
428,P021,1,0,155,2024-08-15
360,P036,1,1,476,2025-03-31
290,P050,1,0,93,2025-06-15
341,P043,1,0,514,2024-08-14
165,P094,1,0,51,2024-01-30
571,P008,1,0,22,2024-11-23
247,P045,1,1,126,2025-03-24
218,P049,1,0,573,2025-01-08
246,P005,1,0,590,2024-03-09
393,P029,1,0,320,2024-07-08
249,P053,1,0,490,2024-04-15
169,P025,1,1,249,2024-09-09
581,P008,1,0,354,2024-08-30
204,P048,1,0,387,2025-04-28
261,P075,1,1,564,2024-01-21
393,P051,1,0,525,2024-07-09
474,P091,1,0,423,2024-01-01
369,P063,1,1,510,2024-11-29
425,P061,1,1,575,2024-05-29
499,P090,1,0,204,2025-04-21
537,P055,1,0,58,2025-04-25
334,P029,1,1,537,2024-09-10
545,P056,1,0,431,2024-01-28
392,P064,1,1,593,2025-05-25
358,P042,1,0,21,2024-02-26
452,P083,1,0,294,2025-01-07
439,P006,1,0,153,2025-02-13
181,P079,1,1,37,2024-03-24
109,P057,1,1,246,2024-07-05
454,P019,1,0,374,2024-05-31
330,P067,1,0,363,2024-10-23
298,P031,1,0,350,2024-11-07
444,P011,1,1,369,2025-03-11
356,P016,1,0,479,2025-03-28
264,P027,1,1,574,2025-03-28
185,P036,1,1,333,2024-04-02
467,P076,1,1,481,2024-02-05
360,P086,1,1,321,2024-01-08
354,P043,1,1,332,2024-07-24
454,P071,1,0,383,2024-07-19
480,P051,1,0,498,2024-05-25
324,P067,1,0,389,2024-02-04
494,P059,1,1,34,2024-12-23
143,P025,1,0,428,2025-03-01
330,P024,1,0,141,2024-04-19
263,P050,1,1,258,2025-04-05
501,P004,1,0,505,2025-06-17
580,P043,1,0,470,2024-06-08
158,P037,1,1,597,2024-06-23
259,P011,1,0,494,2024-04-15
346,P031,1,0,446,2024-07-15
390,P005,1,1,390,2025-06-27
211,P005,1,0,582,2024-09-24
450,P065,1,0,445,2025-06-12
576,P016,1,0,463,2024-06-14
202,P069,1,0,445,2024-12-10
442,P053,1,0,418,2025-05-01
347,P048,1,0,587,2024-12-30
330,P032,1,1,344,2024-10-24
152,P001,1,0,462,2025-05-07
561,P085,1,0,372,2024-01-13
251,P006,1,0,346,2025-06-29
434,P079,1,1,524,2024-03-07
114,P081,1,1,337,2024-11-29
371,P058,1,0,226,2024-12-16
349,P065,1,0,378,2025-04-28
423,P020,1,0,549,2024-01-22
179,P037,1,0,26,2024-10-20
144,P048,1,0,488,2024-11-06
397,P032,1,0,425,2025-01-23
108,P067,1,1,131,2025-03-14
493,P088,1,0,98,2024-12-17
426,P047,1,1,401,2025-03-23
146,P030,1,1,301,2024-01-18
461,P036,1,0,374,2024-02-16
122,P006,1,0,353,2024-11-04
118,P083,1,1,151,2024-05-13
421,P062,1,0,425,2024-02-08
575,P084,1,0,327,2024-11-11
420,P031,1,0,457,2024-12-22
479,P090,1,1,528,2024-02-11
572,P087,1,0,413,2024-08-04
388,P028,1,0,309,2025-05-13
172,P022,1,0,381,2024-11-29
495,P066,1,1,109,2025-05-11
120,P068,1,1,236,2024-08-29
279,P009,1,0,198,2024-09-23
240,P083,1,1,426,2025-02-15
460,P032,1,1,46,2024-02-11
474,P005,1,0,375,2024-08-04
403,P091,1,1,28,2024-10-06
460,P093,1,1,566,2025-03-03
354,P081,1,0,333,2024-04-16
255,P002,1,1,599,2025-01-20
157,P095,1,0,62,2025-05-29
584,P058,1,0,85,2025-05-24
523,P002,1,1,523,2024-04-28
555,P051,1,0,556,2024-04-15
215,P003,1,0,568,2024-10-28
295,P078,1,0,194,2024-04-08
287,P007,1,0,400,2024-09-15
267,P034,1,0,404,2024-06-06
290,P057,1,0,124,2024-06-07
544,P045,1,0,441,2024-04-20
166,P057,1,0,522,2025-04-08
303,P023,1,0,373,2025-05-25
506,P096,1,1,326,2025-05-15
244,P047,1,0,578,2024-03-02
424,P073,1,1,527,2025-04-07
162,P060,1,0,235,2024-04-01
489,P044,1,0,106,2025-03-10
119,P036,1,0,401,2024-03-25
236,P099,1,0,468,2024-03-30
560,P054,1,0,47,2024-09-28
235,P099,1,0,388,2024-07-08
321,P034,1,0,363,2025-05-27
479,P082,1,0,434,2024-10-19
473,P048,1,0,98,2024-04-27
528,P029,1,1,484,2024-02-15
231,P077,1,1,506,2025-03-14
170,P003,1,1,203,2024-07-15
328,P032,1,1,411,2024-11-29
477,P022,1,0,187,2025-05-01
444,P054,1,0,507,2024-10-15
438,P087,1,0,328,2025-03-23
234,P098,1,0,13,2024-06-23
323,P089,1,0,204,2024-12-26
198,P037,1,0,343,2024-12-27
275,P050,1,0,580,2024-07-21
174,P056,1,1,166,2024-03-31
207,P069,1,0,135,2025-01-03
277,P010,1,0,599,2024-12-26
240,P017,1,1,380,2024-05-24
544,P062,1,0,16,2025-01-11
306,P070,1,1,73,2025-06-06
564,P036,1,1,548,2024-06-25
457,P002,1,0,170,2025-04-27
137,P020,1,0,202,2024-07-29
258,P005,1,1,198,2024-08-04
351,P068,1,0,264,2024-06-04
309,P061,1,0,472,2024-09-10
225,P020,1,0,138,2025-04-04
329,P093,1,0,459,2024-10-25
323,P079,1,0,528,2025-06-04
541,P016,1,1,309,2025-01-29
376,P058,1,1,478,2024-10-28
399,P088,1,0,598,2024-10-23
238,P078,1,1,208,2024-03-15
204,P054,1,0,364,2025-05-21
181,P094,1,0,428,2025-05-31
234,P091,1,1,14,2024-12-04
218,P052,1,1,442,2025-03-25
431,P065,1,0,201,2024-02-02
198,P010,1,0,136,2024-07-30
548,P014,1,0,470,2024-01-16
275,P032,1,0,52,2024-07-31
384,P088,1,1,236,2024-07-12
203,P014,1,1,336,2024-04-08
363,P003,1,0,417,2025-02-16
244,P070,1,0,171,2024-09-12
317,P018,1,1,69,2024-05-02
547,P077,1,0,522,2025-06-25
529,P089,1,1,384,2024-07-17
137,P015,1,0,292,2024-09-03
389,P062,1,1,106,2025-01-03
349,P032,1,0,98,2024-11-21
397,P011,1,0,396,2025-03-12
107,P065,1,0,197,2024-08-29
467,P049,1,0,71,2024-10-23
304,P005,1,0,430,2024-06-27
515,P019,1,0,516,2024-05-14
175,P044,1,0,573,2024-05-29
545,P055,1,1,111,2024-09-07
273,P006,1,0,138,2024-03-07
131,P068,1,0,43,2024-03-20
266,P062,1,1,518,2024-01-19
303,P018,1,1,546,2024-03-06
120,P073,1,1,499,2024-12-28
195,P055,1,1,415,2025-03-04
578,P048,1,0,556,2024-08-07
315,P071,1,0,410,2024-06-16
159,P038,1,0,463,2024-08-19
342,P026,1,0,548,2025-04-09
143,P036,1,0,28,2024-07-18
417,P002,1,1,168,2024-01-27
568,P007,1,0,410,2024-06-30
304,P006,1,0,17,2024-06-30
434,P037,1,0,302,2025-06-09
523,P042,1,1,469,2025-06-19
467,P069,1,1,185,2024-03-05
219,P022,1,0,243,2025-06-29
161,P043,1,0,166,2024-07-31
189,P018,1,1,474,2024-06-27
594,P099,1,0,272,2024-02-08
158,P038,1,1,264,2024-10-29
351,P099,1,0,308,2024-08-28
429,P011,1,1,559,2025-02-15
504,P040,1,0,284,2025-04-10
380,P007,1,0,496,2024-06-26
478,P035,1,0,231,2025-02-13
311,P077,1,1,257,2025-05-04
532,P045,1,0,384,2024-01-18
244,P044,1,1,259,2025-05-19
285,P005,1,0,521,2025-04-20
597,P005,1,1,65,2024-07-11
160,P057,1,0,107,2024-03-20
507,P030,1,0,522,2024-01-03
245,P025,1,0,252,2024-04-22
513,P097,1,0,440,2025-03-06
236,P003,1,0,59,2024-03-26
260,P052,1,0,102,2024-07-23
572,P027,1,0,200,2024-01-08
535,P056,1,0,188,2025-01-27
128,P088,1,1,222,2024-03-20
299,P096,1,0,143,2025-01-30
305,P030,1,0,129,2025-01-23
149,P038,1,0,572,2024-06-08
198,P014,1,0,75,2025-05-01
144,P089,1,0,133,2024-10-29
263,P060,1,1,266,2024-02-17
272,P098,1,0,596,2025-01-05
115,P071,1,0,21,2024-01-06
531,P097,1,0,432,2025-03-27
509,P030,1,1,376,2024-06-10
511,P054,1,0,383,2025-01-12
145,P061,1,0,254,2025-01-05
194,P034,1,0,255,2024-01-29
177,P091,1,0,549,2025-01-20
346,P013,1,0,416,2025-02-28
268,P096,1,0,32,2024-06-21
251,P075,1,0,207,2025-01-10
553,P058,1,0,464,2024-10-21
142,P086,1,0,54,2025-01-11
342,P011,1,0,355,2024-07-15
178,P017,1,1,517,2025-05-20
456,P087,1,0,177,2025-02-07
163,P041,1,1,485,2025-06-19
420,P091,1,1,128,2025-02-14
518,P094,1,1,265,2024-04-11
345,P014,1,0,126,2024-04-05
135,P034,1,0,279,2024-04-28
181,P038,1,1,522,2024-11-15
287,P040,1,0,460,2024-08-10
139,P087,1,0,464,2024-03-17
573,P095,1,0,280,2024-04-04
394,P001,1,1,429,2025-02-15
406,P042,1,0,335,2024-02-24
378,P046,1,0,15,2024-07-15
231,P001,1,0,102,2025-05-19
307,P012,1,0,39,2025-01-31
154,P027,1,1,47,2024-04-26
154,P087,1,0,472,2024-08-06
373,P029,1,0,544,2024-03-30
333,P021,1,0,260,2024-11-21
341,P076,1,0,376,2025-03-08
233,P002,1,0,75,2024-03-06
441,P100,1,1,334,2024-10-24
539,P017,1,0,68,2025-03-24
384,P020,1,0,86,2024-05-05
316,P036,1,0,287,2024-06-25
256,P085,1,1,81,2024-05-05
230,P061,1,0,308,2025-02-09
583,P056,1,0,291,2025-06-24
175,P017,1,0,73,2025-03-11
559,P038,1,0,85,2024-03-22
317,P066,1,0,419,2024-02-26
215,P067,1,1,366,2024-04-10
422,P090,1,0,162,2024-08-31
243,P089,1,0,410,2024-11-22
176,P009,1,0,303,2025-03-10
232,P042,1,0,249,2024-04-10
585,P056,1,0,332,2024-01-10
321,P005,1,0,304,2024-04-15
150,P089,1,0,497,2024-04-16
577,P029,1,1,307,2025-03-11
481,P031,1,1,117,2024-01-13
585,P064,1,1,56,2025-05-10
375,P055,1,1,338,2025-04-08
483,P049,1,0,124,2025-06-23
217,P002,1,0,119,2024-11-26
425,P036,1,1,300,2025-05-15
257,P064,1,0,253,2024-09-30
460,P029,1,0,490,2024-09-11
322,P098,1,1,499,2024-02-05
149,P086,1,0,524,2025-01-03
180,P047,1,0,88,2025-05-10
509,P041,1,0,270,2024-01-05
508,P073,1,0,495,2024-01-19
143,P096,1,0,540,2024-12-01
419,P051,1,1,596,2025-04-03
238,P083,1,0,377,2024-06-22
390,P003,1,0,372,2024-02-03
407,P045,1,0,594,2024-06-05
358,P009,1,1,283,2025-04-02
474,P020,1,0,417,2025-06-01
126,P051,1,0,186,2024-10-21
140,P055,1,1,107,2024-04-02
406,P045,1,0,46,2025-01-25
191,P095,1,0,535,2024-01-27
362,P069,1,1,65,2025-02-07
358,P026,1,0,135,2024-06-02
592,P086,1,0,481,2024-12-06
409,P018,1,1,162,2024-06-13
208,P031,1,0,199,2024-12-03
300,P063,1,0,150,2024-12-20
102,P089,1,1,229,2025-06-15
536,P045,1,0,136,2025-03-10
190,P089,1,0,128,2024-09-24
148,P025,1,0,188,2025-05-23
435,P091,1,0,203,2024-05-27
204,P041,1,1,513,2024-08-26
459,P063,1,0,194,2024-04-13
447,P040,1,1,164,2024-01-13
412,P033,1,0,45,2025-03-25
405,P031,1,0,277,2024-04-24
290,P084,1,1,476,2024-03-08
417,P091,1,1,304,2024-05-26
276,P007,1,1,347,2024-05-19
440,P043,1,0,12,2025-01-07
284,P089,1,1,570,2025-05-18
354,P078,1,1,239,2025-02-08
252,P086,1,0,510,2024-08-03
336,P075,1,0,474,2024-06-01
214,P067,1,1,111,2025-03-08
592,P088,1,0,140,2024-06-01
144,P031,1,0,116,2024-04-14
438,P082,1,0,255,2024-07-31
126,P014,1,0,496,2024-12-02
197,P048,1,1,55,2024-07-01
545,P034,1,0,600,2024-10-12
589,P068,1,0,116,2024-06-23
209,P018,1,1,139,2024-07-04
217,P022,1,0,581,2025-05-10
503,P032,1,1,339,2025-04-30
131,P099,1,1,599,2024-11-07
207,P075,1,0,264,2025-05-06
107,P068,1,0,585,2025-03-26
591,P067,1,0,501,2024-06-22
164,P029,1,0,444,2024-07-09
172,P049,1,1,65,2025-06-12
104,P080,1,1,224,2025-04-02
135,P048,1,0,247,2024-03-17
574,P058,1,1,318,2024-10-03
466,P077,1,1,582,2024-09-09
377,P001,1,0,464,2024-10-11
433,P057,1,1,246,2024-05-06
150,P029,1,0,466,2024-03-03
444,P033,1,1,282,2025-02-09
187,P040,1,0,330,2024-11-11
116,P057,1,0,25,2024-01-16
265,P030,1,0,339,2025-06-03
366,P017,1,0,280,2024-04-13
442,P016,1,1,38,2024-07-02
390,P084,1,1,247,2025-06-13
265,P008,1,0,557,2024-10-14
352,P062,1,1,576,2024-06-18
593,P044,1,1,507,2024-12-28
213,P060,1,0,390,2025-03-12
495,P038,1,0,338,2024-08-28
211,P096,1,0,466,2024-01-17
296,P053,1,0,515,2024-03-03
431,P085,1,1,421,2024-08-06
492,P030,1,0,112,2024-03-11
468,P056,1,1,105,2024-04-16
594,P076,1,0,355,2024-08-13
114,P077,1,0,511,2024-07-29
472,P015,1,0,271,2024-02-28
218,P063,1,0,89,2025-04-22
105,P100,1,0,507,2024-08-04
115,P054,1,0,561,2024-05-20
551,P007,1,0,303,2025-01-14
365,P017,1,0,498,2024-05-27
513,P013,1,0,196,2024-10-03
330,P089,1,0,140,2024-11-01
321,P072,1,0,499,2024-09-06
176,P047,1,0,72,2025-03-10
584,P043,1,0,599,2024-01-25
272,P092,1,0,403,2025-03-27
420,P082,1,0,142,2024-01-25
517,P058,1,0,45,2024-12-19
345,P071,1,1,33,2024-08-27
261,P090,1,1,338,2024-01-12
572,P069,1,0,592,2025-02-28
377,P096,1,0,294,2024-11-25
323,P042,1,1,467,2024-03-22
523,P094,1,0,279,2024-10-28
195,P005,1,0,276,2024-02-26
575,P082,1,0,96,2025-01-13
573,P089,1,1,343,2025-03-05
348,P036,1,0,587,2024-06-27
125,P015,1,1,413,2025-05-25
510,P041,1,1,258,2024-02-06
574,P004,1,0,239,2024-09-20
543,P081,1,0,320,2024-02-04
279,P095,1,1,561,2024-02-23
299,P081,1,0,29,2024-03-14
532,P033,1,0,453,2025-01-02
259,P067,1,0,15,2024-02-20
107,P006,1,0,48,2024-01-24
250,P092,1,0,270,2025-01-02
229,P080,1,0,404,2025-06-25
506,P028,1,0,558,2025-03-27
280,P022,1,0,426,2024-01-20
245,P071,1,1,155,2024-10-15
303,P055,1,0,333,2025-03-30
317,P008,1,0,207,2025-06-27
121,P090,1,0,349,2024-03-22
146,P065,1,0,184,2024-04-19
506,P050,1,0,191,2025-01-16
131,P072,1,1,130,2025-01-11
390,P043,1,1,33,2024-11-11
224,P014,1,0,32,2025-03-25
545,P010,1,0,272,2024-03-13
424,P056,1,1,291,2025-05-07
587,P062,1,1,406,2024-07-12
520,P099,1,0,50,2024-08-22
498,P021,1,1,263,2024-05-04
399,P059,1,0,493,2024-02-29
184,P047,1,0,394,2024-04-12
312,P066,1,0,309,2024-10-11
295,P076,1,0,299,2025-01-09
490,P083,1,1,194,2024-09-14
450,P040,1,0,565,2024-08-21
195,P066,1,0,100,2024-09-04
543,P057,1,1,140,2024-10-05
583,P096,1,1,295,2025-05-19
578,P092,1,1,170,2025-04-13
484,P092,1,0,598,2024-04-04
468,P035,1,0,552,2024-11-09
111,P001,1,1,326,2025-01-28
274,P098,1,1,271,2025-02-18
221,P075,1,0,306,2025-05-30
354,P072,1,0,498,2024-09-06
345,P051,1,1,498,2025-03-04
512,P033,1,1,491,2024-07-29
332,P068,1,0,339,2024-09-11
241,P019,1,0,124,2024-04-12
538,P069,1,0,135,2025-03-09
165,P069,1,1,467,2024-11-09
327,P056,1,0,452,2025-03-11
456,P052,1,0,93,2024-05-03
408,P025,1,0,177,2025-01-24
530,P033,1,0,360,2024-08-03
158,P058,1,0,518,2024-01-16
372,P046,1,0,468,2024-11-22
395,P015,1,0,393,2025-03-22
476,P028,1,1,435,2025-05-11
124,P085,1,0,294,2025-04-01
345,P062,1,0,288,2024-02-04
282,P058,1,0,66,2024-05-18
597,P047,1,1,28,2024-03-28
285,P048,1,0,272,2024-10-15
119,P082,1,1,561,2024-11-24
335,P042,1,0,389,2025-02-02
423,P028,1,0,274,2024-09-30
579,P096,1,1,285,2024-12-31
273,P094,1,0,494,2025-02-03
583,P097,1,1,429,2024-08-03
224,P044,1,1,288,2024-07-07
102,P091,1,0,37,2024-12-15
588,P028,1,0,470,2024-06-13
341,P094,1,0,143,2025-06-24
421,P091,1,1,156,2025-05-01
300,P074,1,0,529,2025-05-24
131,P092,1,1,289,2024-06-10
477,P083,1,0,422,2024-01-24
221,P053,1,0,563,2024-02-01
504,P082,1,0,485,2025-03-21
449,P040,1,0,563,2024-06-25
429,P099,1,1,302,2024-07-20
455,P047,1,0,67,2025-05-08
409,P051,1,0,452,2024-12-29
215,P062,1,0,488,2025-06-22
232,P018,1,0,512,2024-04-18
316,P037,1,1,76,2024-04-24
300,P025,1,1,448,2024-12-07
112,P088,1,0,187,2024-12-17
411,P023,1,0,46,2024-04-11
299,P078,1,0,367,2025-03-13
414,P061,1,1,73,2025-05-06
420,P066,1,0,223,2024-02-24
345,P086,1,0,31,2025-06-20
133,P026,1,0,325,2024-01-19
173,P027,1,0,316,2024-08-25
192,P056,1,1,189,2024-10-12
420,P037,1,0,575,2024-01-04
147,P090,1,0,370,2024-04-30
161,P083,1,1,188,2024-11-03
316,P034,1,0,263,2024-03-10
155,P070,1,0,576,2025-04-18
407,P013,1,0,455,2024-12-31
403,P045,1,0,94,2024-05-28
115,P025,1,0,586,2024-03-01
289,P078,1,0,452,2025-03-19
431,P075,1,0,167,2024-08-10
394,P038,1,0,581,2024-07-31
470,P062,1,0,303,2024-06-11
372,P065,1,0,404,2024-09-05
343,P093,1,0,257,2024-11-09
422,P071,1,1,342,2024-02-24
477,P032,1,0,193,2025-04-04
344,P018,1,1,91,2025-04-09
395,P027,1,0,420,2024-06-11
284,P006,1,0,370,2024-07-21
181,P055,1,0,159,2024-10-11
542,P084,1,1,322,2025-06-07
226,P089,1,0,157,2025-02-08
589,P072,1,1,482,2025-05-14
402,P031,1,1,532,2025-06-23
392,P035,1,1,91,2024-06-24
538,P068,1,0,463,2024-06-18
360,P063,1,0,273,2025-05-24
504,P069,1,0,95,2024-02-23
251,P003,1,0,398,2024-06-18
406,P049,1,1,400,2024-11-17
194,P096,1,0,112,2024-11-20
349,P029,1,0,536,2024-02-21
173,P003,1,0,30,2024-09-27
140,P091,1,0,481,2024-04-14
391,P009,1,0,296,2024-09-12
503,P089,1,0,477,2024-02-27
575,P024,1,0,383,2025-03-24
371,P013,1,0,415,2024-08-15
510,P046,1,0,40,2024-03-21
399,P027,1,0,224,2024-03-05
439,P011,1,0,126,2024-11-27
362,P039,1,0,415,2025-03-29
532,P029,1,0,234,2025-05-03
130,P089,1,0,77,2025-04-17
241,P073,1,0,104,2025-04-06
285,P054,1,0,521,2024-08-26
104,P024,1,0,465,2024-08-06
333,P028,1,0,502,2024-02-15
143,P001,1,0,306,2024-06-24
312,P021,1,0,574,2024-06-10
571,P021,1,1,277,2024-01-16
101,P054,1,0,223,2025-06-20
296,P043,1,0,446,2025-02-16
128,P022,1,1,330,2024-03-28
600,P035,1,0,359,2024-02-12
528,P036,1,0,95,2024-03-06
525,P072,1,1,41,2024-02-03
590,P039,1,0,63,2024-03-25
558,P041,1,1,258,2024-03-12
463,P015,1,1,345,2025-02-20
130,P020,1,0,425,2024-07-14
510,P090,1,0,516,2025-05-11
411,P056,1,0,60,2024-12-01
232,P065,1,0,395,2024-06-02
263,P061,1,0,18,2024-10-06
187,P023,1,0,420,2024-09-24
488,P008,1,0,279,2025-05-27
313,P097,1,0,513,2024-12-11
537,P034,1,0,540,2024-06-12
356,P100,1,0,121,2024-04-28
254,P072,1,1,109,2025-01-26
129,P048,1,1,31,2024-03-18
391,P064,1,1,348,2024-12-28
567,P063,1,0,580,2024-06-23
306,P063,1,1,571,2025-01-25
536,P042,1,0,278,2024-10-04
476,P038,1,0,316,2024-10-12
483,P018,1,1,276,2024-05-28
484,P052,1,0,29,2025-06-26
376,P008,1,1,364,2024-02-14
134,P043,1,0,242,2025-03-24
443,P066,1,1,435,2024-06-30
311,P066,1,0,464,2024-02-14
251,P019,1,0,74,2025-02-24
472,P073,1,1,527,2024-04-29
251,P020,1,0,465,2025-01-26
438,P069,1,0,459,2024-01-11
123,P055,1,1,89,2024-09-28
213,P055,1,0,600,2025-04-28
179,P086,1,0,488,2025-02-04
311,P095,1,0,58,2024-11-16
229,P016,1,0,95,2024-11-26
120,P004,1,0,452,2024-01-15
142,P089,1,0,366,2024-04-23
464,P096,1,1,16,2024-01-06
561,P058,1,0,576,2024-09-13
192,P065,1,0,386,2025-01-06
334,P056,1,0,552,2025-03-14
572,P062,1,0,56,2025-03-19
320,P063,1,0,104,2024-06-12
509,P023,1,1,248,2024-11-02
401,P016,1,0,220,2024-01-11
587,P082,1,1,164,2024-04-23
286,P021,1,0,190,2025-01-07
419,P063,1,1,237,2024-07-19
317,P060,1,0,65,2025-06-20
448,P074,1,0,184,2024-02-16
277,P076,1,1,284,2024-10-20
453,P060,1,1,410,2025-06-30
541,P070,1,0,102,2024-06-29
444,P100,1,0,360,2025-02-18
509,P017,1,0,554,2024-08-09
313,P013,1,1,24,2024-02-09
177,P046,1,0,49,2024-03-12
536,P052,1,1,182,2024-02-18
477,P084,1,0,256,2025-04-13
132,P029,1,0,355,2024-12-26
554,P080,1,0,335,2024-05-06
301,P057,1,0,88,2025-03-22
462,P053,1,0,596,2025-02-19
549,P045,1,1,416,2024-07-16
298,P007,1,0,378,2024-09-06
542,P049,1,1,509,2024-07-11
575,P019,1,0,161,2024-07-01
268,P036,1,0,57,2024-01-21
299,P079,1,0,28,2025-03-25
387,P060,1,0,582,2025-05-24
567,P013,1,1,214,2024-10-21
557,P016,1,0,62,2024-01-05
324,P050,1,0,562,2024-10-26
364,P037,1,0,587,2024-08-24
589,P004,1,0,293,2025-03-16
132,P029,1,1,330,2025-02-28
101,P091,1,1,518,2024-02-09
297,P036,1,1,260,2025-04-26
291,P080,1,0,301,2024-10-16
340,P079,1,0,332,2024-09-05
130,P034,1,0,25,2024-05-09
351,P084,1,1,600,2024-01-25
182,P059,1,0,279,2025-01-12
159,P025,1,0,58,2024-11-24
572,P081,1,0,131,2024-12-01
569,P063,1,0,315,2025-05-08
208,P070,1,1,10,2024-10-16
193,P063,1,0,34,2025-01-26
182,P066,1,0,523,2024-11-29
502,P001,1,0,177,2024-12-18
262,P029,1,0,23,2025-01-14
456,P018,1,1,379,2024-03-15
264,P048,1,0,129,2024-07-12
269,P021,1,0,489,2024-03-23
148,P057,1,1,532,2025-04-30
445,P098,1,0,23,2025-01-05
163,P027,1,1,133,2025-06-27
426,P035,1,0,535,2024-01-26
284,P096,1,0,306,2024-04-14
166,P003,1,1,13,2025-05-19
233,P081,1,0,291,2025-01-17
135,P043,1,0,227,2024-08-09
511,P099,1,0,494,2025-02-20
459,P080,1,0,401,2024-09-28
330,P029,1,1,486,2024-07-26
122,P073,1,0,388,2024-07-01
536,P027,1,1,59,2025-01-19
127,P047,1,0,213,2025-02-25
516,P006,1,0,92,2024-06-01
255,P016,1,0,498,2024-07-29
413,P039,1,1,98,2024-05-20
431,P041,1,1,81,2024-08-15
558,P056,1,0,304,2024-07-13
321,P039,1,0,447,2024-12-24
448,P089,1,0,96,2024-11-09
562,P095,1,0,296,2025-01-16
588,P054,1,1,130,2025-01-11
117,P097,1,1,337,2024-04-21
570,P038,1,0,248,2024-04-20
374,P058,1,1,573,2025-05-05
550,P053,1,0,255,2024-02-17
166,P026,1,0,297,2024-06-08
515,P027,1,0,237,2025-06-14
369,P081,1,0,116,2025-01-30
103,P099,1,0,342,2024-01-28
413,P093,1,1,167,2025-05-22
109,P034,1,0,34,2024-11-13
226,P100,1,1,455,2025-01-23
320,P066,1,0,488,2024-02-11
516,P064,1,1,166,2025-02-02
122,P095,1,0,485,2024-11-18
345,P094,1,1,438,2025-03-12
204,P053,1,1,39,2024-12-31
206,P063,1,0,552,2024-02-29
532,P072,1,1,160,2024-07-25
198,P006,1,1,481,2024-01-31
148,P078,1,1,565,2024-06-22
251,P060,1,0,61,2025-04-22
286,P013,1,1,415,2024-05-21
154,P001,1,1,529,2025-02-27
530,P025,1,0,481,2025-06-24
579,P088,1,0,527,2024-03-10
551,P055,1,1,597,2025-01-31
106,P002,1,0,418,2025-05-31
449,P068,1,0,173,2025-05-13
402,P007,1,0,177,2025-01-13
188,P070,1,1,282,2025-01-21
266,P065,1,0,442,2024-03-17
447,P058,1,1,147,2024-06-09
424,P037,1,0,477,2025-03-29
105,P028,1,0,52,2024-03-04
372,P028,1,0,582,2024-01-05
417,P070,1,0,274,2024-09-20
566,P068,1,0,574,2024-02-15
584,P035,1,1,262,2024-07-16
231,P054,1,0,562,2025-01-21
570,P089,1,0,148,2025-01-31
131,P024,1,0,231,2024-03-12
444,P065,1,1,40,2025-03-08
461,P055,1,1,434,2024-10-31
129,P041,1,1,497,2024-11-06
214,P082,1,0,553,2025-05-25
472,P072,1,0,226,2025-03-31
369,P023,1,1,352,2024-09-03
325,P014,1,0,438,2025-06-22
371,P064,1,0,304,2024-03-23
271,P041,1,0,563,2024-04-10
221,P081,1,1,460,2024-07-24
466,P010,1,0,181,2024-05-02
531,P062,1,1,356,2025-02-01
171,P035,1,0,292,2024-09-15
227,P026,1,0,518,2024-06-11
331,P029,1,1,49,2024-12-26
433,P079,1,0,428,2025-03-21
170,P005,1,1,326,2024-01-15
572,P057,1,1,290,2025-02-14
230,P002,1,0,350,2025-03-28
330,P038,1,0,405,2024-05-22
160,P077,1,1,507,2025-06-07
440,P041,1,0,361,2024-05-08
262,P044,1,1,317,2024-06-02
235,P043,1,1,442,2025-02-15
333,P023,1,1,192,2024-02-26
338,P021,1,0,440,2025-04-28
416,P035,1,0,453,2024-01-25
151,P041,1,0,116,2024-08-21
365,P021,1,0,248,2025-02-20
444,P069,1,1,233,2024-08-30
416,P018,1,0,559,2025-06-21
300,P018,1,0,376,2024-09-15
317,P084,1,1,441,2024-07-10
389,P053,1,0,98,2024-03-02
217,P047,1,0,391,2025-05-24
238,P083,1,1,63,2024-11-15
203,P063,1,1,91,2024-11-08
527,P099,1,1,174,2025-02-24
175,P062,1,0,384,2024-01-05
432,P052,1,0,63,2024-03-20
177,P055,1,0,302,2025-02-03
426,P005,1,1,454,2024-03-18
246,P078,1,0,590,2024-03-26
104,P007,1,1,118,2025-03-16
301,P046,1,1,340,2024-11-12
274,P040,1,1,264,2024-02-09
128,P013,1,0,541,2024-10-02
538,P052,1,0,512,2024-11-01
542,P098,1,1,170,2024-01-05
567,P083,1,0,195,2024-05-13
275,P086,1,1,573,2025-06-02
579,P059,1,1,212,2024-02-27
356,P100,1,0,171,2024-04-21
311,P051,1,0,419,2024-04-18
124,P096,1,0,70,2025-06-28
448,P086,1,0,77,2024-04-30
517,P064,1,0,228,2024-09-15
101,P082,1,0,376,2024-02-04
587,P003,1,0,286,2024-06-29
176,P059,1,0,273,2024-09-08
259,P074,1,1,323,2025-02-27
274,P018,1,0,374,2024-03-03
534,P041,1,0,301,2025-05-26
556,P063,1,1,279,2024-03-22
142,P053,1,0,170,2025-06-04
292,P090,1,1,370,2024-07-15
468,P071,1,1,520,2024-12-17
284,P077,1,1,584,2025-05-20
573,P041,1,1,201,2024-03-01
234,P093,1,0,362,2024-11-26
184,P068,1,1,178,2024-08-21
126,P013,1,0,290,2024-08-24
111,P085,1,0,147,2025-05-21
335,P091,1,0,311,2024-10-21
217,P030,1,1,158,2024-11-12
277,P087,1,0,547,2025-03-14
586,P064,1,1,299,2024-02-25
252,P061,1,0,142,2024-09-25
426,P082,1,0,290,2025-05-07
177,P095,1,1,226,2024-10-29
153,P073,1,0,429,2025-04-06
422,P085,1,0,32,2024-02-02
406,P074,1,0,582,2024-10-25
250,P023,1,1,530,2024-06-18
397,P073,1,0,77,2025-01-23
426,P034,1,0,134,2024-05-11
358,P017,1,0,374,2025-06-02
279,P078,1,0,61,2024-07-03
246,P067,1,1,83,2024-01-02
276,P083,1,0,490,2024-03-31
286,P099,1,1,277,2024-08-22
236,P087,1,0,397,2024-12-24
593,P015,1,1,160,2024-08-16
247,P027,1,0,291,2024-02-27
467,P060,1,1,37,2025-06-10
496,P003,1,0,231,2024-03-13
582,P094,1,0,346,2024-10-26
223,P042,1,0,562,2024-10-02
539,P042,1,1,31,2025-04-28
208,P089,1,1,136,2024-06-08
368,P021,1,0,113,2024-03-14
194,P051,1,0,165,2024-04-06
598,P085,1,1,90,2024-11-23
232,P034,1,0,576,2025-06-01
399,P028,1,0,476,2024-02-23
350,P008,1,0,38,2025-03-30
113,P080,1,0,30,2025-02-15
578,P017,1,0,232,2024-07-08
328,P052,1,0,271,2024-07-26
167,P055,1,0,473,2024-06-05
102,P099,1,0,547,2024-02-23
231,P095,1,0,51,2025-05-07
363,P080,1,1,257,2025-03-27
410,P067,1,0,516,2024-12-02
184,P090,1,1,205,2025-03-21
528,P025,1,0,589,2024-04-21
516,P067,1,0,380,2024-10-10
238,P014,1,1,568,2024-08-17
360,P047,1,0,592,2024-06-06
370,P022,1,0,160,2024-01-19
152,P054,1,0,117,2024-11-19
409,P093,1,1,331,2024-06-18
347,P037,1,0,566,2025-05-20
591,P013,1,0,349,2024-08-17
199,P027,1,0,466,2024-08-21
137,P086,1,0,315,2025-05-21
269,P050,1,0,443,2024-04-07
540,P060,1,0,379,2024-02-21
173,P015,1,0,30,2024-02-14
188,P064,1,1,444,2024-11-11
440,P079,1,1,375,2025-06-18
444,P097,1,0,67,2024-01-06
280,P016,1,1,138,2024-11-29
217,P066,1,1,64,2025-03-07
199,P013,1,1,12,2024-12-04
561,P028,1,0,402,2024-08-01
188,P094,1,1,488,2024-06-20
463,P064,1,0,404,2024-07-10
192,P051,1,1,497,2024-11-20
200,P012,1,0,366,2024-06-16
443,P034,1,0,561,2025-05-18
169,P085,1,0,465,2024-11-28
329,P078,1,0,109,2024-11-13
541,P084,1,0,267,2024-10-01
515,P015,1,1,588,2025-01-19
438,P035,1,0,598,2025-01-28
191,P082,1,0,217,2024-10-11
104,P074,1,1,154,2025-05-19
329,P086,1,0,373,2025-04-06
538,P030,1,1,433,2025-06-24
270,P001,1,1,465,2024-03-01
265,P087,1,0,564,2024-06-08
279,P012,1,1,131,2024-02-01
581,P025,1,0,554,2025-03-20
332,P017,1,0,498,2024-12-29
397,P014,1,0,294,2025-01-17
313,P055,1,0,427,2025-02-16
473,P059,1,1,395,2024-01-10
596,P012,1,1,350,2024-02-25
467,P035,1,0,288,2024-01-02
494,P011,1,0,199,2025-02-05
435,P048,1,0,474,2025-01-22
456,P039,1,0,389,2025-03-05
533,P083,1,0,381,2025-04-13
552,P025,1,1,152,2025-05-03
346,P039,1,0,70,2024-12-11
102,P056,1,1,342,2024-01-22
506,P097,1,1,165,2024-09-04
225,P007,1,1,314,2025-03-12
490,P090,1,0,130,2024-11-14
460,P063,1,1,33,2025-03-04
529,P013,1,0,352,2024-08-13
536,P060,1,0,22,2024-11-25
205,P100,1,0,178,2024-01-01
587,P063,1,1,550,2024-03-12
426,P054,1,0,217,2024-03-04
579,P074,1,1,396,2024-04-24
281,P008,1,0,124,2024-02-21
322,P051,1,0,416,2024-02-25
213,P056,1,0,69,2024-12-05
396,P008,1,0,131,2024-05-02
336,P085,1,1,490,2025-03-29
412,P056,1,1,217,2024-04-16
405,P074,1,0,432,2025-03-29
117,P073,1,1,406,2024-02-19
382,P060,1,0,440,2024-03-11
542,P020,1,0,533,2024-08-12
110,P066,1,1,511,2025-06-13
260,P092,1,0,473,2025-06-04
565,P065,1,0,272,2024-08-09
334,P045,1,1,422,2025-06-27
480,P051,1,1,451,2024-06-30
329,P033,1,1,201,2024-08-27
107,P100,1,0,593,2025-03-26
134,P042,1,0,509,2024-12-06
403,P046,1,0,128,2024-07-18
537,P098,1,0,403,2025-04-08
540,P020,1,1,99,2024-03-08
528,P042,1,0,466,2025-06-18
596,P009,1,0,28,2024-06-12
565,P069,1,0,310,2025-02-19
258,P078,1,1,131,2024-09-02
331,P011,1,0,343,2024-02-27
391,P036,1,1,181,2024-08-09
439,P014,1,0,593,2025-02-22
428,P031,1,0,561,2024-03-28
508,P029,1,0,74,2025-01-08
155,P066,1,1,86,2024-09-04
296,P075,1,0,36,2024-10-09
563,P057,1,1,59,2024-11-07
322,P094,1,0,298,2024-09-25
131,P099,1,0,569,2024-03-07
269,P013,1,1,238,2024-09-18
565,P020,1,0,583,2024-04-05
544,P091,1,1,84,2024-06-13
323,P069,1,1,65,2024-01-22
420,P065,1,0,61,2025-03-08
524,P067,1,0,308,2024-11-11
541,P011,1,0,446,2025-02-02
150,P014,1,0,487,2024-06-04
528,P078,1,0,177,2024-01-03
310,P061,1,0,580,2024-01-31
276,P095,1,1,362,2024-06-06
244,P087,1,0,271,2025-05-06
349,P092,1,1,340,2025-05-10
191,P037,1,0,44,2024-08-24
131,P026,1,0,384,2024-03-07
483,P067,1,0,104,2025-04-03
278,P076,1,1,455,2024-07-01
496,P020,1,1,327,2024-11-07
425,P060,1,0,280,2024-04-12
413,P035,1,1,364,2025-06-02
578,P028,1,0,381,2024-03-18
407,P074,1,0,94,2024-01-11
170,P052,1,0,227,2024-09-25
578,P080,1,0,158,2025-03-29
571,P097,1,0,494,2024-02-26
373,P042,1,1,323,2024-06-18
317,P065,1,0,250,2025-01-04
480,P048,1,0,213,2024-10-11
232,P069,1,0,103,2024-09-03
368,P082,1,0,130,2024-05-03
261,P083,1,0,498,2025-02-19
409,P036,1,0,389,2024-04-15
208,P080,1,1,381,2025-01-12
513,P032,1,0,219,2025-04-26
286,P002,1,1,230,2025-05-21
225,P016,1,0,337,2024-06-19
518,P041,1,0,235,2024-05-30
243,P031,1,0,158,2024-04-08
479,P027,1,1,367,2025-05-09
506,P074,1,0,343,2025-03-23
185,P071,1,0,512,2024-07-21
554,P029,1,0,29,2024-01-13
316,P091,1,0,343,2024-11-29
469,P067,1,0,322,2025-06-14
188,P079,1,0,52,2025-05-02
540,P087,1,1,173,2025-06-15
295,P024,1,0,365,2025-06-18
326,P096,1,0,600,2024-07-12
545,P094,1,1,472,2024-01-24
493,P055,1,0,379,2025-06-02
588,P060,1,1,232,2025-01-24
110,P068,1,0,386,2024-12-26
376,P018,1,1,149,2025-03-04
174,P097,1,0,94,2025-02-22
336,P048,1,0,75,2024-03-27
290,P026,1,0,470,2024-01-26
498,P028,1,0,107,2024-10-19
580,P057,1,0,355,2025-01-23
536,P090,1,1,531,2025-03-07
209,P095,1,0,101,2024-08-30
326,P076,1,1,560,2025-04-28
105,P068,1,0,350,2024-09-11
360,P024,1,1,573,2024-03-18
509,P023,1,1,163,2024-08-16
438,P079,1,0,348,2025-04-08
453,P096,1,0,209,2025-05-13
506,P098,1,0,286,2024-10-22
271,P015,1,0,345,2025-01-27
180,P022,1,0,22,2024-07-29
502,P036,1,0,272,2024-10-02
510,P017,1,1,589,2025-01-30
163,P027,1,1,68,2025-04-03
139,P072,1,1,395,2024-02-15
569,P094,1,0,593,2024-07-26
410,P077,1,0,358,2024-03-17
119,P050,1,1,551,2024-07-23
366,P093,1,0,154,2024-03-13
296,P019,1,1,538,2025-01-21
108,P040,1,1,199,2025-05-11
360,P048,1,1,517,2024-04-18
485,P008,1,0,441,2024-07-14
425,P002,1,0,395,2024-12-07
434,P084,1,0,190,2024-11-19
421,P005,1,1,402,2024-11-03
138,P018,1,0,336,2024-06-21
381,P068,1,1,11,2025-06-10
489,P098,1,1,402,2024-02-01
369,P009,1,0,13,2025-04-16
151,P037,1,1,188,2024-07-28
461,P052,1,0,260,2025-02-27
362,P004,1,1,351,2025-06-01
247,P034,1,0,224,2025-05-14
169,P100,1,0,213,2024-06-26
321,P092,1,1,516,2025-05-22
538,P054,1,0,582,2024-08-17
498,P010,1,1,87,2025-05-31
129,P039,1,0,534,2024-10-31
458,P031,1,0,490,2025-05-14
269,P099,1,0,534,2024-09-24
191,P016,1,1,134,2024-02-03
134,P068,1,1,493,2024-10-12
337,P022,1,1,103,2024-08-21
154,P016,1,0,405,2024-12-31
417,P089,1,0,326,2025-01-31
104,P028,1,0,144,2024-08-05
155,P018,1,0,511,2025-06-24
159,P058,1,0,325,2024-06-30
461,P032,1,0,515,2024-11-18
370,P070,1,1,104,2024-03-22
373,P041,1,1,180,2024-01-25
313,P028,1,0,277,2024-04-29
296,P045,1,0,474,2024-06-20
549,P051,1,0,576,2024-04-15
105,P074,1,0,240,2024-04-09
579,P006,1,0,81,2025-04-15
409,P085,1,0,341,2024-03-06
216,P051,1,1,183,2024-06-08
200,P070,1,1,28,2024-03-17
211,P085,1,0,42,2024-06-29
116,P073,1,1,583,2024-04-03
527,P077,1,0,15,2024-03-17
544,P097,1,0,407,2025-01-31
143,P091,1,0,422,2024-02-06
580,P060,1,0,156,2025-05-17
181,P005,1,1,299,2025-01-08
125,P090,1,1,595,2024-01-08
323,P095,1,0,369,2024-08-22
224,P027,1,0,37,2024-04-24
589,P052,1,1,201,2025-03-07
168,P042,1,0,46,2024-11-15
532,P074,1,0,396,2024-05-02
349,P032,1,0,381,2024-03-17
515,P094,1,0,112,2024-07-30
214,P085,1,0,40,2025-02-09
327,P026,1,0,163,2024-10-27
600,P001,1,0,326,2024-04-05
427,P026,1,0,590,2025-03-05
313,P044,1,0,252,2024-02-21
214,P050,1,0,539,2025-01-05
347,P036,1,0,236,2024-04-13
402,P041,1,1,29,2024-01-12
115,P071,1,0,114,2025-02-05
173,P088,1,0,509,2025-01-04
123,P012,1,1,327,2025-03-16
366,P031,1,1,134,2024-10-01
301,P047,1,0,28,2024-08-18
396,P033,1,1,389,2025-01-04
362,P092,1,1,307,2025-02-01
541,P096,1,0,175,2024-03-01
151,P065,1,0,31,2024-05-23
210,P022,1,0,107,2025-01-19
279,P014,1,1,544,2024-01-08
308,P096,1,0,124,2025-05-13
493,P045,1,0,477,2024-12-17
162,P096,1,1,175,2025-02-03
518,P060,1,0,372,2024-01-22
244,P052,1,0,410,2024-06-12
439,P019,1,1,537,2024-10-17
201,P094,1,1,451,2024-12-20
318,P069,1,1,581,2025-05-26
502,P022,1,0,155,2024-01-04
232,P072,1,0,92,2024-01-31
525,P030,1,0,357,2024-08-20
246,P063,1,0,312,2024-03-31
230,P038,1,0,490,2024-04-27
452,P075,1,0,312,2024-12-11
212,P009,1,0,382,2025-01-12
282,P002,1,1,62,2024-02-20
175,P081,1,1,28,2025-03-12
469,P075,1,0,322,2025-04-26
201,P041,1,0,270,2024-05-18
516,P058,1,1,152,2024-09-17
205,P053,1,1,105,2024-02-08
589,P079,1,0,589,2025-06-17
582,P021,1,0,341,2024-02-28
431,P067,1,0,280,2025-03-16
441,P039,1,0,52,2024-06-03
529,P026,1,0,16,2025-03-26
252,P015,1,0,70,2025-03-14
107,P022,1,0,381,2024-06-22
272,P042,1,0,92,2024-07-11
231,P096,1,0,470,2025-03-07
196,P024,1,1,38,2024-12-20
254,P009,1,0,388,2024-09-29
448,P005,1,0,407,2024-09-10
330,P079,1,0,369,2024-10-01
384,P022,1,1,126,2025-04-01
197,P079,1,0,226,2025-02-19
417,P081,1,0,36,2024-06-16
511,P075,1,0,372,2025-03-20
588,P014,1,0,72,2025-01-26
246,P050,1,0,428,2025-05-06
293,P034,1,0,578,2024-12-30
296,P022,1,0,58,2024-09-24
572,P046,1,0,89,2024-11-09
227,P074,1,1,588,2024-06-07
283,P060,1,0,184,2025-06-10
322,P016,1,0,157,2025-06-17
277,P081,1,0,119,2024-09-13
223,P068,1,1,166,2024-11-26
450,P043,1,0,21,2024-09-09
196,P087,1,1,564,2025-02-23
273,P073,1,0,559,2024-05-05
541,P073,1,1,46,2024-12-23
196,P068,1,0,53,2024-12-12
200,P002,1,0,510,2024-08-12
556,P002,1,1,564,2024-08-18
516,P007,1,0,585,2025-06-23
249,P003,1,0,451,2025-05-01
338,P052,1,1,155,2024-03-07
398,P083,1,0,27,2024-12-02
107,P063,1,0,479,2024-02-05
409,P046,1,0,310,2024-11-09
279,P091,1,0,35,2025-03-22
403,P015,1,0,263,2025-06-06
333,P056,1,0,222,2024-11-08
226,P015,1,1,335,2025-01-16
312,P064,1,0,332,2025-04-17
420,P021,1,1,396,2024-07-03
478,P053,1,0,178,2025-05-02
212,P022,1,0,243,2025-05-15
488,P006,1,0,90,2024-02-11
268,P053,1,0,338,2024-04-21
574,P034,1,0,249,2024-11-11
198,P003,1,0,416,2025-06-14
434,P030,1,0,529,2025-03-30
297,P089,1,1,97,2025-03-17
118,P046,1,1,98,2024-04-15
342,P001,1,0,284,2024-07-09
544,P031,1,0,256,2025-03-28
229,P094,1,1,230,2025-04-18
228,P069,1,0,78,2024-08-11
597,P010,1,1,279,2024-07-16
248,P010,1,0,362,2025-05-08
467,P016,1,0,585,2024-05-26
312,P016,1,0,121,2024-10-20
337,P049,1,0,35,2025-03-31
205,P033,1,0,561,2025-05-08
554,P097,1,0,362,2024-11-15
162,P036,1,0,367,2025-03-03
546,P040,1,0,208,2024-03-06
434,P013,1,0,534,2025-06-30
268,P076,1,0,424,2025-02-16
219,P061,1,1,29,2024-01-15
380,P083,1,1,284,2024-08-16
381,P025,1,0,137,2024-11-01
381,P086,1,0,495,2025-06-03
477,P014,1,0,392,2025-03-19
106,P067,1,1,58,2024-09-27
560,P009,1,1,48,2024-05-12
245,P037,1,0,199,2025-06-23
501,P022,1,0,77,2025-04-23
206,P034,1,1,396,2024-02-04
575,P070,1,0,232,2025-03-20
528,P026,1,0,278,2024-07-18
454,P012,1,1,97,2024-07-13
332,P018,1,0,216,2025-06-16
482,P001,1,0,357,2024-01-07
433,P030,1,0,547,2024-08-23
242,P073,1,0,92,2025-02-15
247,P063,1,0,271,2024-07-08
472,P062,1,0,584,2025-02-20
385,P013,1,0,249,2025-05-01
433,P017,1,1,175,2025-05-14
515,P090,1,1,115,2024-03-17
287,P045,1,0,199,2025-01-08
453,P065,1,1,265,2024-02-04
578,P023,1,0,214,2025-02-11
350,P009,1,0,62,2024-09-01
226,P065,1,0,84,2025-04-29
489,P067,1,0,423,2024-01-14
180,P066,1,0,327,2024-01-15
342,P021,1,0,266,2025-06-27
361,P010,1,0,356,2024-02-01
228,P076,1,0,437,2025-05-07
375,P010,1,0,553,2025-06-06
443,P032,1,0,236,2024-12-02
564,P082,1,1,238,2024-02-29
498,P072,1,0,198,2025-04-03
431,P067,1,0,290,2025-03-11
393,P045,1,0,334,2024-09-07
524,P100,1,0,538,2024-06-01
225,P100,1,0,53,2025-03-25
186,P081,1,0,533,2025-02-28
151,P087,1,0,358,2025-03-18
510,P087,1,0,246,2024-02-23
519,P089,1,0,520,2024-01-31
134,P087,1,1,296,2025-01-29
352,P005,1,0,293,2024-03-20
535,P020,1,1,10,2024-09-18
251,P057,1,0,172,2024-02-08
388,P026,1,0,141,2024-10-18
381,P058,1,0,525,2024-12-03
307,P024,1,0,469,2025-03-11
460,P009,1,0,236,2024-05-13
509,P058,1,0,427,2024-01-26
461,P054,1,0,349,2024-03-08
462,P031,1,0,580,2024-02-20
319,P047,1,0,308,2024-03-17
458,P053,1,1,571,2024-09-14
430,P029,1,0,424,2024-09-06
446,P032,1,0,390,2025-03-02
500,P011,1,1,288,2024-12-28
214,P044,1,0,473,2025-05-08
466,P064,1,1,380,2024-05-21
453,P079,1,0,357,2025-06-01
220,P053,1,0,558,2025-06-09
567,P090,1,0,460,2024-10-25
260,P070,1,1,180,2024-07-13
489,P080,1,0,48,2024-10-15
167,P035,1,0,342,2024-01-05
194,P045,1,0,518,2024-03-04
180,P016,1,0,539,2024-06-26
417,P043,1,1,578,2024-03-14
568,P051,1,0,13,2024-08-27
325,P093,1,0,223,2024-06-14
402,P038,1,0,238,2025-06-04
520,P093,1,0,321,2024-08-07
352,P033,1,0,170,2025-03-23
413,P071,1,0,534,2025-01-19
264,P041,1,0,25,2025-06-20
312,P100,1,0,483,2024-01-04
544,P064,1,1,524,2024-07-30
420,P027,1,1,91,2024-08-28
166,P080,1,0,43,2024-06-19
447,P061,1,0,307,2024-07-04
284,P006,1,0,423,2025-01-17
330,P047,1,0,337,2025-05-01
255,P067,1,0,227,2024-06-01
385,P010,1,0,517,2024-01-04
502,P044,1,0,70,2024-12-11
262,P062,1,0,545,2024-10-17
160,P007,1,1,424,2024-01-07
499,P004,1,1,451,2025-01-23
524,P015,1,0,78,2024-12-17
200,P011,1,0,397,2025-02-19
111,P089,1,0,310,2024-10-25
456,P048,1,0,484,2024-04-03
362,P011,1,0,228,2024-08-23
489,P089,1,0,472,2024-12-02
335,P043,1,0,279,2025-02-06
503,P003,1,0,579,2024-07-14
238,P100,1,0,437,2024-01-22
291,P025,1,0,547,2024-06-10
517,P081,1,0,455,2025-02-13
294,P093,1,0,569,2024-04-28
364,P060,1,0,539,2024-02-07
248,P014,1,0,30,2024-07-16
315,P029,1,0,549,2025-03-31
234,P043,1,0,151,2025-02-03
162,P073,1,0,470,2024-02-27
544,P022,1,0,223,2024-01-23
408,P083,1,1,308,2024-10-28
211,P009,1,1,177,2024-03-27
506,P026,1,0,341,2024-12-04
526,P057,1,1,41,2024-02-11
344,P024,1,0,420,2025-01-31
501,P097,1,1,506,2024-05-14
581,P032,1,0,400,2024-08-02
582,P054,1,0,467,2025-06-23
600,P026,1,0,85,2025-01-14
156,P007,1,0,111,2024-08-29
305,P063,1,0,504,2025-01-23
350,P078,1,0,216,2024-05-11
469,P017,1,0,402,2025-05-05
212,P060,1,0,441,2025-04-27
261,P043,1,0,131,2024-05-15
116,P078,1,0,352,2024-09-27
444,P004,1,0,561,2024-10-11
562,P039,1,0,583,2025-06-25
171,P049,1,1,467,2025-02-17
393,P036,1,0,251,2025-02-01
299,P063,1,0,569,2025-06-17
319,P065,1,1,410,2024-01-09
366,P099,1,0,540,2025-03-10
219,P073,1,0,314,2024-05-05
377,P089,1,0,341,2024-02-09
482,P093,1,1,302,2024-02-24
452,P037,1,0,276,2025-04-22
243,P024,1,0,64,2025-04-08
171,P047,1,0,289,2024-12-17
472,P020,1,0,584,2025-02-25
133,P008,1,1,352,2024-09-15
336,P084,1,0,572,2025-05-01
242,P008,1,0,335,2024-04-02
547,P079,1,0,136,2024-09-15
296,P001,1,0,469,2024-06-21
387,P004,1,0,331,2025-02-27
368,P077,1,1,127,2024-01-20
387,P084,1,1,391,2025-05-21
346,P059,1,0,490,2025-01-01
116,P014,1,0,599,2024-08-08
530,P077,1,1,187,2024-11-26
302,P058,1,1,499,2024-11-07
496,P087,1,0,260,2024-04-04
491,P062,1,0,78,2025-06-15
307,P024,1,0,426,2025-03-26
477,P098,1,1,431,2024-03-12
307,P030,1,0,585,2025-02-05
207,P069,1,0,257,2024-01-11
581,P026,1,0,429,2024-05-12
256,P088,1,1,538,2025-03-07
256,P004,1,1,268,2025-02-16
304,P047,1,0,590,2025-05-13
332,P004,1,0,240,2025-02-07
253,P035,1,0,272,2024-12-10
248,P014,1,0,121,2025-04-21
295,P022,1,0,563,2024-02-02
535,P010,1,1,190,2025-06-27
416,P032,1,0,529,2024-06-16
373,P002,1,0,176,2024-01-20
282,P032,1,0,339,2024-01-27
248,P082,1,0,418,2025-06-21
319,P080,1,0,50,2024-02-09
575,P011,1,1,183,2024-08-11
197,P012,1,0,146,2024-11-03
108,P035,1,0,330,2025-04-12
268,P066,1,1,283,2024-05-28
337,P055,1,1,437,2024-04-05
434,P023,1,0,469,2024-07-21
512,P031,1,0,254,2024-12-02
324,P079,1,0,168,2024-01-21
148,P071,1,0,272,2024-11-24
330,P051,1,0,95,2025-02-28
545,P092,1,1,189,2025-01-07
128,P094,1,0,298,2024-03-07
108,P028,1,0,557,2024-11-10
133,P082,1,1,508,2024-09-08
443,P024,1,1,427,2025-01-12
524,P018,1,0,271,2025-03-14
290,P090,1,0,298,2025-03-15
483,P009,1,0,73,2024-08-13
490,P098,1,1,297,2025-02-25
333,P087,1,0,456,2024-09-23
255,P087,1,0,87,2025-06-09
417,P023,1,1,532,2024-04-27
558,P039,1,1,225,2024-12-07
209,P044,1,1,278,2024-07-03
276,P081,1,1,450,2024-05-08
525,P069,1,1,442,2024-01-03
355,P089,1,1,96,2024-09-11
501,P065,1,0,475,2024-12-07
534,P010,1,0,273,2024-02-14
338,P087,1,0,100,2025-05-30
546,P095,1,0,28,2025-01-18
458,P069,1,0,276,2024-02-23
489,P045,1,1,332,2024-10-02
314,P092,1,0,89,2024-05-14
131,P052,1,1,33,2025-03-17
156,P013,1,1,367,2025-04-10
212,P082,1,0,169,2024-12-02
223,P001,1,0,131,2024-11-19
374,P035,1,0,326,2024-08-21
595,P098,1,1,266,2024-10-04
557,P098,1,0,570,2024-01-17
453,P042,1,0,27,2024-03-03
400,P022,1,1,225,2024-04-20
395,P046,1,0,493,2025-05-23
225,P002,1,0,203,2024-01-28
535,P005,1,0,288,2024-08-02
585,P024,1,1,172,2025-02-01
173,P004,1,0,383,2025-01-11
462,P045,1,1,401,2024-05-31
555,P065,1,0,519,2025-01-15
297,P045,1,1,463,2024-08-12
528,P030,1,1,258,2024-10-23
207,P010,1,0,369,2024-03-22
598,P070,1,1,530,2024-12-27
491,P057,1,1,460,2025-06-27
572,P024,1,1,25,2024-12-14
347,P024,1,1,531,2024-09-05
410,P058,1,1,213,2024-01-13
450,P010,1,1,585,2025-03-18
517,P047,1,1,545,2024-10-26
307,P097,1,1,28,2025-04-06
486,P038,1,0,439,2024-06-10
443,P041,1,1,396,2025-04-23
102,P027,1,0,468,2024-04-11
581,P069,1,1,529,2025-04-02
283,P067,1,0,346,2024-02-24
507,P075,1,1,42,2024-05-15
118,P063,1,0,139,2024-02-16
230,P052,1,1,58,2025-04-18
248,P027,1,1,31,2025-02-12
523,P034,1,1,267,2025-05-06
354,P025,1,1,181,2024-02-12
177,P039,1,1,271,2024-10-02
107,P088,1,0,251,2024-04-13
394,P062,1,0,564,2024-01-01
162,P009,1,0,69,2024-07-19
488,P051,1,0,194,2024-03-14
477,P051,1,1,268,2024-05-08
558,P056,1,0,411,2025-03-01
440,P054,1,0,505,2024-03-08
115,P063,1,1,596,2024-08-13
278,P024,1,0,359,2025-03-06
288,P018,1,1,35,2024-09-10
155,P088,1,0,21,2024-01-06
139,P095,1,0,91,2025-06-21
214,P023,1,0,348,2024-06-11
392,P006,1,0,514,2024-10-29
136,P095,1,0,396,2024-10-01
208,P005,1,1,396,2024-01-25
512,P038,1,0,579,2024-08-28
150,P051,1,0,153,2024-08-05
167,P039,1,0,268,2024-10-14
343,P015,1,0,399,2024-02-19
505,P051,1,0,450,2025-04-10
592,P083,1,0,513,2025-04-09
371,P069,1,1,178,2024-03-15
231,P016,1,1,130,2024-02-10
131,P059,1,0,36,2025-05-30
439,P033,1,0,555,2024-02-17
472,P014,1,1,107,2025-04-12
132,P095,1,0,410,2024-10-04
339,P082,1,1,448,2024-12-04
377,P081,1,0,475,2025-01-08
331,P076,1,0,240,2024-08-18
305,P081,1,0,337,2024-10-13
494,P063,1,1,95,2024-01-22
519,P075,1,1,232,2025-05-09
371,P037,1,1,421,2024-11-18
184,P028,1,0,560,2024-01-05
248,P041,1,0,208,2024-09-27
550,P028,1,0,280,2024-06-27
114,P060,1,0,12,2024-01-25
179,P051,1,0,367,2024-12-11
235,P058,1,0,217,2025-03-20
513,P038,1,1,101,2025-03-10
208,P068,1,0,359,2024-03-23
154,P061,1,0,217,2024-02-23
199,P045,1,1,177,2024-04-01
344,P023,1,0,240,2024-09-11
544,P004,1,1,64,2024-09-21
384,P082,1,1,23,2025-06-11
466,P055,1,1,90,2024-04-19
186,P099,1,0,524,2024-01-22
255,P039,1,1,247,2024-03-02
304,P041,1,1,485,2025-05-10
165,P012,1,0,146,2025-03-31
155,P090,1,0,538,2024-04-18
101,P073,1,1,107,2025-04-09
313,P055,1,0,386,2024-05-11
144,P043,1,0,438,2025-05-10
204,P084,1,0,127,2024-03-15
107,P058,1,0,414,2025-06-30
311,P068,1,1,453,2024-10-07
315,P095,1,0,113,2024-10-24
343,P031,1,0,328,2025-03-13
382,P073,1,0,206,2025-04-22
250,P024,1,0,186,2024-11-21
336,P057,1,0,561,2025-05-18
468,P062,1,0,596,2025-01-17
146,P050,1,1,405,2024-02-04
215,P093,1,0,265,2025-05-06
479,P004,1,0,281,2024-01-18
552,P079,1,0,73,2025-03-26
508,P083,1,0,369,2024-04-09
418,P079,1,0,237,2024-05-24
215,P008,1,1,324,2025-05-14
567,P063,1,0,354,2025-03-04
139,P090,1,0,380,2024-12-18
452,P088,1,1,245,2024-08-23
512,P100,1,1,308,2024-04-03
302,P017,1,1,27,2025-03-20
195,P071,1,1,531,2024-03-30
265,P093,1,1,428,2025-02-11
128,P085,1,0,37,2024-02-29
280,P011,1,1,544,2024-08-08
235,P026,1,0,591,2024-07-28
309,P032,1,0,455,2025-06-24
132,P089,1,1,520,2025-03-29
416,P081,1,0,301,2025-05-13
175,P038,1,1,276,2024-04-06
461,P055,1,0,406,2024-05-27
149,P069,1,0,307,2024-09-04
111,P080,1,0,302,2025-05-26
255,P017,1,1,215,2024-05-23
301,P068,1,0,319,2025-06-19
348,P004,1,1,186,2024-12-09
154,P054,1,1,182,2024-02-11
385,P040,1,0,281,2025-06-22
505,P020,1,0,153,2025-03-24
345,P027,1,0,114,2024-07-10
273,P067,1,0,143,2025-04-21
302,P052,1,0,282,2024-01-08
232,P014,1,1,462,2024-09-15
234,P060,1,0,359,2024-07-05
536,P099,1,0,320,2025-02-14
533,P079,1,0,538,2024-12-05
582,P098,1,0,432,2024-07-01
135,P062,1,0,83,2025-04-17
154,P032,1,0,157,2024-10-31
268,P034,1,1,475,2024-01-30
465,P081,1,0,17,2024-01-24
282,P057,1,0,350,2025-06-23
589,P006,1,0,435,2025-03-05
260,P069,1,0,540,2024-11-01
159,P029,1,1,265,2024-05-01
192,P059,1,0,57,2025-05-22
375,P099,1,0,211,2024-12-24
411,P037,1,1,190,2024-05-10
572,P033,1,0,139,2024-10-20
523,P097,1,1,559,2024-05-01
299,P002,1,1,203,2025-01-08
514,P032,1,0,120,2025-05-13
318,P090,1,0,328,2025-02-21
155,P034,1,0,115,2024-04-21
117,P084,1,0,309,2025-04-18
543,P029,1,1,91,2024-06-22
525,P074,1,1,250,2024-11-16
367,P033,1,0,583,2024-01-09
446,P013,1,0,479,2025-05-01
138,P018,1,0,511,2024-04-17
569,P042,1,0,523,2024-12-12
200,P078,1,0,108,2025-04-06
245,P035,1,0,593,2024-09-15
108,P068,1,0,206,2024-01-30
507,P097,1,1,173,2024-06-19
390,P082,1,0,422,2024-09-24
524,P013,1,1,408,2024-11-29
385,P096,1,0,43,2024-06-07
456,P073,1,0,485,2025-03-06
229,P042,1,0,435,2024-11-22
385,P058,1,0,547,2024-01-15
576,P022,1,0,573,2025-01-29
264,P054,1,0,433,2024-02-14
107,P071,1,0,383,2024-01-27
443,P016,1,1,574,2025-06-07
107,P001,1,1,263,2024-01-01
101,P043,1,0,477,2024-06-06
380,P051,1,1,500,2024-06-13
503,P093,1,1,168,2024-02-22
566,P097,1,0,20,2025-04-10
137,P008,1,1,74,2025-03-10
393,P095,1,0,180,2024-07-28
548,P091,1,1,488,2025-01-22
584,P083,1,0,181,2024-04-25
288,P035,1,0,366,2024-03-10
600,P075,1,1,70,2025-04-01
102,P100,1,1,139,2025-04-10
476,P018,1,1,180,2024-11-11
535,P020,1,1,582,2025-02-22
211,P043,1,1,253,2024-11-09
399,P022,1,1,409,2024-07-24
387,P075,1,1,563,2025-05-14
431,P084,1,0,341,2024-12-25
412,P012,1,0,154,2024-08-23
582,P031,1,0,381,2025-06-21
359,P045,1,0,162,2025-06-11
433,P029,1,0,419,2024-08-08
432,P067,1,1,109,2025-03-21
142,P085,1,1,37,2024-12-24
265,P072,1,0,384,2024-07-31
110,P090,1,1,163,2025-02-23
145,P035,1,1,68,2024-10-31
134,P055,1,0,589,2024-12-01
422,P085,1,0,53,2024-07-10
338,P077,1,1,108,2024-10-08
269,P034,1,1,92,2024-03-13
388,P079,1,0,494,2024-06-14
363,P036,1,0,538,2024-11-04
375,P095,1,0,286,2024-09-20
122,P006,1,1,188,2025-03-06
195,P071,1,1,417,2024-12-20
477,P070,1,0,515,2024-07-08
111,P008,1,1,33,2024-12-30
334,P003,1,0,593,2025-05-24
247,P027,1,1,339,2025-04-02
265,P088,1,0,141,2024-12-04
277,P090,1,0,441,2025-05-27
113,P090,1,1,570,2024-10-01
318,P077,1,1,23,2024-01-02
154,P044,1,1,585,2024-04-23
166,P100,1,0,399,2024-06-05
240,P091,1,0,310,2024-10-19
502,P062,1,1,48,2024-01-05
170,P045,1,0,595,2024-02-10
302,P084,1,0,152,2024-11-11
456,P035,1,0,61,2025-01-03
515,P061,1,1,506,2024-06-12
529,P037,1,1,500,2025-05-11
248,P059,1,0,258,2024-02-25
584,P088,1,1,227,2024-12-07
326,P017,1,1,559,2024-01-31
584,P080,1,0,68,2024-02-07
467,P089,1,0,265,2024-09-30
429,P059,1,0,92,2025-06-01
108,P034,1,0,56,2024-06-06
181,P025,1,0,333,2025-05-03
549,P045,1,0,265,2024-08-07
498,P056,1,1,201,2025-05-28
535,P062,1,0,362,2025-04-05
285,P094,1,0,365,2024-05-22
270,P066,1,0,580,2024-11-27
582,P050,1,1,378,2024-01-26
472,P055,1,0,283,2025-05-27
345,P068,1,0,420,2024-11-13
548,P066,1,0,124,2024-08-17
124,P007,1,0,189,2024-12-17
281,P034,1,0,281,2024-12-14
535,P032,1,0,302,2025-03-31
419,P066,1,0,149,2024-09-28
426,P081,1,1,303,2024-10-21
334,P001,1,0,131,2024-11-14
291,P005,1,0,404,2024-08-05
492,P026,1,0,51,2025-03-13
409,P043,1,1,118,2024-03-08
368,P014,1,1,413,2024-05-03
202,P069,1,1,461,2025-01-07
436,P079,1,0,343,2024-10-13
184,P023,1,1,547,2024-04-15
441,P025,1,0,165,2024-10-22
140,P079,1,1,481,2025-04-18
469,P012,1,0,542,2024-01-06
541,P014,1,1,396,2025-03-28
457,P059,1,0,208,2025-01-23
127,P034,1,1,12,2025-06-16
270,P078,1,0,459,2024-04-11
233,P029,1,1,435,2024-10-04
341,P033,1,1,220,2024-11-09
498,P062,1,0,539,2025-06-30
399,P028,1,1,527,2025-03-03
142,P051,1,1,102,2025-06-23
441,P062,1,0,402,2024-11-10
596,P094,1,0,546,2024-02-27
377,P038,1,0,93,2025-02-28
425,P041,1,0,78,2025-04-02
529,P073,1,1,47,2024-01-29
541,P042,1,0,76,2024-05-17
315,P003,1,0,336,2025-05-16
254,P008,1,0,554,2024-11-05
575,P044,1,1,386,2025-03-28
317,P074,1,0,393,2024-04-06
428,P022,1,0,538,2024-04-02
217,P005,1,0,540,2024-09-04
331,P027,1,0,542,2024-09-04
279,P075,1,0,121,2024-06-24
478,P031,1,1,277,2024-12-01
399,P092,1,0,216,2024-06-29
516,P048,1,1,538,2024-02-27
594,P096,1,0,305,2024-12-21
264,P064,1,0,114,2025-01-27
192,P090,1,0,286,2024-07-31
271,P014,1,0,138,2025-06-10
521,P053,1,0,147,2025-05-22
459,P008,1,0,220,2024-04-12
338,P033,1,1,44,2024-05-12
369,P096,1,0,55,2025-01-24
102,P100,1,1,506,2025-02-01
219,P038,1,0,222,2024-07-31
244,P088,1,0,12,2024-07-04
433,P096,1,0,223,2024-09-08
471,P047,1,0,294,2024-03-16
464,P052,1,1,193,2025-05-22
120,P022,1,0,164,2024-04-06
285,P093,1,1,100,2024-10-02
448,P082,1,1,243,2024-12-25
538,P013,1,0,143,2024-07-21
443,P049,1,1,384,2024-02-14
235,P094,1,1,329,2025-01-07
187,P050,1,0,155,2024-09-08
271,P037,1,1,491,2024-06-06
550,P022,1,0,46,2024-11-23
575,P093,1,0,252,2024-02-16
492,P052,1,0,128,2024-08-19
414,P003,1,0,282,2025-01-09
436,P068,1,1,148,2025-04-29
287,P082,1,0,211,2024-10-01
127,P065,1,0,46,2025-01-18
315,P072,1,1,240,2024-08-12
272,P047,1,0,421,2024-09-02
361,P048,1,1,578,2024-03-05
370,P099,1,0,579,2024-09-23
553,P027,1,1,587,2025-03-25
253,P068,1,0,583,2024-02-13
123,P045,1,1,378,2025-05-15
465,P027,1,0,547,2024-01-04
336,P080,1,1,138,2025-02-19
423,P050,1,0,305,2024-01-11
256,P033,1,0,389,2024-01-27
153,P059,1,0,25,2024-12-07
312,P087,1,0,365,2024-11-26
365,P077,1,1,49,2025-02-11
266,P069,1,0,518,2024-05-16
184,P026,1,0,306,2024-07-05
122,P033,1,0,28,2024-03-03
305,P031,1,1,75,2024-04-17
545,P005,1,0,587,2025-04-25
530,P013,1,1,262,2025-01-25
489,P031,1,0,90,2024-04-03
533,P039,1,1,160,2024-02-20
600,P020,1,1,417,2024-04-21
169,P019,1,0,171,2025-02-25
448,P098,1,0,286,2024-01-03
467,P099,1,0,304,2024-12-03
253,P018,1,0,277,2024-06-08
188,P037,1,0,32,2024-06-01
219,P089,1,0,67,2024-01-16
114,P013,1,0,142,2025-04-03
370,P078,1,0,567,2024-06-13
236,P085,1,0,350,2024-03-03
429,P076,1,0,590,2024-04-08
466,P030,1,0,245,2024-06-14
410,P042,1,0,129,2025-05-11
311,P024,1,1,297,2025-06-15
241,P053,1,1,509,2025-01-19
247,P008,1,1,475,2025-04-14
397,P047,1,0,394,2024-03-11
564,P036,1,0,575,2024-07-12
101,P083,1,0,50,2024-02-25
301,P032,1,0,395,2024-02-26
166,P063,1,0,134,2024-12-08
317,P061,1,1,177,2025-03-07
136,P063,1,1,212,2025-03-15
196,P076,1,0,308,2024-11-24
516,P077,1,1,568,2025-04-26
463,P058,1,0,210,2024-07-05
454,P039,1,0,524,2024-06-08
133,P036,1,0,180,2024-06-12
185,P024,1,0,552,2024-08-16
201,P067,1,1,94,2024-07-20
357,P042,1,0,177,2024-08-10
273,P077,1,0,404,2024-05-28
349,P088,1,0,308,2024-02-13
550,P093,1,1,108,2024-10-11
254,P010,1,0,328,2024-12-12
574,P021,1,0,168,2024-09-14
516,P048,1,0,463,2024-01-27
368,P086,1,1,590,2024-08-13
395,P091,1,0,366,2024-02-05
244,P054,1,0,203,2024-07-20
430,P059,1,0,125,2024-12-26
573,P026,1,0,576,2024-08-27
207,P092,1,1,467,2025-06-04
430,P075,1,0,91,2024-01-23
275,P032,1,0,284,2024-12-14
388,P062,1,0,594,2024-12-19
131,P066,1,1,199,2024-12-19
515,P062,1,0,240,2024-07-05
480,P090,1,1,205,2024-01-15
103,P062,1,0,582,2025-03-07
548,P009,1,1,456,2024-11-06
358,P039,1,0,477,2024-10-18
339,P093,1,1,368,2024-06-21
481,P080,1,0,285,2024-09-12
479,P047,1,1,399,2025-01-06
122,P072,1,1,400,2024-05-19
441,P018,1,0,10,2024-06-25
271,P017,1,1,387,2024-09-27
557,P081,1,0,123,2024-03-04
557,P097,1,0,373,2025-02-24
192,P084,1,0,83,2024-05-26
317,P085,1,0,466,2025-03-06
559,P083,1,1,36,2024-09-28
587,P007,1,1,330,2025-02-15
255,P062,1,0,264,2024-07-24
318,P035,1,0,305,2024-11-28
489,P026,1,1,169,2024-01-25
321,P041,1,0,240,2024-05-23
309,P082,1,0,312,2024-08-13
253,P008,1,1,222,2025-05-04
137,P045,1,0,282,2024-07-13
507,P016,1,0,76,2024-12-09
447,P053,1,1,263,2024-01-31
417,P095,1,0,256,2024-03-20
483,P024,1,0,382,2024-06-16
478,P099,1,0,292,2025-03-30
245,P057,1,1,484,2024-03-04
323,P057,1,1,400,2024-10-24
245,P021,1,1,433,2024-08-26
119,P060,1,1,40,2025-04-16
369,P011,1,1,50,2024-03-11
476,P005,1,0,148,2024-10-28
530,P038,1,1,19,2025-01-15
301,P078,1,1,314,2024-05-11
154,P015,1,1,531,2025-05-08
258,P092,1,1,30,2024-01-27
244,P033,1,1,81,2024-02-25
437,P100,1,1,73,2025-03-25
187,P090,1,0,83,2024-10-27
570,P073,1,0,41,2024-10-17
392,P077,1,0,26,2025-02-28
249,P008,1,0,97,2024-05-13
138,P008,1,0,51,2024-10-08
451,P027,1,0,39,2024-12-22
290,P002,1,0,100,2025-01-08
473,P067,1,1,476,2024-11-20
120,P050,1,0,25,2025-03-16
328,P046,1,1,128,2024-09-30
160,P034,1,1,243,2024-12-19
580,P010,1,0,422,2024-01-22
391,P045,1,0,282,2024-05-14
577,P059,1,0,62,2024-06-08
134,P044,1,0,562,2025-02-01
159,P014,1,0,135,2024-04-30
141,P091,1,0,188,2025-04-27
534,P013,1,0,222,2025-01-13
416,P025,1,0,124,2024-02-06
302,P014,1,1,441,2024-11-29
106,P081,1,0,520,2024-07-10
585,P041,1,0,230,2024-05-04
535,P090,1,0,518,2024-07-23
356,P010,1,0,159,2024-01-08
325,P019,1,0,42,2024-11-09
265,P093,1,1,191,2024-11-03
575,P003,1,1,539,2025-03-23
469,P005,1,1,448,2024-05-11
263,P099,1,0,250,2025-02-21
120,P013,1,1,25,2024-08-31
501,P010,1,1,110,2024-10-02
496,P008,1,0,527,2024-04-27
185,P093,1,1,472,2024-04-23
506,P076,1,0,199,2025-06-12
367,P058,1,0,88,2024-12-09
464,P076,1,0,163,2024-12-30
236,P082,1,0,315,2024-12-04
521,P006,1,0,424,2025-03-12
234,P083,1,0,500,2024-09-05
373,P091,1,0,413,2025-03-23
558,P036,1,1,74,2024-03-26
120,P043,1,0,185,2024-05-18
458,P060,1,0,287,2024-07-12
110,P095,1,0,514,2025-04-27
355,P080,1,1,249,2025-01-29
334,P059,1,1,78,2024-01-12
353,P001,1,1,147,2024-09-14
592,P007,1,1,238,2025-01-02
143,P092,1,1,234,2024-07-14
481,P098,1,0,373,2025-04-10
396,P023,1,0,585,2024-07-03
444,P032,1,0,404,2024-03-26
525,P091,1,0,177,2024-01-17
143,P058,1,0,343,2024-04-29
448,P018,1,0,420,2024-02-29
552,P088,1,1,438,2025-03-09
498,P015,1,0,30,2024-10-04
101,P087,1,0,37,2024-07-03
438,P084,1,1,498,2025-02-04
560,P062,1,0,431,2024-01-22
497,P068,1,0,244,2024-07-30
212,P075,1,1,364,2024-02-15
301,P051,1,1,424,2025-05-20
320,P002,1,1,358,2024-12-28
111,P068,1,1,37,2024-02-07
274,P007,1,1,64,2024-08-11
123,P054,1,1,201,2025-01-04
125,P089,1,1,527,2024-02-06
280,P048,1,0,312,2024-11-15
510,P010,1,1,597,2024-10-21
497,P009,1,0,277,2024-08-04
314,P009,1,0,59,2025-01-15
107,P090,1,0,53,2025-03-26
305,P012,1,1,130,2025-05-31
157,P095,1,0,559,2024-08-03
312,P064,1,1,279,2024-01-15
222,P018,1,0,470,2025-03-29
243,P073,1,1,105,2024-05-01
493,P062,1,0,459,2024-12-06
291,P003,1,1,51,2024-10-12
197,P064,1,0,213,2024-04-17
271,P058,1,0,145,2024-06-30
418,P042,1,0,561,2024-09-10
522,P072,1,0,46,2024-07-21
585,P075,1,0,228,2025-03-10
354,P038,1,1,449,2025-03-28
536,P047,1,0,493,2025-01-11
537,P027,1,0,86,2024-11-19
228,P034,1,1,515,2024-10-18
204,P077,1,0,518,2024-01-02
366,P014,1,0,68,2025-04-14
380,P006,1,1,36,2024-07-31
353,P070,1,0,12,2024-04-28
102,P032,1,1,156,2024-01-06
358,P020,1,0,273,2024-04-09
517,P099,1,0,19,2024-01-26
396,P060,1,0,510,2025-06-16
374,P046,1,0,420,2025-02-12
144,P073,1,0,520,2025-02-09
234,P040,1,0,59,2024-10-14
215,P076,1,0,418,2024-03-17
323,P083,1,0,138,2024-06-21
339,P089,1,0,145,2025-03-17
154,P003,1,0,285,2024-02-08
187,P093,1,0,29,2024-07-03
368,P084,1,0,432,2024-12-30
470,P043,1,1,155,2024-04-03
463,P068,1,1,334,2025-01-27
377,P065,1,0,266,2024-08-10
536,P025,1,1,470,2024-10-08
281,P025,1,1,74,2025-06-29
122,P023,1,0,564,2024-10-28
385,P057,1,0,96,2024-11-07
256,P033,1,0,239,2025-03-27
563,P030,1,0,47,2024-03-04
363,P043,1,0,357,2024-08-16
499,P095,1,0,323,2025-03-29
301,P097,1,0,117,2025-06-25
467,P028,1,1,271,2024-07-03
464,P074,1,0,23,2024-06-11
247,P076,1,0,508,2024-12-16
181,P026,1,0,419,2024-03-21
263,P009,1,0,124,2025-03-12
352,P052,1,1,14,2025-06-19
577,P078,1,0,55,2024-03-31
111,P049,1,0,334,2025-06-01
554,P080,1,0,524,2024-06-12
462,P040,1,0,388,2025-03-07
285,P071,1,0,600,2024-08-11
386,P043,1,0,52,2024-11-03
470,P038,1,1,354,2024-01-19
453,P030,1,1,573,2025-02-12
200,P068,1,0,269,2025-01-21
586,P050,1,1,33,2025-06-19
162,P033,1,0,553,2025-02-04
123,P018,1,1,424,2024-12-04
216,P024,1,1,579,2024-08-16
544,P010,1,0,216,2024-01-23
346,P003,1,0,116,2024-02-13
508,P038,1,1,549,2025-05-23
365,P055,1,0,87,2025-01-02
132,P066,1,1,241,2024-09-01
577,P036,1,0,82,2024-07-02
411,P068,1,0,267,2024-12-21
240,P097,1,0,530,2024-08-01
203,P100,1,0,583,2025-06-17
156,P039,1,1,513,2024-11-10
175,P045,1,0,478,2024-11-11
214,P068,1,0,56,2024-07-23
405,P046,1,1,70,2024-02-26
327,P066,1,0,467,2025-04-02
544,P043,1,0,10,2024-02-05
498,P042,1,0,336,2025-05-10
508,P082,1,1,402,2024-03-02
434,P029,1,0,473,2024-08-01
212,P050,1,0,285,2024-07-04
598,P033,1,0,297,2024-03-27
283,P098,1,0,454,2024-08-17
177,P079,1,0,457,2025-03-01
463,P009,1,1,291,2025-06-04
552,P099,1,1,170,2024-09-27
435,P031,1,0,318,2024-12-16
139,P057,1,1,175,2025-04-05
449,P047,1,1,517,2025-04-30
204,P008,1,0,79,2024-09-23
546,P051,1,0,91,2025-05-19
443,P033,1,0,396,2024-11-09
114,P093,1,0,72,2024-06-07
268,P053,1,1,533,2024-07-26
564,P087,1,0,446,2024-05-09
329,P067,1,0,580,2025-04-30
345,P062,1,0,346,2024-09-23
101,P018,1,0,314,2025-04-27
491,P016,1,0,362,2024-04-27
554,P025,1,0,289,2024-01-07
500,P017,1,1,177,2025-03-04
520,P046,1,1,451,2024-12-16
193,P073,1,0,395,2025-05-05
286,P050,1,0,475,2025-01-13
490,P033,1,0,274,2024-01-15
220,P100,1,0,532,2024-09-09
410,P058,1,0,376,2024-12-03
222,P052,1,1,315,2024-06-22
193,P088,1,0,278,2025-03-24
118,P043,1,0,276,2025-05-21
544,P051,1,0,526,2024-07-24
413,P085,1,1,21,2024-03-10
584,P072,1,1,489,2025-01-29
496,P089,1,1,178,2025-04-01
132,P035,1,0,533,2024-12-05
564,P093,1,0,541,2025-04-06
133,P046,1,1,540,2024-08-26
239,P084,1,1,282,2024-08-18
113,P017,1,1,487,2024-09-02
382,P041,1,0,286,2024-06-29
512,P036,1,0,169,2024-09-22
520,P069,1,0,318,2025-03-10
364,P068,1,0,581,2024-02-17
377,P092,1,0,420,2024-07-23
555,P033,1,1,188,2025-05-14
185,P040,1,0,486,2024-04-16
158,P045,1,0,573,2025-04-12
200,P062,1,1,97,2024-12-15
556,P053,1,0,423,2024-06-09
134,P095,1,0,226,2025-01-22
578,P061,1,0,250,2025-06-24
470,P064,1,0,74,2024-10-25
111,P090,1,1,230,2024-03-18
392,P089,1,0,417,2025-03-11
313,P100,1,1,133,2025-03-10
187,P040,1,1,416,2025-06-19
471,P074,1,1,451,2025-05-06
551,P051,1,0,87,2025-05-29
171,P024,1,0,485,2024-07-04
165,P033,1,0,424,2025-03-09
326,P006,1,1,476,2024-04-14
301,P057,1,0,284,2025-06-15
441,P074,1,0,481,2024-05-24
271,P059,1,1,389,2024-06-25
199,P041,1,0,524,2024-02-26
114,P080,1,0,309,2024-03-12
215,P100,1,0,254,2024-09-14
275,P035,1,0,302,2025-05-04
527,P097,1,0,77,2024-12-20
549,P041,1,1,200,2024-07-04
586,P009,1,1,125,2024-12-07
144,P057,1,0,11,2025-04-06
522,P004,1,0,477,2025-04-28
435,P055,1,1,212,2024-04-29
208,P013,1,0,314,2024-11-16
225,P071,1,0,207,2025-02-13
556,P038,1,0,367,2024-11-26
105,P029,1,0,260,2024-09-05
456,P095,1,1,189,2024-03-31
117,P013,1,0,355,2024-11-03
458,P052,1,0,345,2024-03-11
250,P075,1,1,376,2025-04-04
342,P006,1,0,107,2025-05-06
101,P047,1,0,555,2024-05-08
290,P071,1,0,201,2024-02-12
135,P035,1,0,347,2024-11-09
290,P050,1,0,415,2025-04-27
416,P066,1,1,245,2025-03-23
357,P056,1,0,439,2024-11-03
443,P040,1,1,326,2025-06-03
549,P015,1,0,423,2024-07-17
485,P017,1,0,469,2024-07-16
390,P018,1,1,37,2025-01-21
521,P091,1,0,291,2024-05-23
545,P075,1,0,160,2024-05-23
488,P010,1,0,189,2024-09-29
329,P034,1,0,359,2024-02-21
321,P078,1,1,504,2024-06-22
131,P074,1,1,222,2025-05-29
346,P018,1,0,106,2024-05-21
577,P003,1,0,533,2024-06-03
471,P076,1,1,527,2024-07-15
401,P097,1,1,51,2024-04-17
289,P001,1,1,386,2024-12-23
582,P039,1,0,446,2024-03-21
323,P072,1,0,407,2025-06-09
118,P031,1,0,327,2024-02-01
104,P042,1,1,286,2025-03-06
367,P003,1,0,215,2024-05-01
520,P036,1,0,256,2025-03-02
101,P046,1,0,278,2024-07-19
196,P014,1,1,120,2024-05-02
566,P045,1,0,598,2024-12-06
418,P081,1,1,143,2024-03-24
489,P088,1,0,120,2025-01-23
532,P080,1,1,58,2024-03-09
221,P049,1,0,77,2025-05-16
430,P054,1,0,592,2024-05-11
110,P048,1,1,319,2024-07-27
503,P051,1,0,593,2024-01-28
556,P010,1,0,542,2024-01-14
155,P097,1,0,358,2024-08-09
480,P054,1,0,404,2024-10-25
208,P078,1,0,382,2024-07-19
436,P035,1,1,514,2024-07-31
165,P008,1,0,433,2024-02-04
585,P015,1,0,211,2024-12-08
204,P081,1,0,377,2024-08-13
192,P099,1,0,452,2024-06-25
575,P040,1,1,584,2024-01-18
543,P039,1,1,517,2024-02-14
236,P053,1,0,574,2024-12-04
266,P046,1,0,424,2024-08-03
184,P092,1,0,42,2024-12-06
557,P098,1,1,471,2024-10-23
152,P011,1,1,589,2024-07-28
290,P026,1,1,110,2024-01-02
221,P066,1,1,85,2025-02-09
517,P099,1,0,519,2025-03-27
452,P004,1,1,378,2024-06-07
138,P065,1,0,526,2025-01-22
372,P092,1,0,277,2024-07-12
411,P034,1,0,24,2024-02-03
506,P066,1,1,553,2024-05-26
268,P100,1,1,342,2025-05-10
364,P026,1,1,567,2024-02-16
199,P062,1,0,229,2025-04-08
342,P027,1,0,167,2024-02-22
289,P071,1,1,429,2024-11-09
366,P046,1,0,73,2025-04-12
230,P067,1,0,574,2024-03-20
512,P025,1,0,32,2024-12-23
454,P084,1,0,290,2024-01-15
264,P008,1,1,83,2024-04-13
225,P091,1,1,405,2024-03-17
354,P005,1,0,48,2024-10-09
364,P046,1,0,121,2024-05-18
450,P025,1,1,266,2025-06-02
574,P014,1,0,301,2024-11-29
185,P041,1,0,264,2025-01-29
175,P042,1,0,451,2024-03-21
240,P035,1,0,169,2025-04-01
132,P009,1,0,205,2024-05-12
163,P043,1,0,271,2024-04-20
355,P056,1,0,123,2024-04-08
554,P040,1,1,249,2024-06-10
229,P097,1,1,48,2025-02-19
484,P044,1,0,431,2024-03-19
168,P016,1,0,432,2024-11-01
365,P012,1,1,71,2024-01-02
140,P009,1,0,222,2024-08-12
457,P003,1,0,439,2025-04-10
397,P049,1,0,387,2025-02-03
434,P060,1,0,201,2024-08-14
381,P094,1,1,206,2025-02-01
359,P040,1,0,310,2024-09-03
258,P037,1,0,183,2024-06-28
511,P065,1,0,508,2024-09-27
440,P078,1,1,67,2024-11-17
203,P066,1,1,595,2024-01-14
276,P094,1,1,386,2024-01-08
415,P098,1,1,286,2024-06-14
369,P083,1,0,456,2024-08-24
304,P020,1,0,466,2025-05-18
192,P011,1,0,523,2025-05-17
195,P060,1,0,135,2024-02-21
527,P048,1,1,91,2024-12-24
480,P059,1,1,531,2024-03-27
292,P044,1,0,103,2024-11-15
404,P046,1,1,386,2024-06-20
419,P055,1,0,262,2024-11-21
172,P018,1,0,505,2024-07-22
166,P071,1,0,154,2024-09-27
498,P068,1,0,185,2024-03-02
440,P021,1,0,168,2024-03-18
430,P059,1,0,403,2024-11-17
497,P014,1,1,259,2024-09-26
175,P005,1,0,353,2025-05-17
365,P097,1,0,260,2024-04-19
249,P047,1,0,150,2025-01-16
217,P008,1,0,71,2024-05-21
244,P009,1,0,26,2024-01-16
160,P015,1,0,77,2024-10-15
318,P039,1,0,199,2024-03-26
245,P032,1,0,499,2025-05-29
448,P087,1,0,390,2024-12-09
440,P079,1,0,146,2025-05-04
595,P061,1,0,139,2025-03-13
128,P095,1,0,586,2025-04-22
305,P080,1,1,494,2025-06-14
580,P058,1,1,198,2024-12-25
307,P086,1,1,456,2024-11-09
140,P009,1,0,366,2024-01-16
538,P058,1,1,454,2024-10-23
417,P080,1,0,472,2024-06-20
459,P058,1,1,422,2024-07-13
212,P073,1,0,528,2024-01-27
585,P006,1,0,125,2024-04-18
416,P037,1,0,331,2024-02-18
437,P100,1,0,198,2024-05-11
124,P013,1,0,157,2025-05-10
518,P002,1,1,298,2024-05-25
166,P090,1,0,593,2024-08-16
221,P084,1,1,151,2024-08-03
492,P071,1,0,321,2024-08-25
209,P015,1,0,86,2025-03-17
308,P095,1,1,492,2024-11-10
448,P040,1,0,508,2024-02-10
350,P015,1,0,549,2024-12-04
560,P009,1,0,130,2025-01-13
353,P070,1,0,141,2024-09-02
399,P008,1,0,516,2024-04-30
265,P083,1,0,538,2025-02-14
106,P024,1,0,318,2024-05-13
208,P052,1,0,319,2024-12-13
509,P066,1,1,302,2025-01-20
480,P075,1,0,466,2024-03-11
516,P036,1,0,574,2025-05-23
278,P004,1,1,33,2024-12-31
431,P089,1,0,77,2024-03-10
556,P064,1,1,274,2024-11-10
243,P007,1,0,169,2025-05-14
523,P034,1,1,271,2024-06-23
242,P040,1,0,462,2024-07-28
308,P050,1,0,63,2024-10-20
259,P069,1,0,479,2024-04-29
162,P069,1,1,87,2025-02-20
135,P068,1,0,511,2025-03-27
431,P029,1,0,466,2025-04-19
248,P076,1,0,458,2025-06-14
480,P038,1,0,138,2025-04-18
559,P031,1,1,258,2024-04-14
428,P067,1,1,117,2024-11-21
313,P064,1,0,301,2024-05-03
520,P028,1,0,293,2024-12-26
276,P085,1,0,477,2024-01-31
471,P059,1,1,72,2025-05-02
558,P057,1,1,66,2024-11-12
424,P082,1,0,355,2024-08-03
114,P003,1,0,506,2024-07-19
154,P100,1,0,116,2024-06-03
342,P023,1,0,189,2024-04-21
427,P024,1,1,577,2024-12-31
296,P058,1,1,140,2024-09-21
127,P047,1,0,360,2024-06-15
268,P014,1,0,490,2024-10-22
425,P069,1,0,451,2024-11-24
180,P084,1,0,325,2024-06-08
489,P096,1,0,231,2025-03-24
258,P020,1,1,148,2024-06-06
113,P024,1,0,62,2024-10-08
138,P001,1,0,309,2025-02-19
122,P059,1,0,395,2024-12-14
181,P092,1,0,119,2024-10-12
363,P060,1,0,58,2025-02-25
332,P030,1,0,184,2025-01-17
118,P008,1,1,254,2024-06-13
599,P016,1,1,596,2024-12-16
300,P093,1,1,209,2024-07-02
131,P048,1,1,11,2025-03-08
473,P045,1,0,416,2025-02-01
567,P081,1,0,353,2025-06-16
230,P035,1,1,369,2024-05-09
212,P051,1,0,280,2024-03-14
153,P096,1,0,44,2024-06-23
117,P069,1,1,394,2025-05-18
307,P096,1,0,314,2024-02-29
586,P053,1,0,260,2024-07-09
150,P047,1,0,487,2024-11-18
164,P078,1,0,494,2024-07-02
556,P074,1,0,38,2024-12-11
368,P056,1,0,249,2024-03-23
587,P035,1,1,226,2024-10-03
561,P023,1,0,43,2025-05-22
524,P006,1,0,232,2024-03-21
505,P088,1,0,476,2025-04-13
187,P022,1,0,584,2025-04-22
230,P080,1,1,350,2025-06-02
391,P025,1,1,419,2025-05-13
578,P038,1,0,563,2025-02-11
117,P011,1,0,411,2025-04-27
442,P068,1,0,228,2025-05-29
491,P067,1,0,130,2024-04-16
133,P027,1,0,368,2024-06-25
452,P075,1,0,222,2025-06-26
214,P047,1,0,161,2024-08-03
339,P064,1,0,55,2024-10-03
247,P068,1,0,417,2024-09-04
423,P024,1,0,295,2025-02-12
382,P033,1,0,45,2024-10-12
533,P015,1,1,183,2025-03-04
154,P051,1,1,385,2024-11-28
424,P040,1,0,488,2024-09-10
201,P085,1,1,594,2025-04-25
129,P017,1,0,314,2025-01-25
140,P095,1,0,45,2024-11-15
343,P086,1,0,84,2024-02-21
177,P079,1,0,385,2024-09-26
251,P011,1,1,55,2024-09-28
202,P063,1,0,43,2024-06-19
417,P085,1,0,479,2024-02-03
270,P002,1,0,339,2025-02-27
499,P022,1,0,471,2024-07-10
486,P036,1,0,284,2024-11-29
514,P051,1,0,311,2024-12-31
547,P012,1,0,42,2025-02-18
264,P097,1,0,250,2024-06-29
542,P024,1,1,423,2025-05-11
410,P010,1,0,88,2025-05-18
361,P044,1,0,194,2024-12-21
409,P092,1,0,475,2024-07-01
508,P075,1,0,425,2024-10-25
584,P018,1,0,143,2024-05-25
574,P045,1,0,569,2024-09-20
137,P071,1,0,348,2025-05-04
595,P050,1,0,511,2025-02-18
292,P087,1,0,175,2024-06-12
443,P034,1,0,543,2025-06-16
542,P031,1,0,453,2024-01-15
356,P075,1,1,231,2024-08-28
440,P037,1,0,536,2024-07-24
476,P025,1,0,533,2024-08-11
301,P082,1,0,370,2024-07-05
537,P050,1,0,544,2025-02-19
296,P083,1,1,34,2024-01-23
347,P076,1,0,437,2024-12-09
223,P007,1,0,60,2024-07-09
516,P019,1,0,383,2024-01-14
416,P026,1,1,428,2024-01-17
244,P061,1,0,169,2024-02-06
221,P029,1,0,99,2024-09-28
173,P088,1,0,231,2025-04-28
248,P058,1,0,520,2024-08-21
397,P023,1,1,157,2025-02-21
471,P091,1,1,295,2024-12-01
234,P021,1,0,436,2024-05-08
413,P032,1,1,262,2025-02-08
475,P074,1,1,229,2024-05-24
486,P040,1,0,492,2024-06-27
509,P066,1,0,363,2025-05-29
154,P081,1,1,436,2024-03-18
441,P065,1,0,528,2024-02-01
408,P069,1,1,73,2024-09-26
110,P080,1,0,246,2025-02-07
471,P023,1,0,160,2024-10-02
499,P039,1,0,140,2024-07-09
348,P047,1,1,275,2024-05-19
300,P063,1,0,147,2025-05-10
192,P024,1,0,114,2024-11-18
279,P031,1,0,337,2024-02-21
498,P013,1,0,202,2024-07-09
391,P057,1,0,380,2024-04-08
144,P091,1,1,414,2024-12-12
518,P090,1,0,442,2024-01-05
380,P052,1,0,313,2024-11-28
550,P014,1,0,214,2025-03-11
319,P093,1,0,359,2025-04-20
266,P020,1,1,598,2025-02-19
303,P096,1,0,500,2024-03-08
600,P088,1,0,534,2024-03-28
209,P018,1,1,13,2025-04-09
180,P025,1,1,597,2024-05-01
399,P091,1,0,560,2024-09-26
599,P052,1,0,383,2024-02-25
497,P053,1,0,453,2025-06-04
275,P009,1,0,479,2025-03-06
433,P047,1,0,87,2025-01-23
523,P053,1,1,463,2025-02-19
132,P095,1,0,151,2024-07-21
294,P036,1,0,595,2024-12-21
452,P014,1,0,250,2025-04-06
442,P001,1,1,285,2024-07-20
555,P088,1,0,168,2024-10-30
411,P014,1,0,169,2025-03-16
202,P016,1,0,489,2025-04-25
492,P035,1,1,289,2024-05-31
193,P019,1,0,200,2024-11-04
168,P083,1,0,501,2024-07-15
599,P066,1,0,600,2024-01-29
570,P030,1,0,464,2024-07-27
154,P059,1,0,113,2024-02-02
439,P023,1,1,384,2024-08-30
474,P072,1,0,25,2025-06-02
477,P027,1,0,182,2025-04-30
152,P004,1,0,331,2024-07-31
477,P042,1,0,232,2024-11-21
433,P055,1,1,216,2024-10-28
216,P009,1,1,460,2024-03-20
410,P087,1,1,76,2025-01-24
218,P026,1,0,277,2025-04-01
422,P011,1,1,377,2024-09-23
544,P028,1,0,528,2024-06-19
266,P039,1,0,506,2025-02-24
379,P074,1,0,160,2024-02-03
304,P070,1,0,593,2024-09-17
275,P099,1,1,52,2024-06-26
576,P066,1,0,364,2025-04-16
161,P087,1,1,437,2024-04-12
488,P073,1,1,536,2024-03-28
319,P096,1,0,388,2024-10-27
406,P078,1,0,119,2024-11-05
265,P032,1,1,438,2024-12-12
152,P026,1,0,539,2025-03-20
157,P029,1,0,487,2024-10-24
535,P050,1,0,451,2024-04-12
320,P002,1,0,289,2024-09-03
216,P058,1,1,30,2025-05-10
486,P086,1,1,252,2025-01-26
341,P011,1,0,520,2024-09-22
348,P001,1,0,393,2024-09-02
512,P010,1,0,120,2025-04-09
505,P068,1,1,319,2024-01-01
440,P088,1,0,471,2024-05-23
405,P055,1,0,154,2024-02-23
240,P012,1,1,450,2024-06-22
414,P026,1,0,118,2025-01-21
556,P057,1,1,473,2024-11-17
481,P089,1,1,404,2024-09-21
352,P034,1,0,129,2024-05-27
427,P047,1,0,262,2024-05-03
332,P043,1,0,11,2024-09-23
301,P014,1,0,124,2024-10-29
462,P030,1,1,288,2024-02-20
217,P078,1,0,138,2025-01-22
345,P044,1,0,363,2025-03-26
315,P076,1,1,68,2024-10-28
146,P034,1,0,374,2024-03-04
416,P046,1,0,211,2025-02-22
447,P094,1,0,233,2025-06-05
270,P083,1,0,174,2025-06-03
487,P067,1,0,204,2024-04-28
582,P027,1,0,447,2025-05-12
363,P028,1,0,217,2025-01-02
375,P090,1,1,383,2024-04-20
547,P078,1,0,487,2025-02-23
227,P066,1,0,534,2025-02-05
461,P085,1,1,161,2024-05-25
272,P092,1,1,286,2024-08-20
350,P089,1,0,210,2025-03-07
308,P023,1,1,519,2024-04-09
140,P060,1,0,457,2025-01-14
541,P028,1,1,360,2024-12-06
278,P025,1,1,285,2025-01-13
514,P007,1,0,591,2025-06-17
416,P044,1,1,141,2024-09-26
376,P053,1,0,72,2025-04-17
461,P020,1,1,351,2024-11-29
456,P081,1,0,134,2025-04-02
398,P027,1,1,316,2024-08-12
144,P040,1,1,131,2024-09-26
182,P010,1,0,268,2024-11-13
470,P005,1,1,421,2025-04-18
532,P050,1,0,328,2024-05-26
382,P047,1,0,277,2024-02-03
259,P003,1,0,172,2025-05-11
426,P089,1,0,30,2024-07-24
289,P033,1,0,451,2025-01-24
579,P030,1,0,473,2025-03-28
393,P078,1,0,338,2024-03-19
442,P083,1,0,38,2025-02-08
461,P084,1,0,110,2024-10-16
112,P063,1,0,243,2024-10-14
587,P053,1,0,381,2024-02-12
240,P016,1,1,74,2025-05-26
126,P066,1,0,587,2024-06-04
172,P007,1,1,156,2024-11-21
146,P097,1,1,225,2024-01-30
103,P023,1,1,374,2024-02-15
133,P095,1,0,321,2025-03-27
232,P087,1,0,190,2024-02-26
463,P045,1,0,339,2024-05-09
224,P062,1,1,202,2024-01-29
230,P079,1,0,363,2025-05-06
460,P099,1,0,330,2025-01-20
576,P070,1,0,300,2024-05-19
523,P049,1,0,210,2024-08-03
522,P032,1,1,581,2024-11-10
553,P094,1,0,360,2024-03-08
393,P006,1,0,307,2024-07-23
506,P007,1,1,151,2024-10-28
146,P027,1,0,130,2025-03-08
507,P007,1,0,270,2024-09-26
512,P075,1,0,216,2025-01-09
428,P096,1,1,258,2024-10-24
575,P016,1,0,505,2024-07-18
205,P037,1,1,249,2024-02-13
591,P098,1,1,474,2024-04-23
381,P093,1,0,112,2025-06-28
182,P012,1,0,27,2025-03-20
441,P025,1,1,178,2024-08-13
135,P068,1,0,482,2025-06-17
159,P087,1,0,37,2024-03-03
179,P031,1,1,580,2024-09-03
555,P052,1,1,501,2024-01-07
495,P087,1,0,374,2025-04-05
412,P041,1,0,376,2025-03-09
259,P035,1,1,75,2024-03-12
411,P084,1,1,203,2024-12-23
250,P100,1,0,199,2025-06-19
301,P032,1,1,589,2025-02-05
184,P040,1,0,170,2024-08-25
358,P090,1,0,157,2024-02-28
216,P010,1,0,363,2024-03-18
234,P042,1,0,55,2024-01-25
436,P025,1,1,383,2025-05-05
171,P067,1,0,257,2024-12-14
221,P074,1,1,101,2024-01-26
297,P092,1,0,241,2024-08-13
210,P067,1,0,465,2025-01-28
597,P041,1,0,312,2024-02-23
540,P023,1,1,317,2025-02-02
301,P067,1,1,598,2024-06-24
221,P072,1,0,570,2024-12-19
471,P043,1,1,196,2024-01-28
138,P001,1,1,124,2025-01-07
448,P040,1,0,325,2024-11-13
352,P077,1,0,14,2025-04-02
239,P008,1,0,117,2025-04-22
108,P025,1,1,147,2024-06-23
153,P093,1,1,472,2025-04-12
269,P079,1,1,65,2024-05-17
277,P100,1,0,552,2024-09-03
394,P010,1,0,223,2024-06-29
104,P089,1,0,118,2024-02-23
218,P082,1,0,144,2025-06-04
491,P009,1,0,163,2025-04-09
189,P077,1,0,468,2024-11-30
283,P015,1,0,451,2024-08-07
338,P008,1,1,67,2025-05-20
491,P078,1,0,226,2024-07-31
460,P003,1,0,172,2024-12-23
153,P060,1,0,449,2025-03-23
528,P069,1,1,188,2024-04-30
564,P022,1,0,302,2025-03-03
183,P013,1,0,229,2024-11-06
287,P074,1,1,365,2024-06-30
428,P080,1,0,417,2024-12-24
304,P021,1,0,185,2024-11-29
533,P077,1,0,590,2024-11-07
548,P039,1,0,315,2025-05-25
287,P027,1,0,447,2024-07-19
487,P058,1,1,189,2024-12-23
593,P054,1,0,530,2024-12-28
379,P055,1,0,519,2025-03-23
314,P075,1,0,341,2025-05-23
349,P093,1,0,339,2024-04-30
388,P053,1,0,63,2025-02-09
338,P077,1,1,433,2024-10-13
543,P044,1,0,111,2025-01-18
400,P083,1,0,330,2024-05-20
548,P043,1,0,525,2025-04-12
102,P040,1,0,444,2024-09-25
294,P079,1,0,375,2024-02-17
535,P094,1,1,58,2024-11-02
453,P051,1,0,16,2025-02-03
213,P065,1,1,197,2025-05-31
291,P005,1,1,312,2024-04-14
314,P019,1,0,348,2024-01-01
540,P081,1,1,176,2024-01-29
428,P079,1,0,194,2024-12-08
190,P015,1,0,239,2024-01-13
190,P075,1,1,298,2024-09-28
459,P049,1,0,514,2025-01-22
225,P042,1,1,108,2024-10-27
362,P060,1,0,492,2024-04-03
262,P086,1,0,144,2024-12-02
242,P048,1,1,256,2024-11-16
215,P081,1,0,349,2025-05-27
543,P085,1,0,594,2024-03-09
322,P076,1,0,238,2024-12-22
573,P098,1,1,357,2024-05-26
169,P071,1,1,494,2024-11-25
141,P017,1,0,595,2024-02-15
134,P071,1,0,518,2024-11-05
487,P074,1,0,265,2024-03-05
163,P011,1,0,443,2024-09-01
208,P055,1,0,588,2024-04-08
576,P007,1,0,12,2024-10-15
445,P097,1,0,408,2024-04-14
417,P084,1,0,285,2024-03-04
115,P091,1,0,512,2025-01-10
498,P067,1,0,278,2024-10-24
284,P077,1,1,289,2024-06-21
146,P003,1,1,316,2024-06-15
109,P087,1,1,311,2024-04-01
549,P066,1,0,568,2025-02-20
265,P035,1,1,46,2025-04-21
381,P057,1,0,342,2024-12-02
118,P091,1,0,328,2024-05-02
272,P016,1,1,59,2024-07-28
335,P048,1,0,487,2024-01-03
529,P057,1,1,398,2024-01-31
540,P088,1,0,104,2025-03-09
401,P036,1,0,226,2025-01-08
518,P013,1,0,564,2024-09-25
504,P072,1,0,398,2024-11-16
498,P047,1,1,383,2024-06-12
349,P060,1,1,73,2025-02-23
399,P080,1,0,149,2025-03-01
407,P085,1,0,393,2025-02-01
389,P087,1,1,267,2024-01-30
323,P003,1,1,192,2025-05-24
318,P016,1,0,21,2024-06-22
465,P029,1,0,88,2024-05-20
114,P080,1,0,384,2025-01-27
399,P015,1,0,490,2024-07-29
461,P034,1,1,277,2024-07-18
388,P045,1,1,443,2024-07-24
205,P062,1,0,590,2025-06-08
456,P093,1,0,97,2024-09-05
475,P070,1,1,494,2025-06-25
355,P001,1,0,584,2025-06-12
146,P081,1,1,99,2024-05-02
470,P030,1,0,494,2024-11-29
550,P086,1,0,223,2024-07-25
149,P035,1,0,180,2024-10-09
142,P081,1,0,22,2025-04-21
550,P098,1,0,158,2025-05-16
358,P063,1,1,436,2024-09-02
226,P096,1,1,506,2024-02-11
531,P066,1,1,80,2024-07-15
446,P023,1,0,61,2025-06-03
581,P019,1,0,65,2024-11-08
245,P067,1,0,254,2024-11-21
158,P078,1,0,537,2024-04-10
313,P033,1,1,371,2025-05-02
158,P098,1,0,307,2024-05-24
443,P044,1,1,27,2024-01-16
461,P081,1,0,533,2024-10-28
185,P018,1,0,109,2025-05-25
123,P091,1,0,562,2024-08-16
537,P081,1,0,254,2025-05-21
353,P087,1,0,224,2024-09-20
118,P029,1,0,359,2025-04-29
394,P022,1,0,103,2025-05-24
215,P029,1,0,365,2025-06-17
159,P030,1,0,522,2024-06-16
490,P021,1,0,93,2024-12-08
539,P020,1,1,508,2025-03-04
384,P048,1,0,423,2024-06-28
142,P012,1,0,472,2024-01-09
425,P007,1,0,178,2024-02-14
364,P018,1,0,145,2024-10-01
106,P059,1,1,396,2025-03-19
246,P093,1,1,355,2024-08-06
300,P020,1,1,140,2024-04-29
488,P090,1,0,350,2024-02-14
425,P013,1,0,255,2024-10-04
232,P078,1,0,564,2024-11-30
114,P076,1,0,586,2024-03-25
532,P068,1,0,530,2024-09-19
283,P035,1,1,294,2025-03-25
173,P046,1,0,487,2024-05-30
438,P098,1,0,305,2025-05-16
229,P040,1,0,120,2025-04-03
529,P047,1,0,246,2024-09-20
401,P001,1,0,403,2024-11-29
152,P037,1,0,274,2024-11-08
316,P089,1,0,506,2024-11-12
365,P009,1,0,335,2024-06-12
263,P018,1,1,533,2025-06-07
374,P086,1,0,315,2025-01-23
263,P003,1,1,244,2024-01-26
229,P031,1,0,497,2024-10-27
180,P010,1,0,110,2024-08-17
498,P056,1,1,521,2024-12-14
234,P068,1,0,229,2025-05-14
349,P062,1,0,461,2024-05-04
286,P033,1,0,177,2024-09-20
160,P022,1,0,11,2024-07-27
537,P068,1,1,225,2024-10-08
488,P013,1,0,304,2025-05-01
171,P024,1,0,476,2024-05-29
123,P057,1,0,80,2025-05-09
277,P028,1,0,60,2024-02-23
539,P055,1,0,175,2024-08-28
406,P078,1,1,578,2025-05-16
581,P059,1,0,241,2025-01-16
182,P013,1,0,553,2024-12-15
570,P068,1,0,481,2025-01-09
283,P088,1,1,193,2025-03-01
584,P029,1,0,99,2025-06-24
410,P036,1,0,112,2024-03-03
386,P067,1,0,529,2025-06-12
599,P091,1,1,105,2025-06-24
163,P013,1,1,286,2024-07-04
388,P016,1,0,583,2024-08-28
247,P018,1,1,12,2025-02-25
231,P025,1,0,336,2024-12-13
197,P040,1,0,202,2024-10-17
389,P087,1,0,111,2025-03-31
166,P081,1,0,286,2024-02-21
525,P073,1,1,230,2024-07-08
250,P019,1,0,210,2024-02-02
544,P004,1,1,92,2025-04-15
216,P015,1,0,207,2024-08-14
169,P038,1,1,242,2024-01-04
437,P067,1,1,519,2024-06-23
257,P033,1,0,524,2024-09-01
530,P074,1,1,39,2025-05-12
161,P018,1,0,181,2025-01-09
354,P080,1,1,452,2024-03-20
126,P019,1,0,124,2025-05-30
529,P085,1,0,492,2024-06-15
244,P038,1,1,378,2024-06-29
120,P057,1,0,594,2024-03-19
283,P019,1,1,225,2024-03-28
147,P100,1,1,484,2025-05-19
360,P074,1,0,119,2025-03-12
308,P046,1,0,119,2024-02-19
127,P048,1,0,313,2024-01-22
485,P019,1,0,458,2025-02-03
131,P015,1,1,139,2024-08-15
150,P050,1,0,357,2025-04-27
289,P012,1,0,44,2024-01-20
211,P050,1,0,560,2024-12-23
342,P040,1,0,496,2024-08-30
381,P035,1,0,103,2024-10-02
511,P047,1,1,86,2025-02-01
217,P007,1,0,119,2024-06-27
404,P010,1,1,172,2024-07-15
309,P025,1,0,147,2024-12-04
523,P015,1,0,152,2025-06-17
579,P005,1,1,220,2024-03-29
127,P020,1,0,166,2024-08-26
326,P004,1,0,47,2025-01-27
501,P059,1,1,311,2024-06-27
447,P045,1,0,166,2024-06-12
267,P037,1,0,354,2024-10-12
354,P049,1,0,88,2025-03-18
409,P012,1,0,389,2024-12-28
561,P077,1,0,221,2025-01-29
274,P029,1,0,298,2024-06-11
527,P027,1,0,173,2024-09-18
324,P055,1,0,403,2024-05-08
186,P053,1,1,503,2025-02-03
138,P064,1,0,460,2024-01-13
243,P046,1,0,180,2024-05-26
251,P093,1,0,54,2025-01-03
406,P055,1,0,160,2025-01-10
248,P078,1,0,555,2024-02-23
293,P035,1,0,503,2024-03-26
417,P084,1,0,50,2024-07-12
249,P097,1,1,507,2024-08-15
136,P014,1,0,57,2024-05-05
279,P049,1,0,250,2025-01-14
195,P012,1,0,335,2024-10-13
516,P024,1,0,14,2024-04-05
278,P003,1,1,277,2024-08-06
531,P082,1,0,72,2025-06-21
313,P071,1,0,553,2025-06-08
224,P044,1,1,388,2024-12-26
358,P083,1,0,447,2024-09-24
265,P034,1,1,585,2025-04-04
292,P098,1,1,469,2025-05-09
234,P018,1,0,309,2024-06-14
424,P075,1,1,69,2024-11-06
210,P050,1,1,181,2025-05-03
268,P052,1,1,271,2025-05-21
554,P087,1,1,345,2024-03-04
514,P089,1,0,545,2025-03-17
565,P062,1,0,335,2024-08-26
130,P098,1,1,119,2024-12-07
372,P001,1,1,423,2025-03-25
368,P087,1,1,277,2025-01-17
156,P014,1,1,237,2024-06-11
512,P037,1,0,503,2024-03-13
431,P092,1,1,586,2024-06-07
338,P044,1,0,231,2025-03-25
561,P014,1,0,18,2024-05-30
473,P080,1,0,404,2024-07-14
263,P010,1,1,507,2024-12-25
332,P008,1,0,218,2024-07-04
122,P073,1,1,261,2025-01-20
140,P029,1,1,30,2024-03-07
248,P040,1,0,290,2024-04-20
419,P062,1,0,587,2024-10-22
137,P085,1,0,226,2025-03-13
353,P042,1,1,24,2025-01-31
391,P100,1,1,237,2024-06-06
464,P094,1,1,546,2024-09-29
121,P010,1,0,477,2024-03-20
527,P025,1,0,264,2025-05-11
115,P080,1,0,113,2025-06-25
236,P053,1,0,68,2025-04-21
344,P090,1,0,497,2024-08-09
598,P082,1,0,436,2024-05-26
330,P045,1,1,183,2025-05-17
259,P053,1,0,96,2024-02-14
109,P052,1,1,463,2025-04-26
250,P007,1,0,483,2024-02-26
133,P066,1,0,145,2025-01-14
423,P087,1,1,417,2025-01-25
481,P010,1,1,18,2025-01-21
149,P001,1,1,356,2024-09-06
516,P059,1,0,16,2025-05-26
132,P003,1,0,16,2024-06-02
485,P018,1,0,129,2024-06-22
460,P051,1,1,233,2024-02-12
264,P013,1,1,46,2024-05-04
573,P010,1,1,79,2025-01-22
390,P026,1,0,124,2024-01-06
501,P049,1,0,456,2025-06-14
562,P062,1,0,50,2024-04-22
245,P079,1,0,91,2024-03-24
506,P100,1,0,244,2024-07-02
387,P020,1,1,165,2025-01-06
158,P073,1,0,273,2024-05-18
567,P076,1,0,529,2025-01-30
163,P056,1,0,159,2024-04-21
133,P063,1,0,169,2024-11-30
230,P039,1,1,409,2024-11-19
268,P005,1,0,292,2024-06-09
562,P092,1,0,540,2024-05-25
569,P042,1,0,547,2024-02-21
270,P090,1,0,363,2024-12-02
102,P022,1,0,155,2024-09-14
434,P099,1,0,438,2024-08-08
226,P048,1,0,242,2024-04-28
438,P060,1,1,338,2024-10-21
358,P057,1,0,137,2024-07-17
179,P001,1,0,27,2025-02-14
147,P089,1,0,143,2024-01-15
221,P014,1,1,435,2025-04-05
318,P094,1,0,296,2024-11-10
366,P022,1,0,532,2025-05-15
384,P002,1,0,209,2024-03-04
123,P039,1,1,452,2024-08-23
117,P090,1,1,405,2025-03-03
301,P058,1,0,188,2025-01-22
117,P081,1,0,454,2024-11-15
533,P079,1,1,81,2024-02-12
232,P092,1,0,135,2025-02-28
253,P077,1,0,273,2024-11-24
427,P065,1,0,321,2025-02-20
277,P060,1,0,130,2024-09-08
453,P082,1,0,123,2024-12-18
202,P033,1,0,486,2025-05-29
483,P075,1,0,188,2025-06-17
566,P060,1,0,159,2024-06-26
513,P060,1,0,446,2024-11-24
232,P097,1,1,557,2024-10-23
166,P064,1,0,306,2025-03-14
453,P040,1,0,291,2024-03-01
197,P094,1,0,38,2024-06-08
430,P013,1,0,249,2025-01-28
313,P042,1,1,310,2025-01-02
561,P026,1,1,576,2024-06-25
211,P018,1,0,322,2024-12-06
471,P032,1,0,367,2025-01-31
314,P066,1,0,145,2025-06-20
407,P094,1,0,383,2025-05-10
444,P048,1,0,162,2024-01-06
599,P029,1,1,570,2024-01-01
158,P026,1,0,487,2025-02-10
138,P079,1,0,384,2025-04-12
347,P002,1,0,328,2024-04-01
159,P011,1,0,551,2024-04-20
426,P049,1,0,226,2024-03-11
282,P032,1,1,289,2024-06-13
381,P010,1,0,376,2025-04-18
549,P093,1,0,355,2024-02-09
396,P100,1,0,395,2024-07-25
560,P077,1,0,383,2024-01-24
289,P057,1,1,150,2024-05-03
547,P048,1,0,49,2024-04-04
132,P004,1,1,281,2024-10-28
214,P002,1,0,152,2025-04-15
350,P029,1,0,24,2025-01-19
272,P051,1,1,306,2024-05-29
329,P083,1,0,203,2024-01-09
528,P082,1,1,187,2025-01-26
543,P026,1,0,413,2025-03-31
314,P095,1,0,112,2024-03-30
259,P032,1,0,72,2025-04-14
274,P030,1,1,525,2025-05-02
141,P036,1,0,282,2024-07-09
322,P093,1,0,147,2024-08-14
116,P049,1,1,273,2025-01-25
555,P015,1,0,213,2025-06-02
476,P026,1,1,528,2024-03-05
312,P064,1,0,147,2024-11-16
566,P040,1,0,374,2025-06-29
246,P085,1,0,275,2024-09-09
386,P075,1,0,510,2024-12-10
169,P066,1,1,505,2024-06-14
434,P040,1,0,479,2024-07-01
196,P037,1,0,363,2024-10-29
114,P094,1,1,296,2024-06-04
163,P003,1,0,125,2024-11-03
426,P076,1,1,419,2024-05-01
157,P098,1,0,466,2025-06-23
265,P036,1,0,223,2024-02-02
470,P045,1,0,569,2025-01-24
297,P017,1,1,451,2024-06-29
535,P028,1,0,590,2024-12-12
511,P031,1,1,18,2024-02-03
482,P086,1,1,140,2024-12-20
478,P045,1,0,352,2024-07-06
544,P082,1,0,419,2024-07-30
333,P063,1,1,233,2024-04-18
190,P046,1,0,328,2025-01-05
372,P093,1,0,42,2024-05-05
214,P013,1,1,129,2024-03-05
328,P045,1,0,512,2024-08-31
442,P027,1,0,580,2024-07-19
311,P019,1,0,586,2024-06-29
164,P044,1,0,357,2025-03-15
397,P040,1,0,235,2025-05-22
554,P071,1,0,81,2025-04-13
578,P009,1,0,341,2024-08-08
279,P090,1,1,535,2024-03-26
568,P008,1,0,295,2024-06-27
270,P056,1,0,505,2024-08-06
413,P055,1,0,213,2024-07-25
539,P016,1,0,94,2024-06-06
101,P083,1,1,154,2025-03-06
439,P069,1,1,497,2024-10-27
179,P086,1,1,493,2025-05-07
270,P014,1,0,237,2025-02-10
437,P057,1,0,58,2025-03-26
541,P096,1,0,46,2025-01-28
293,P079,1,1,116,2024-05-11
476,P070,1,0,415,2025-06-14
269,P073,1,0,308,2024-03-21
316,P037,1,1,252,2024-07-29
151,P099,1,0,99,2024-11-23
296,P097,1,1,564,2024-11-21
260,P004,1,0,406,2024-05-08
151,P067,1,0,412,2024-01-11
467,P032,1,0,265,2024-06-22
219,P088,1,0,135,2024-11-29
544,P022,1,0,101,2025-03-13
520,P046,1,0,105,2024-07-23
456,P008,1,0,256,2025-06-11
589,P057,1,0,307,2025-06-07
249,P088,1,0,287,2024-11-11
573,P026,1,0,14,2025-04-20
431,P038,1,0,471,2025-05-15
341,P038,1,0,310,2025-03-06
521,P096,1,0,112,2025-05-28
208,P013,1,0,260,2024-07-24
488,P023,1,0,237,2024-09-05
462,P056,1,0,50,2024-12-06
334,P095,1,0,484,2025-06-01
517,P049,1,0,67,2025-04-09
130,P024,1,0,33,2025-04-12
469,P049,1,0,446,2024-02-15
580,P050,1,1,375,2024-01-20
364,P047,1,1,161,2025-03-12
142,P007,1,0,535,2025-02-23
291,P045,1,1,224,2024-05-19
298,P098,1,0,518,2024-10-04
544,P014,1,1,275,2024-03-06
193,P087,1,0,24,2024-09-23
201,P073,1,0,542,2024-10-17
364,P027,1,0,407,2024-02-21
104,P001,1,0,575,2024-06-08
104,P066,1,0,118,2025-01-31
424,P028,1,1,574,2024-05-04
404,P028,1,1,158,2025-05-03
142,P073,1,0,528,2024-08-13
387,P014,1,1,557,2025-05-04
549,P078,1,0,108,2025-02-27
271,P001,1,0,547,2024-03-16
339,P095,1,0,477,2025-03-07
482,P002,1,0,533,2024-02-02
595,P067,1,0,460,2024-11-23
484,P017,1,0,431,2024-05-14
257,P077,1,0,351,2024-05-11
452,P067,1,1,240,2024-06-21
362,P014,1,0,456,2024-12-11
507,P096,1,0,509,2025-05-15
203,P010,1,0,95,2025-04-16
562,P038,1,1,261,2024-04-28
223,P042,1,0,510,2025-03-12
510,P024,1,0,360,2024-09-09
588,P063,1,0,388,2024-03-05
148,P067,1,0,338,2025-03-23
486,P055,1,1,355,2024-04-22
297,P028,1,1,122,2025-04-11
187,P061,1,0,347,2024-09-14
374,P089,1,0,433,2024-06-25
374,P012,1,1,209,2024-10-21
163,P030,1,0,34,2024-07-11
204,P037,1,0,22,2025-04-29
260,P076,1,0,527,2025-03-27
267,P058,1,0,312,2025-03-14
459,P041,1,0,269,2024-05-25
159,P066,1,0,232,2024-06-30
155,P098,1,0,347,2024-11-29
362,P070,1,0,492,2024-10-13
521,P006,1,0,69,2024-08-11
494,P009,1,0,77,2024-07-31
259,P098,1,1,398,2025-01-17
128,P070,1,1,435,2024-11-26
455,P054,1,1,586,2025-03-15
454,P096,1,0,568,2025-05-17
505,P035,1,0,500,2025-05-18
141,P030,1,0,98,2024-06-18
274,P096,1,0,541,2024-09-11
235,P012,1,0,444,2025-01-12
498,P059,1,0,466,2025-03-07
530,P049,1,0,441,2024-06-09
587,P092,1,0,441,2025-05-25
424,P007,1,0,248,2024-08-07
293,P057,1,1,508,2025-04-10
232,P040,1,0,44,2024-09-14
204,P075,1,0,134,2024-04-24
367,P024,1,1,66,2024-01-13
212,P086,1,0,46,2024-09-08
272,P095,1,1,197,2025-05-03
477,P088,1,0,507,2024-07-21
452,P094,1,0,64,2024-08-04
141,P086,1,0,457,2025-02-10
303,P037,1,0,378,2024-04-08
532,P065,1,0,496,2025-06-04
505,P066,1,0,488,2025-06-22
382,P066,1,0,368,2025-05-27
421,P091,1,1,513,2024-12-30
339,P090,1,1,498,2024-03-28
151,P038,1,1,98,2025-04-14
570,P078,1,0,436,2024-03-09
432,P079,1,0,394,2024-06-30
510,P029,1,1,594,2024-12-28
150,P003,1,1,219,2024-05-16
491,P064,1,1,539,2025-02-11
301,P067,1,0,565,2025-06-21
255,P019,1,0,31,2024-08-22
196,P050,1,0,71,2024-08-21
126,P041,1,0,277,2024-04-06
150,P035,1,0,50,2025-03-29
309,P048,1,0,238,2024-08-09
273,P023,1,1,299,2025-01-17
344,P056,1,0,264,2025-03-03
542,P089,1,0,41,2024-10-03
503,P081,1,1,590,2024-06-17
487,P092,1,1,499,2024-02-25
255,P099,1,0,220,2025-06-18
590,P055,1,1,464,2025-02-11
136,P019,1,1,591,2025-04-04
311,P063,1,0,165,2024-04-26
587,P082,1,0,353,2024-11-03
424,P042,1,0,79,2024-10-14
470,P030,1,0,362,2024-07-21
579,P086,1,1,205,2024-11-07
386,P083,1,1,381,2024-09-07
577,P009,1,0,61,2024-02-02
367,P099,1,0,600,2024-02-13
260,P007,1,0,189,2024-10-13
154,P087,1,0,42,2024-08-08
308,P092,1,0,197,2024-09-06
509,P063,1,1,264,2024-08-10
140,P027,1,0,162,2024-11-14
133,P038,1,1,460,2024-05-06
511,P066,1,1,503,2025-02-06
184,P010,1,0,490,2024-10-28
473,P019,1,1,191,2024-04-10
118,P014,1,0,149,2025-05-22
557,P035,1,1,146,2024-03-23
463,P044,1,0,501,2024-12-11
111,P094,1,0,591,2025-03-07
221,P011,1,0,157,2024-10-07
452,P008,1,1,291,2025-02-02
519,P011,1,1,439,2024-11-22
148,P079,1,0,411,2024-06-24
347,P012,1,0,369,2025-05-10
127,P055,1,0,554,2025-03-19
499,P065,1,0,176,2024-08-07
327,P066,1,0,469,2025-04-18
150,P087,1,0,135,2024-07-01
134,P074,1,1,594,2024-07-18
538,P089,1,1,98,2025-05-19
295,P093,1,1,499,2024-01-02
441,P097,1,0,21,2024-01-02
166,P022,1,1,459,2025-03-10
497,P021,1,1,293,2024-11-09
273,P024,1,0,527,2024-10-24
586,P026,1,0,20,2024-08-12
411,P070,1,0,522,2024-02-10
316,P037,1,0,358,2024-11-10
478,P077,1,0,563,2025-02-28
378,P083,1,1,321,2025-06-07
350,P090,1,0,208,2024-07-01
104,P027,1,1,154,2024-06-19
294,P071,1,0,523,2025-04-27
114,P083,1,1,221,2025-04-26
288,P048,1,1,512,2025-06-28
289,P037,1,0,505,2025-01-30
555,P042,1,0,14,2024-05-26
234,P096,1,0,304,2024-07-29
110,P065,1,0,237,2024-05-12
177,P023,1,0,481,2025-01-14
110,P034,1,0,151,2024-06-16
316,P051,1,0,254,2025-01-17
475,P098,1,0,595,2024-10-14
530,P041,1,0,464,2024-08-25
151,P037,1,1,164,2025-03-10
317,P023,1,0,269,2025-05-18
325,P055,1,0,216,2024-06-04
513,P088,1,1,70,2025-05-07
593,P009,1,0,60,2024-05-27
231,P041,1,1,550,2025-03-14
240,P015,1,1,480,2024-09-02
407,P078,1,0,499,2024-09-07
437,P097,1,1,239,2024-07-26
226,P065,1,0,210,2025-06-23
329,P055,1,1,534,2024-08-03
383,P093,1,0,544,2025-06-26
177,P045,1,1,135,2025-04-03
208,P072,1,1,454,2024-04-14
567,P049,1,0,194,2024-05-25
228,P043,1,0,512,2024-08-29
346,P070,1,0,248,2025-01-03
169,P015,1,1,545,2024-01-26
293,P067,1,0,423,2024-02-01
442,P026,1,0,306,2024-06-29
405,P100,1,1,369,2024-02-28
378,P051,1,0,167,2024-06-06
310,P085,1,1,454,2024-07-08
374,P012,1,0,470,2025-02-17
326,P059,1,1,464,2025-02-27
593,P057,1,1,244,2025-05-08
139,P069,1,0,56,2025-01-02
434,P074,1,0,281,2025-03-16
357,P074,1,1,243,2024-08-10
117,P047,1,0,507,2024-10-14
122,P086,1,0,171,2024-09-19
172,P050,1,0,66,2024-08-29
224,P020,1,0,579,2025-04-28
356,P025,1,0,368,2024-04-21
371,P069,1,0,123,2025-02-22
487,P051,1,0,226,2024-05-24
398,P039,1,0,419,2024-08-31
584,P047,1,0,196,2024-09-27
340,P052,1,0,573,2024-12-22
344,P098,1,0,416,2025-06-19
266,P005,1,0,486,2024-05-23
384,P087,1,1,316,2024-08-20
361,P083,1,1,373,2025-06-21
497,P002,1,0,533,2025-03-15
323,P088,1,1,592,2024-06-13
502,P090,1,0,330,2024-01-17
577,P042,1,0,283,2024-01-30
259,P065,1,0,238,2024-12-19
470,P078,1,0,393,2024-10-06
216,P037,1,0,250,2025-01-25
531,P038,1,1,588,2025-02-05
152,P092,1,0,509,2025-05-26
470,P074,1,1,465,2025-04-12
173,P020,1,0,154,2025-03-15
258,P049,1,1,96,2024-11-27
579,P031,1,0,44,2024-01-11
176,P064,1,0,149,2025-04-16
497,P047,1,1,71,2025-05-02
532,P054,1,1,491,2025-03-23
456,P073,1,0,560,2024-02-09
560,P041,1,0,268,2025-01-01
224,P071,1,0,20,2024-04-29
577,P056,1,1,82,2024-06-07
490,P005,1,0,360,2024-01-07
128,P004,1,0,92,2024-12-22
288,P068,1,0,592,2024-08-12
544,P075,1,1,170,2024-05-27
544,P034,1,0,336,2024-12-30
584,P056,1,0,197,2024-08-05
193,P017,1,0,320,2024-11-12
244,P099,1,0,204,2025-01-17
436,P011,1,0,421,2024-07-22
207,P007,1,0,574,2024-03-22
263,P056,1,1,344,2024-02-12
347,P002,1,0,455,2025-01-13
463,P009,1,0,451,2024-08-01
311,P015,1,1,75,2024-05-23
366,P063,1,0,52,2025-05-29
432,P015,1,0,474,2024-07-14
113,P088,1,0,244,2025-06-27
175,P009,1,0,331,2024-05-15
380,P057,1,1,588,2025-02-10
170,P065,1,1,250,2024-01-08
500,P083,1,0,575,2024-10-20
129,P047,1,0,86,2025-05-29
284,P007,1,0,402,2024-02-23
387,P025,1,1,119,2024-04-08
177,P084,1,0,64,2024-09-25
460,P094,1,1,372,2025-06-24
391,P054,1,0,279,2024-03-10
381,P035,1,0,25,2024-09-04
379,P055,1,0,325,2025-04-15
136,P080,1,0,521,2024-02-22
452,P048,1,0,532,2025-04-13
257,P068,1,0,47,2024-12-10
305,P049,1,0,240,2024-01-29
540,P094,1,0,390,2025-02-05
104,P075,1,1,326,2024-10-05
421,P051,1,0,379,2024-01-11
540,P013,1,0,236,2024-12-08
127,P054,1,0,393,2025-01-20
322,P008,1,0,39,2024-12-23
417,P003,1,1,379,2025-01-16
457,P059,1,0,347,2025-05-11
376,P074,1,0,497,2024-09-11
399,P013,1,1,325,2025-05-14
237,P029,1,0,165,2024-02-12
461,P025,1,0,166,2024-03-25
456,P099,1,1,406,2024-01-19
404,P016,1,0,151,2025-04-11
317,P035,1,0,82,2024-11-11
196,P033,1,1,243,2024-06-21
142,P013,1,0,60,2024-05-13
324,P083,1,0,146,2024-08-28
349,P058,1,0,575,2024-04-21
501,P029,1,0,17,2024-09-06
151,P034,1,0,176,2024-09-12
352,P069,1,0,222,2024-11-12
298,P028,1,0,195,2025-06-11
327,P034,1,1,167,2025-01-08
314,P041,1,0,575,2025-02-06
312,P098,1,1,44,2024-12-07
572,P071,1,0,42,2024-02-20
467,P047,1,1,599,2024-12-24
572,P090,1,0,567,2024-04-28
268,P061,1,0,64,2024-04-04
537,P041,1,0,236,2024-12-07
333,P070,1,0,583,2024-02-20
593,P062,1,0,290,2024-04-19
510,P037,1,1,542,2024-04-27
278,P086,1,1,126,2024-10-29
239,P055,1,0,104,2024-12-15
230,P015,1,0,105,2024-02-06
102,P053,1,0,434,2024-05-24
567,P051,1,0,448,2025-01-05
249,P041,1,1,350,2024-08-28
498,P082,1,1,418,2024-08-13
355,P064,1,0,453,2025-01-04
410,P080,1,0,56,2024-06-21
440,P030,1,0,298,2024-05-15
220,P072,1,0,448,2024-07-04
195,P049,1,0,285,2025-06-06
534,P040,1,1,120,2025-06-23
432,P051,1,0,329,2025-01-29
554,P021,1,1,539,2024-08-27
307,P028,1,1,353,2024-03-02
438,P048,1,0,215,2024-03-29
438,P047,1,0,214,2024-03-20
447,P026,1,0,451,2024-04-26
518,P014,1,0,14,2024-06-16
349,P065,1,0,496,2024-07-11
253,P040,1,0,206,2025-04-01
188,P096,1,0,242,2024-04-22
348,P098,1,0,87,2025-02-21
386,P021,1,0,364,2025-06-18
380,P044,1,1,545,2024-10-06
439,P026,1,0,230,2024-11-17
457,P088,1,1,517,2024-11-07
108,P068,1,0,324,2025-04-02
241,P004,1,0,209,2025-05-03
178,P074,1,1,439,2024-04-16
482,P063,1,0,427,2024-12-15
325,P063,1,1,595,2024-02-26
298,P016,1,1,258,2024-10-23
235,P020,1,0,137,2024-03-29
360,P005,1,1,333,2024-09-23
271,P041,1,0,139,2024-10-23
154,P048,1,0,536,2025-03-18
222,P040,1,1,267,2024-01-07
135,P055,1,0,472,2024-02-19
557,P084,1,1,399,2024-09-14
411,P016,1,0,323,2024-11-29
209,P032,1,0,367,2024-07-02
111,P013,1,0,400,2024-04-07
242,P056,1,1,121,2025-01-23
451,P039,1,0,369,2025-04-30
217,P025,1,0,445,2025-06-14
239,P001,1,1,100,2024-07-25
237,P010,1,1,513,2025-06-02
136,P002,1,1,15,2025-05-13
157,P074,1,0,503,2024-04-14
437,P039,1,0,114,2024-11-15
399,P046,1,0,296,2025-01-02
268,P069,1,0,565,2025-05-13
540,P028,1,0,572,2024-02-07
590,P060,1,0,413,2025-03-12
472,P010,1,1,60,2024-09-20
224,P067,1,1,80,2025-01-26
524,P070,1,0,552,2024-05-23
540,P060,1,1,183,2024-07-19
434,P003,1,1,42,2025-04-11
576,P003,1,0,404,2024-10-09
229,P044,1,0,251,2024-01-23
440,P001,1,0,12,2024-09-24
284,P092,1,1,137,2024-02-18
362,P011,1,1,500,2024-08-24
209,P007,1,0,191,2025-05-19
427,P049,1,0,152,2025-04-12
194,P022,1,0,518,2024-08-15
527,P055,1,1,341,2024-03-01
235,P027,1,0,405,2024-02-15
270,P075,1,0,276,2025-04-20
220,P046,1,0,345,2024-05-24
185,P054,1,1,384,2024-09-23
402,P027,1,0,362,2024-08-02
593,P073,1,0,204,2024-11-08
532,P048,1,0,209,2024-12-21
515,P079,1,1,454,2024-10-30
175,P054,1,0,398,2024-03-04
467,P004,1,1,585,2025-04-14
181,P060,1,0,21,2024-11-17
146,P034,1,1,258,2024-04-27
570,P050,1,0,103,2024-03-11
412,P079,1,0,214,2025-03-20
288,P054,1,0,60,2024-06-09
458,P047,1,0,187,2025-03-14
121,P006,1,0,140,2024-07-06
186,P025,1,1,275,2024-07-27
285,P060,1,1,202,2024-11-22
573,P074,1,0,386,2024-06-20
180,P042,1,0,504,2024-10-12
545,P063,1,0,190,2024-10-04
419,P057,1,0,373,2025-02-11
288,P041,1,0,176,2025-06-11
534,P100,1,1,351,2025-03-22
204,P069,1,0,448,2025-05-17
309,P055,1,0,474,2024-02-29
208,P011,1,1,13,2024-03-21
186,P017,1,1,83,2024-09-08
215,P083,1,1,538,2025-05-19
283,P027,1,1,278,2024-07-01
138,P039,1,0,533,2024-08-07
523,P043,1,0,349,2025-04-09
248,P073,1,1,549,2024-08-24
417,P055,1,1,215,2024-05-10
286,P020,1,0,303,2024-08-08
119,P080,1,0,359,2024-09-11
578,P097,1,0,187,2024-03-06
281,P009,1,0,210,2024-10-20
505,P049,1,0,31,2025-03-18
588,P069,1,1,597,2024-06-04
598,P096,1,0,491,2024-04-14
593,P046,1,0,338,2025-03-01
557,P014,1,0,568,2024-02-17
441,P010,1,0,228,2024-01-21
184,P023,1,0,153,2024-08-02
399,P044,1,0,119,2024-07-02
150,P054,1,1,534,2024-08-17
170,P025,1,0,578,2024-12-29
567,P034,1,0,278,2024-05-09
579,P022,1,0,246,2024-05-16
312,P096,1,1,140,2024-04-26
252,P034,1,0,217,2025-05-01
155,P044,1,1,47,2024-09-30
265,P016,1,1,412,2025-05-15
379,P057,1,0,573,2025-05-27
515,P005,1,0,137,2024-12-27
490,P078,1,0,223,2024-07-01
317,P069,1,0,200,2024-07-19
565,P023,1,1,412,2024-07-13
273,P046,1,0,434,2024-02-11
207,P025,1,1,406,2024-07-11
145,P005,1,0,465,2024-03-25
391,P059,1,0,190,2024-07-24
461,P071,1,0,372,2024-10-27
275,P044,1,0,474,2025-04-25
324,P082,1,0,400,2024-01-07
551,P024,1,0,347,2025-03-15
246,P003,1,1,248,2024-01-15
419,P079,1,1,556,2025-03-19
361,P078,1,0,392,2024-01-13
347,P090,1,1,457,2025-05-22
581,P073,1,0,593,2024-08-10
442,P068,1,0,593,2024-05-06
555,P081,1,1,307,2025-04-16
240,P050,1,0,187,2024-08-28
594,P085,1,0,18,2024-02-06
173,P038,1,0,380,2024-12-10
158,P064,1,0,542,2025-02-09
564,P028,1,0,225,2024-12-07
205,P026,1,0,494,2024-02-05
167,P065,1,1,421,2025-02-22
593,P056,1,1,453,2025-06-29
289,P070,1,1,285,2024-08-05
136,P012,1,0,175,2024-03-09
131,P092,1,1,424,2024-12-29
542,P097,1,0,322,2024-09-16
532,P060,1,0,422,2025-01-07
451,P038,1,1,215,2024-03-21
110,P044,1,0,459,2025-05-22
134,P085,1,0,219,2024-02-26
439,P099,1,0,482,2024-12-04
394,P054,1,0,580,2024-12-04
381,P050,1,1,472,2024-07-12
270,P067,1,0,218,2024-09-18
562,P021,1,0,112,2024-09-25
391,P036,1,0,181,2024-04-13
187,P045,1,1,571,2025-03-19
124,P055,1,0,15,2025-06-08
156,P071,1,0,289,2024-02-18
435,P074,1,1,128,2024-11-20
164,P039,1,1,116,2024-10-25
102,P046,1,0,581,2024-12-23
108,P086,1,0,257,2024-09-29
346,P081,1,0,175,2025-02-15
566,P029,1,0,270,2024-03-14
556,P024,1,0,431,2024-11-06
332,P018,1,0,283,2024-08-12
459,P074,1,1,192,2024-10-19
275,P028,1,1,417,2024-01-14
534,P038,1,0,269,2024-01-27
375,P011,1,0,299,2024-10-10
171,P048,1,1,252,2025-02-13
371,P084,1,0,200,2025-04-08
507,P056,1,1,191,2024-01-20
392,P013,1,1,572,2024-04-14
185,P020,1,0,403,2025-02-03
163,P034,1,0,559,2024-02-10
410,P063,1,0,175,2024-01-09
412,P098,1,0,25,2025-03-21
446,P032,1,0,113,2024-11-21
419,P010,1,0,490,2024-12-15
433,P028,1,0,130,2025-03-26
129,P018,1,1,368,2024-07-27
223,P064,1,1,495,2024-01-02
373,P050,1,0,325,2024-08-29
340,P098,1,0,363,2025-04-16
193,P099,1,0,213,2025-04-23
145,P064,1,0,46,2024-04-27
266,P030,1,0,242,2024-01-26
104,P026,1,0,354,2025-01-26
395,P054,1,0,465,2024-09-14
570,P009,1,0,251,2024-03-12
573,P013,1,0,103,2025-02-28
358,P030,1,1,307,2024-11-04
181,P019,1,0,452,2024-07-21
145,P048,1,0,227,2024-01-19
404,P079,1,0,221,2024-11-14
455,P073,1,0,262,2024-03-18
283,P049,1,1,360,2024-07-19
540,P091,1,0,452,2025-05-23
146,P027,1,0,323,2025-03-04
552,P091,1,0,346,2024-03-26
483,P039,1,0,182,2024-07-07
364,P097,1,1,148,2024-08-05
172,P042,1,1,231,2024-11-12
362,P085,1,0,201,2025-04-02
491,P079,1,1,226,2024-09-18
406,P053,1,0,458,2025-04-12
262,P071,1,0,236,2024-12-20
191,P016,1,1,518,2024-01-01
450,P050,1,0,16,2025-03-19
248,P012,1,0,210,2024-03-19
266,P036,1,0,169,2024-11-11
234,P059,1,1,219,2024-01-09
553,P058,1,0,24,2024-04-19
305,P026,1,0,519,2024-01-22
591,P025,1,1,285,2024-04-27
230,P014,1,0,364,2024-05-08
295,P078,1,1,416,2024-07-24
521,P053,1,0,181,2025-04-20
578,P020,1,1,85,2024-07-10
567,P052,1,0,330,2024-10-18
204,P050,1,0,438,2025-06-05
432,P099,1,0,453,2025-05-05
438,P040,1,0,500,2024-07-09
298,P077,1,1,428,2024-07-18
103,P012,1,1,248,2024-07-30
213,P017,1,0,584,2024-05-18
516,P013,1,0,11,2024-06-24
429,P054,1,1,505,2024-05-03
409,P073,1,0,82,2024-10-30
539,P078,1,0,106,2024-12-26
162,P040,1,1,480,2024-12-29
317,P016,1,0,52,2024-08-01
379,P037,1,1,344,2024-06-02
304,P004,1,0,537,2024-07-07
531,P021,1,1,479,2024-11-16
464,P052,1,0,324,2024-03-27
486,P002,1,1,399,2025-01-26
136,P087,1,0,183,2024-07-13
181,P094,1,0,472,2025-06-24
407,P006,1,1,526,2024-12-09
508,P006,1,0,592,2024-01-16
198,P008,1,1,237,2024-10-19
477,P096,1,0,82,2024-03-21
195,P007,1,0,490,2024-08-05
113,P084,1,0,249,2025-06-24
421,P047,1,1,597,2024-12-04
460,P013,1,1,152,2024-06-06
588,P005,1,0,166,2024-05-30
201,P006,1,0,258,2025-01-15
477,P071,1,0,237,2024-08-17
396,P070,1,1,377,2024-03-10
155,P090,1,0,256,2025-05-24
491,P095,1,0,259,2025-04-13
409,P021,1,0,574,2025-04-24
300,P057,1,1,170,2024-09-08
301,P001,1,1,574,2024-10-27
194,P017,1,1,402,2025-02-21
269,P014,1,0,271,2024-09-23
508,P066,1,0,356,2025-04-15
239,P026,1,0,422,2024-06-07
520,P003,1,0,550,2024-03-07
259,P087,1,1,580,2024-11-01
515,P073,1,1,136,2025-06-01
460,P057,1,0,61,2024-06-26
532,P076,1,1,91,2024-03-05
207,P002,1,0,540,2024-10-05
222,P083,1,0,132,2024-10-23
560,P011,1,1,572,2024-04-28
487,P010,1,1,458,2025-02-24
228,P025,1,0,355,2024-01-02
333,P097,1,0,595,2024-12-13
128,P037,1,0,254,2024-06-23
326,P013,1,1,180,2024-01-07
173,P091,1,1,297,2024-09-27
491,P015,1,0,98,2025-01-21
404,P028,1,1,428,2024-07-02
240,P008,1,1,548,2024-12-04
543,P015,1,1,448,2024-08-26
168,P031,1,1,116,2024-07-19
351,P002,1,1,337,2025-05-09
465,P086,1,0,88,2024-02-08
225,P061,1,0,172,2024-06-28
313,P094,1,0,284,2024-05-05
468,P042,1,0,378,2025-06-30
208,P068,1,0,95,2025-03-17
220,P041,1,0,539,2024-03-16
510,P016,1,0,299,2024-10-11
466,P056,1,0,522,2024-10-08
513,P062,1,0,204,2024-06-23
451,P080,1,0,112,2024-03-01
555,P023,1,1,113,2024-12-12
367,P099,1,1,359,2024-05-03
530,P013,1,1,386,2025-06-22
142,P016,1,0,106,2024-10-19
297,P006,1,0,205,2025-01-14
228,P044,1,1,416,2025-06-05
184,P066,1,1,25,2024-04-09
502,P035,1,0,560,2024-04-26
535,P018,1,1,258,2024-12-10
320,P030,1,0,418,2025-05-22
519,P049,1,0,60,2024-05-26
332,P013,1,0,584,2024-07-03
338,P068,1,1,578,2024-10-08
546,P060,1,1,480,2024-04-01
380,P010,1,1,213,2025-06-28
218,P040,1,0,464,2024-02-16
279,P012,1,0,271,2025-04-30
220,P001,1,1,578,2024-02-01
195,P067,1,0,106,2024-08-08
159,P091,1,0,315,2025-06-07
189,P040,1,1,104,2024-11-04
478,P030,1,0,290,2024-10-29
259,P049,1,1,485,2025-06-29
421,P076,1,0,160,2024-12-01
389,P053,1,0,317,2024-01-17
490,P003,1,0,472,2025-03-05
370,P093,1,1,241,2024-09-09
242,P047,1,0,72,2024-09-21
154,P080,1,0,101,2024-03-29
202,P081,1,0,229,2024-01-27
327,P100,1,0,409,2024-03-13
345,P001,1,0,118,2025-02-01
451,P093,1,0,579,2024-10-01
538,P053,1,0,561,2024-05-18
508,P083,1,0,544,2025-05-15
165,P068,1,0,545,2024-03-13
363,P014,1,1,408,2025-02-06
410,P018,1,0,297,2024-09-17
560,P033,1,0,344,2025-01-13
326,P019,1,0,520,2025-04-17
188,P011,1,0,594,2025-02-23
537,P026,1,1,423,2024-06-05
114,P091,1,1,86,2025-02-21
104,P085,1,0,311,2024-04-22
345,P095,1,1,171,2024-07-17
135,P080,1,0,74,2025-03-25
129,P090,1,0,443,2025-06-23
572,P049,1,0,458,2024-05-17
152,P090,1,1,381,2024-08-08
532,P045,1,1,266,2024-02-22
514,P040,1,0,50,2025-01-09
456,P059,1,0,172,2025-03-02
263,P050,1,0,403,2024-10-11
152,P088,1,0,333,2025-02-08
300,P054,1,0,107,2024-12-09
335,P099,1,0,95,2024-05-01
172,P005,1,0,28,2024-04-17
368,P089,1,1,28,2024-12-11
421,P068,1,1,206,2025-01-11
392,P055,1,0,200,2025-02-23
194,P047,1,1,357,2024-05-20
277,P059,1,0,90,2024-12-23
115,P092,1,1,253,2024-07-11
278,P078,1,1,535,2024-09-21
375,P007,1,1,437,2024-03-08
359,P056,1,1,538,2024-07-14
485,P002,1,0,219,2024-10-13
589,P019,1,0,517,2025-01-17
212,P017,1,0,13,2024-03-07
465,P031,1,0,567,2024-08-10
105,P073,1,0,297,2024-01-08
125,P032,1,0,440,2024-12-18
384,P040,1,1,590,2024-01-17
155,P039,1,0,357,2025-03-19
271,P095,1,0,161,2024-12-26
331,P071,1,0,48,2024-02-17
413,P042,1,1,67,2024-05-26
450,P060,1,1,587,2024-01-08
239,P051,1,0,414,2024-03-10
499,P077,1,1,124,2025-06-12
492,P025,1,1,440,2024-09-30
372,P097,1,1,202,2025-01-24
169,P053,1,1,434,2024-03-22
312,P090,1,0,408,2025-03-31
444,P061,1,0,476,2025-04-13
263,P024,1,1,430,2024-11-02
578,P087,1,0,403,2024-04-11
284,P035,1,1,563,2025-04-18
574,P070,1,1,100,2024-09-28
150,P089,1,0,274,2024-12-01
527,P021,1,0,493,2024-02-06
286,P005,1,1,493,2024-12-11
578,P044,1,0,339,2025-03-16
184,P034,1,0,557,2024-03-23
379,P096,1,1,559,2025-06-29
438,P050,1,0,538,2025-01-11
543,P004,1,0,241,2024-04-25
572,P074,1,0,548,2025-04-17
132,P057,1,0,92,2024-11-01
549,P022,1,0,113,2024-09-03
242,P080,1,1,560,2024-11-13
209,P071,1,1,188,2024-03-17
580,P040,1,0,309,2025-02-03
191,P040,1,0,555,2025-03-23
452,P094,1,0,376,2025-03-26
575,P097,1,0,230,2025-02-24
440,P021,1,0,242,2024-08-26
125,P065,1,1,594,2024-01-12
224,P040,1,0,313,2024-11-13
304,P084,1,1,300,2024-09-11
594,P098,1,0,74,2024-02-13
544,P077,1,0,313,2025-01-31
388,P054,1,0,508,2025-04-16
511,P092,1,1,202,2024-02-28
501,P061,1,1,13,2024-03-18
456,P093,1,1,522,2024-10-12
304,P058,1,0,79,2025-04-21
110,P077,1,1,391,2024-04-30
148,P097,1,0,230,2024-12-25
307,P094,1,0,336,2025-05-09
455,P051,1,0,80,2024-02-28
472,P081,1,1,44,2024-05-25
370,P004,1,0,474,2024-12-17
292,P003,1,0,66,2024-09-19
253,P036,1,0,362,2025-03-12
536,P099,1,0,253,2024-02-12
584,P048,1,1,469,2024-06-09
355,P048,1,0,168,2024-07-10
112,P021,1,0,471,2024-11-22
377,P073,1,0,584,2024-08-05
389,P090,1,0,338,2024-07-17
336,P004,1,0,242,2025-05-04
463,P051,1,1,39,2025-04-12
195,P001,1,1,231,2024-06-05
557,P094,1,0,541,2024-07-16
526,P100,1,0,242,2025-04-21
557,P062,1,0,440,2025-05-18
344,P079,1,0,394,2025-02-01
544,P070,1,0,219,2024-07-09
242,P015,1,0,527,2024-10-16
180,P054,1,1,585,2025-06-04
598,P071,1,1,46,2025-05-13
326,P046,1,0,302,2025-03-23
507,P045,1,1,356,2025-03-25
382,P048,1,0,316,2025-01-10
145,P100,1,1,193,2024-10-10
171,P058,1,1,257,2024-09-28
298,P069,1,1,140,2025-01-06
147,P052,1,0,157,2024-07-06
442,P067,1,0,222,2024-11-30
156,P012,1,1,488,2025-05-07
372,P051,1,0,275,2024-03-10
241,P037,1,1,499,2025-05-11
326,P039,1,0,427,2024-07-20
400,P058,1,1,89,2024-01-19
199,P009,1,1,559,2025-03-25
537,P100,1,0,519,2025-05-13
548,P073,1,0,66,2025-02-23
442,P070,1,1,544,2025-01-26
325,P086,1,1,299,2024-06-27
588,P002,1,0,41,2024-11-28
341,P069,1,0,423,2024-06-28
174,P009,1,0,224,2024-09-25
496,P053,1,0,104,2025-06-28
470,P052,1,0,126,2024-12-20
220,P011,1,0,75,2024-10-27
557,P010,1,1,249,2025-06-17
165,P081,1,1,523,2025-05-10
420,P007,1,1,450,2025-06-05
319,P041,1,0,269,2025-03-23
530,P053,1,0,114,2025-05-21
108,P099,1,1,368,2024-08-30
415,P054,1,0,47,2024-04-19
560,P089,1,0,388,2024-06-17
195,P050,1,0,89,2024-05-16
235,P050,1,0,352,2024-06-06
453,P085,1,1,379,2025-05-12
388,P058,1,0,334,2024-04-27
295,P070,1,0,152,2024-01-06
582,P024,1,0,484,2024-05-07
143,P028,1,1,92,2025-05-27
126,P008,1,0,94,2024-10-11
408,P067,1,0,42,2025-06-30
231,P057,1,1,332,2024-12-06
285,P058,1,1,507,2024-09-09
249,P088,1,1,231,2024-06-02
387,P024,1,0,79,2024-07-11
166,P085,1,1,77,2024-09-03
313,P050,1,1,278,2025-06-13
228,P046,1,1,535,2024-01-11
369,P035,1,0,538,2025-05-24
206,P018,1,1,474,2024-11-19
362,P035,1,0,447,2024-05-25
343,P014,1,1,204,2025-04-22
128,P081,1,0,275,2024-11-02
301,P079,1,1,293,2024-12-22
389,P070,1,1,39,2024-03-03
295,P052,1,0,597,2024-10-31
340,P068,1,0,65,2025-03-02
176,P055,1,0,425,2024-12-05
358,P069,1,1,576,2025-05-26
191,P035,1,0,317,2025-02-02
565,P032,1,0,155,2025-06-26
451,P036,1,0,53,2024-06-25
335,P040,1,1,261,2024-02-15
402,P067,1,0,91,2024-05-26
171,P005,1,0,85,2024-12-15
436,P013,1,0,529,2024-12-28
141,P027,1,0,531,2024-10-12
117,P042,1,0,120,2025-02-01
443,P043,1,0,245,2025-05-15
105,P001,1,1,472,2025-05-25
344,P048,1,0,65,2024-02-17
206,P023,1,0,451,2024-01-28
344,P031,1,0,485,2025-06-05
483,P037,1,0,174,2025-03-12
340,P033,1,1,327,2025-03-08
240,P082,1,0,89,2024-03-04
519,P027,1,0,233,2024-08-25
379,P085,1,0,273,2024-09-05
329,P092,1,0,502,2024-08-29
129,P096,1,0,571,2024-12-17
376,P023,1,0,442,2024-10-11
491,P044,1,1,439,2024-06-01
171,P035,1,0,105,2024-05-19
449,P086,1,0,162,2024-12-30
588,P047,1,1,523,2025-06-16
201,P095,1,1,182,2024-07-29
111,P062,1,1,132,2024-09-30
157,P017,1,0,488,2024-01-22
440,P053,1,0,69,2025-04-13
356,P080,1,1,200,2024-11-03
230,P092,1,0,317,2025-04-25
267,P084,1,1,458,2024-03-12
153,P030,1,0,392,2025-03-01
510,P068,1,0,225,2024-04-29
445,P006,1,0,315,2024-06-10
299,P038,1,0,449,2024-08-24
393,P036,1,0,551,2024-10-20
291,P066,1,0,111,2024-01-13
510,P074,1,0,206,2024-12-20
385,P087,1,0,525,2025-05-02
170,P049,1,0,201,2025-04-29
280,P005,1,0,512,2024-03-13
411,P020,1,0,323,2024-07-07
157,P096,1,0,187,2024-08-28
382,P100,1,0,176,2025-06-12
589,P071,1,0,510,2024-09-12
323,P054,1,1,324,2025-05-20
122,P049,1,1,330,2024-01-03
473,P094,1,1,129,2025-02-18
440,P081,1,0,235,2024-09-02
277,P053,1,0,203,2024-12-07
504,P004,1,0,84,2024-03-20
542,P016,1,1,492,2024-01-06
452,P006,1,0,51,2024-05-23
192,P017,1,0,377,2024-08-29
168,P096,1,0,53,2024-08-28
395,P092,1,0,402,2024-02-20
371,P074,1,1,41,2024-10-25
318,P050,1,0,467,2024-04-29
528,P002,1,0,302,2025-04-26
543,P069,1,0,279,2025-04-21
523,P046,1,1,112,2024-05-04
564,P063,1,0,591,2024-02-15
505,P051,1,0,341,2024-02-29
477,P052,1,1,553,2025-05-29
287,P060,1,1,449,2024-02-09
194,P060,1,0,134,2025-03-10
111,P031,1,0,64,2024-06-06
453,P040,1,0,25,2025-02-07
522,P026,1,0,484,2024-03-03
578,P089,1,1,367,2024-06-07
533,P036,1,0,447,2024-09-20
499,P099,1,1,331,2025-03-17
560,P039,1,0,559,2025-03-01
294,P060,1,0,270,2025-02-25
415,P016,1,0,179,2025-06-01
257,P002,1,0,15,2024-01-14
529,P090,1,0,226,2025-03-30
235,P025,1,0,532,2024-10-04
351,P094,1,0,27,2025-05-01
224,P065,1,0,205,2024-07-03
176,P042,1,1,565,2024-08-16
215,P062,1,0,178,2024-05-24
546,P027,1,1,250,2024-10-02
269,P006,1,0,360,2024-10-09
161,P061,1,0,424,2025-01-12
337,P069,1,0,457,2024-03-21
122,P090,1,1,61,2024-02-06
110,P045,1,1,98,2024-05-05
372,P049,1,0,284,2025-05-26
412,P097,1,0,230,2024-07-30
591,P039,1,1,97,2024-10-19
129,P017,1,0,408,2024-08-18
145,P041,1,1,365,2024-12-25
447,P068,1,0,29,2025-05-30
347,P048,1,0,356,2025-04-16
269,P013,1,1,227,2024-04-22
361,P098,1,0,574,2024-05-19
581,P025,1,0,65,2024-10-14
241,P033,1,0,558,2024-11-23
109,P014,1,1,212,2024-03-30
226,P065,1,0,315,2024-04-21
382,P040,1,0,241,2024-06-13
587,P052,1,1,296,2024-11-26
333,P006,1,0,491,2025-04-04
228,P030,1,0,48,2024-03-09
125,P055,1,0,207,2025-02-15
123,P045,1,0,588,2025-05-13
143,P024,1,0,248,2024-03-21
422,P005,1,1,169,2025-02-01
185,P083,1,1,502,2025-04-24
261,P054,1,1,10,2025-03-20
456,P003,1,0,128,2025-06-01
323,P079,1,0,20,2025-01-03
297,P052,1,0,96,2024-07-10
382,P074,1,0,99,2024-01-18
347,P041,1,1,451,2024-11-07
213,P047,1,1,253,2024-01-23
400,P064,1,0,238,2024-07-21
454,P049,1,0,125,2024-09-25
397,P018,1,1,427,2024-04-06
365,P088,1,0,132,2025-05-01
264,P083,1,0,568,2025-03-18
212,P033,1,0,291,2025-01-26
580,P036,1,1,183,2024-06-25
115,P054,1,1,597,2024-06-05
274,P100,1,0,551,2024-09-03
128,P002,1,0,368,2024-03-01
440,P090,1,1,575,2025-04-16
289,P052,1,1,261,2024-09-17
482,P038,1,1,109,2024-02-10
360,P067,1,0,248,2024-10-24
386,P070,1,0,97,2024-07-09
326,P093,1,0,473,2025-03-29
360,P027,1,0,58,2025-05-23
399,P088,1,1,202,2024-05-20
582,P065,1,0,580,2024-04-01
298,P085,1,0,98,2025-05-17
332,P086,1,0,132,2024-01-07
216,P037,1,0,188,2024-02-24
594,P063,1,0,457,2024-03-08
356,P040,1,0,475,2024-09-24
155,P061,1,1,77,2025-05-29
240,P082,1,1,15,2024-01-19
506,P008,1,0,25,2024-04-02
217,P031,1,0,182,2024-04-30
242,P071,1,1,28,2024-09-18
569,P002,1,0,105,2024-09-10
528,P099,1,1,594,2024-06-14
156,P046,1,1,581,2024-03-20
398,P020,1,0,513,2024-05-30
237,P037,1,0,469,2025-03-06
587,P037,1,0,396,2024-03-18
366,P094,1,1,327,2025-03-12
388,P074,1,0,392,2024-07-19
206,P051,1,0,463,2024-11-12
350,P006,1,1,116,2024-10-25
364,P060,1,1,131,2024-07-08
458,P087,1,1,25,2025-06-07
504,P029,1,0,544,2024-05-14
532,P096,1,0,365,2025-03-08
163,P073,1,0,557,2025-01-22
379,P010,1,0,396,2025-02-16
311,P088,1,1,131,2025-01-29
474,P074,1,1,171,2025-04-13
546,P058,1,1,37,2025-05-29
516,P082,1,0,395,2024-12-29
334,P038,1,1,444,2025-01-15
531,P077,1,0,462,2024-11-23
408,P060,1,0,454,2025-05-08
210,P089,1,1,529,2024-01-17
121,P060,1,0,44,2025-02-25
369,P018,1,0,264,2025-05-01
221,P029,1,1,254,2024-10-12
340,P099,1,0,105,2024-06-28
323,P064,1,1,522,2025-02-18
518,P044,1,0,63,2025-04-02
226,P083,1,1,386,2024-09-24
531,P052,1,0,378,2024-06-08
142,P059,1,0,148,2024-03-09
228,P028,1,0,350,2025-06-10
509,P057,1,1,583,2024-06-20
510,P081,1,1,547,2024-01-16
185,P092,1,1,170,2024-12-20
271,P100,1,0,417,2024-08-11
129,P066,1,1,560,2024-08-08
356,P088,1,0,459,2024-03-11
527,P089,1,1,20,2025-03-03
166,P025,1,1,95,2024-12-20
480,P037,1,0,323,2024-10-27
420,P011,1,1,513,2024-11-13
558,P059,1,0,569,2024-10-19
378,P096,1,0,509,2024-05-07
158,P091,1,0,172,2024-10-27
413,P068,1,1,333,2025-01-21
223,P033,1,0,442,2025-01-17
526,P093,1,0,266,2024-04-16
314,P019,1,1,411,2025-04-11
192,P035,1,0,527,2025-01-23
184,P072,1,1,514,2024-02-28
143,P092,1,0,156,2024-04-13
291,P051,1,0,469,2024-03-04
133,P087,1,1,88,2025-06-07
339,P016,1,0,123,2024-01-08
238,P043,1,1,596,2024-06-11
467,P006,1,0,90,2025-06-12
544,P078,1,1,32,2024-06-02
189,P011,1,0,117,2025-02-11
117,P041,1,0,205,2024-11-15
298,P014,1,1,102,2025-04-30
222,P038,1,0,504,2024-09-19
567,P012,1,0,427,2024-12-19
287,P039,1,0,97,2024-07-06
591,P032,1,0,358,2025-01-07
401,P010,1,0,318,2024-03-30
279,P084,1,0,425,2024-07-17
113,P089,1,0,401,2024-07-23
220,P066,1,0,325,2025-06-05
305,P043,1,0,65,2025-04-02
580,P038,1,0,223,2024-11-29
192,P041,1,1,11,2024-03-06
391,P012,1,0,384,2024-08-24
304,P034,1,0,30,2025-02-06
434,P056,1,1,447,2025-05-06
349,P065,1,1,111,2024-07-31
236,P009,1,0,360,2024-06-02
241,P036,1,1,453,2024-10-08
495,P075,1,0,333,2024-08-09
278,P004,1,1,27,2024-09-28
201,P045,1,1,87,2025-06-17
242,P006,1,0,223,2024-06-06
408,P092,1,0,423,2025-01-07
151,P100,1,0,158,2025-04-11
144,P007,1,0,316,2024-04-16
544,P023,1,0,296,2024-08-29
595,P067,1,0,493,2024-01-27
476,P079,1,1,110,2024-06-11
432,P003,1,0,59,2024-04-07
297,P028,1,0,590,2024-06-04
438,P032,1,0,140,2024-11-21
399,P029,1,0,575,2025-03-14
285,P063,1,1,132,2024-04-23
456,P078,1,0,310,2024-04-20
172,P066,1,1,226,2024-01-03
553,P004,1,0,187,2024-09-01
489,P069,1,0,534,2024-08-04
567,P084,1,1,184,2024-10-01
287,P015,1,0,515,2024-04-01
353,P058,1,0,135,2025-03-23
105,P063,1,1,97,2024-04-07
342,P019,1,1,162,2024-08-30
217,P091,1,0,588,2024-05-05
228,P094,1,0,380,2024-07-30
143,P048,1,0,370,2025-03-18
186,P092,1,1,481,2024-05-20
468,P040,1,0,32,2024-10-06
468,P089,1,0,598,2024-09-16
154,P035,1,0,518,2024-04-02
488,P055,1,1,179,2025-06-28
442,P079,1,1,187,2024-03-20
375,P084,1,0,307,2024-10-19
298,P071,1,0,109,2025-02-13
200,P049,1,0,509,2024-01-05
209,P067,1,0,301,2025-03-25
550,P030,1,0,176,2024-08-10
564,P018,1,0,268,2024-06-11
539,P056,1,0,473,2024-08-07
302,P066,1,1,90,2024-06-11
275,P033,1,0,310,2024-12-16
170,P067,1,0,564,2024-10-13
345,P045,1,1,17,2024-10-11
233,P060,1,0,102,2025-03-29
318,P040,1,0,289,2024-10-02
140,P001,1,0,479,2024-11-02
442,P094,1,0,405,2024-11-25
194,P097,1,0,232,2024-06-29
397,P032,1,1,141,2024-10-01
254,P035,1,1,560,2024-08-25
243,P094,1,0,131,2025-01-12
264,P001,1,1,470,2025-05-09
263,P034,1,0,149,2024-05-03
481,P042,1,1,471,2024-01-29
567,P055,1,0,192,2024-12-20
506,P092,1,0,116,2025-03-15
581,P023,1,0,36,2024-11-03
200,P085,1,0,464,2024-05-07
233,P079,1,0,571,2025-05-02
185,P037,1,1,266,2024-05-12
320,P015,1,0,186,2025-06-15
547,P097,1,1,253,2024-01-06
266,P097,1,0,572,2024-05-16
473,P007,1,1,58,2025-06-04
190,P003,1,1,495,2025-05-29
538,P001,1,1,523,2025-06-10
560,P024,1,0,46,2024-05-12
283,P023,1,1,127,2024-01-05
432,P091,1,1,290,2024-05-27
201,P082,1,0,275,2025-05-17
390,P011,1,0,60,2024-06-09
351,P100,1,1,143,2024-01-12
186,P041,1,0,33,2024-01-16
508,P087,1,0,183,2025-05-05
407,P072,1,0,379,2025-04-19
393,P074,1,1,548,2024-09-10
271,P079,1,1,266,2024-08-04
187,P056,1,0,247,2024-07-01
531,P022,1,0,60,2024-01-05
539,P084,1,0,494,2024-02-02
107,P030,1,0,556,2024-04-16
352,P014,1,0,60,2025-01-23
378,P042,1,0,310,2025-01-25
107,P065,1,1,585,2025-01-13
521,P074,1,0,61,2024-11-30
160,P046,1,0,201,2024-05-23
431,P066,1,0,402,2024-02-16
112,P074,1,1,477,2024-10-23
396,P036,1,0,115,2025-03-28
157,P048,1,1,73,2024-08-28
308,P038,1,1,510,2024-09-11
342,P017,1,1,362,2024-01-22
487,P014,1,0,333,2025-03-12
360,P036,1,1,218,2024-10-02
490,P030,1,1,148,2025-03-28
377,P085,1,0,512,2024-03-17
272,P040,1,1,198,2024-12-13
445,P080,1,1,341,2025-05-11
142,P075,1,0,459,2025-05-23
127,P006,1,0,100,2024-03-26
480,P083,1,1,58,2024-08-25
288,P025,1,0,421,2024-08-16
563,P045,1,1,162,2024-04-27
421,P061,1,0,216,2024-09-29
106,P044,1,1,98,2025-01-16
265,P069,1,1,566,2025-03-20
316,P032,1,0,288,2024-08-14
378,P060,1,0,394,2024-04-22
133,P044,1,0,159,2024-04-28
158,P090,1,1,522,2024-12-12
414,P033,1,1,127,2024-05-31
472,P091,1,0,343,2024-12-09
161,P061,1,0,248,2025-02-07
435,P050,1,0,322,2024-05-02
243,P029,1,0,233,2025-04-06
562,P034,1,0,10,2024-04-05
391,P070,1,0,129,2024-04-20
103,P053,1,0,578,2024-06-17
193,P036,1,0,250,2024-06-11
297,P045,1,0,592,2024-11-17
142,P086,1,1,523,2024-05-03
429,P075,1,0,522,2024-12-04
540,P042,1,0,470,2024-04-25
278,P037,1,0,420,2024-02-11
557,P083,1,0,286,2025-01-10
409,P092,1,0,556,2024-07-28
115,P037,1,1,289,2024-02-20
369,P006,1,1,81,2024-02-04
590,P001,1,0,343,2025-02-14
414,P070,1,0,558,2024-08-09
197,P025,1,0,417,2025-04-26
402,P098,1,0,408,2025-01-29
248,P003,1,1,253,2024-02-19
329,P045,1,0,354,2024-01-28
436,P056,1,0,31,2025-06-12
160,P008,1,0,468,2024-04-22
130,P074,1,0,462,2025-01-19
290,P013,1,0,343,2024-06-15
525,P004,1,1,401,2024-12-02
211,P093,1,0,306,2024-10-05
282,P089,1,0,555,2024-07-19
405,P025,1,0,547,2025-01-08
545,P094,1,0,404,2024-12-06
232,P073,1,0,271,2025-04-18
590,P066,1,0,161,2025-02-24
365,P071,1,1,137,2024-01-08
341,P081,1,1,581,2025-01-19
461,P081,1,1,254,2024-06-29
131,P011,1,1,485,2024-02-10
422,P028,1,0,512,2025-06-21
162,P060,1,1,443,2024-05-11
228,P092,1,0,344,2024-12-09
570,P068,1,1,126,2024-03-27
432,P095,1,1,129,2024-06-18
478,P057,1,0,438,2024-04-10
552,P047,1,0,568,2024-01-31
331,P065,1,0,328,2024-05-09
235,P050,1,0,455,2024-01-20
132,P033,1,1,152,2024-12-19
412,P057,1,0,333,2025-05-23
148,P024,1,0,272,2024-11-01
548,P045,1,1,318,2025-03-27
391,P086,1,0,99,2025-02-04
133,P033,1,1,28,2024-03-09
525,P085,1,1,280,2024-01-29
455,P076,1,0,352,2024-11-06
577,P083,1,0,328,2025-03-08
188,P084,1,1,393,2024-05-28
525,P015,1,0,367,2024-09-09
383,P079,1,0,232,2024-02-19
335,P052,1,0,421,2025-05-12
283,P090,1,0,272,2024-10-31
194,P002,1,0,116,2024-11-24
347,P076,1,1,515,2024-01-10
308,P045,1,1,77,2024-04-14
168,P036,1,0,69,2025-04-29
325,P071,1,0,456,2024-08-17
268,P006,1,1,441,2025-06-07
125,P014,1,1,152,2024-05-29
336,P016,1,0,435,2024-06-24
206,P078,1,1,244,2025-01-01
193,P054,1,0,96,2025-04-17
423,P058,1,0,436,2024-12-17
272,P065,1,0,218,2024-05-10
506,P056,1,0,204,2024-12-09
436,P034,1,0,473,2024-01-06
143,P086,1,1,141,2024-08-06
204,P083,1,0,68,2024-02-22
186,P042,1,1,238,2024-02-14
242,P093,1,0,492,2024-11-12
109,P100,1,0,106,2025-01-16
213,P030,1,0,89,2024-12-14
307,P038,1,1,529,2024-08-13
266,P054,1,0,578,2025-04-16
274,P025,1,1,119,2025-06-05
233,P070,1,0,253,2025-01-22
248,P073,1,0,123,2024-12-18
177,P091,1,1,434,2024-09-16
287,P067,1,0,74,2025-01-22
297,P025,1,1,224,2024-02-18
207,P017,1,0,108,2025-03-20
489,P071,1,1,535,2024-02-17
339,P001,1,0,534,2024-06-08
546,P011,1,1,352,2024-12-10
351,P034,1,1,99,2024-05-17
586,P097,1,0,112,2024-07-01
154,P070,1,1,205,2024-07-18
249,P002,1,1,89,2025-04-25
395,P092,1,0,321,2024-09-29
458,P091,1,0,384,2025-04-29
559,P056,1,1,407,2025-01-20
178,P045,1,0,430,2025-04-07
527,P014,1,0,507,2024-05-05
484,P018,1,0,243,2024-11-08
600,P047,1,1,501,2024-10-01
163,P081,1,0,358,2025-01-24
277,P080,1,1,186,2024-08-01
103,P007,1,0,199,2024-10-26
192,P017,1,0,470,2024-04-03
307,P050,1,0,243,2024-08-10
439,P094,1,0,374,2024-03-27
516,P077,1,1,472,2024-06-12
570,P009,1,0,80,2024-11-20
169,P079,1,0,462,2024-01-09
530,P079,1,1,227,2024-02-26
316,P061,1,0,272,2024-05-08
125,P082,1,1,129,2024-04-05
356,P098,1,1,261,2024-03-17
121,P010,1,0,127,2024-02-01
590,P088,1,0,411,2024-02-06
125,P043,1,0,57,2024-11-14
400,P044,1,0,437,2025-02-14
464,P045,1,0,31,2024-07-24
381,P077,1,0,225,2025-04-28
452,P082,1,0,148,2025-04-15
496,P091,1,1,245,2024-07-06
478,P077,1,0,180,2024-12-14
505,P028,1,0,324,2024-10-01
371,P070,1,1,32,2025-05-18
496,P053,1,1,456,2024-12-31
337,P061,1,0,332,2024-11-15
210,P074,1,0,178,2024-04-12
232,P055,1,0,84,2024-06-19
548,P084,1,0,360,2024-08-30
233,P059,1,0,77,2024-03-19
308,P005,1,1,531,2024-09-28
448,P060,1,1,133,2024-06-10
175,P021,1,0,282,2024-10-04
425,P074,1,0,295,2025-04-09
504,P086,1,0,558,2024-11-07
369,P046,1,1,414,2024-11-13
255,P043,1,0,278,2024-06-30
161,P081,1,0,484,2024-05-23
418,P096,1,1,105,2024-09-19
168,P049,1,1,66,2025-05-06
133,P029,1,0,97,2024-10-03
220,P069,1,0,461,2025-02-16
503,P037,1,1,416,2024-04-28
583,P099,1,0,226,2024-12-26
266,P034,1,0,160,2024-12-09
471,P074,1,0,222,2025-03-28
189,P002,1,0,489,2025-03-27
427,P086,1,0,71,2025-04-16
388,P004,1,0,228,2024-09-18
305,P072,1,0,174,2024-02-22
466,P062,1,0,227,2024-04-28
519,P077,1,0,204,2024-06-10
365,P088,1,1,95,2025-06-06
531,P093,1,0,338,2024-01-14
327,P031,1,1,522,2024-11-06
373,P082,1,0,357,2024-01-12
286,P005,1,0,531,2024-05-01
278,P013,1,1,98,2024-09-28
313,P018,1,0,524,2024-12-07
303,P099,1,1,426,2024-06-13
137,P061,1,1,412,2024-06-14
446,P060,1,1,191,2024-11-13
218,P065,1,0,322,2024-10-02
547,P047,1,0,369,2024-03-26
464,P035,1,1,473,2024-12-17
205,P084,1,0,81,2024-10-30
233,P050,1,1,227,2024-09-06
379,P034,1,0,342,2024-10-17
271,P001,1,0,138,2024-05-25
172,P010,1,1,543,2025-05-29
253,P072,1,0,219,2024-03-21
166,P007,1,0,260,2024-02-27
384,P074,1,1,249,2024-01-25
390,P090,1,0,199,2024-06-04
465,P006,1,0,326,2024-03-11
515,P064,1,0,427,2025-03-25
124,P088,1,0,553,2024-07-25
457,P071,1,0,575,2024-06-17
294,P091,1,0,469,2024-10-23
131,P088,1,0,17,2025-05-07
350,P029,1,0,310,2025-02-23
195,P047,1,1,368,2024-01-19
475,P015,1,0,102,2024-08-10
287,P043,1,0,63,2024-05-01
183,P044,1,0,268,2024-07-22
322,P094,1,0,408,2025-03-15
398,P029,1,0,73,2025-03-12
344,P082,1,0,455,2024-11-01
249,P003,1,0,98,2024-10-01
364,P023,1,0,132,2024-03-16
418,P094,1,0,348,2025-05-20
193,P003,1,0,393,2024-11-23
217,P021,1,0,416,2024-11-28
551,P046,1,0,10,2024-06-06
299,P077,1,0,386,2024-01-15
281,P067,1,0,411,2024-02-25
337,P021,1,0,583,2025-05-29
245,P075,1,1,214,2024-06-02
507,P094,1,1,582,2025-02-20
549,P050,1,1,551,2024-01-15
151,P004,1,0,358,2024-07-03
372,P045,1,0,329,2024-07-19
117,P041,1,0,226,2025-03-11
153,P033,1,0,452,2024-08-27
435,P057,1,0,481,2024-06-14
355,P034,1,1,152,2024-01-30
124,P085,1,1,367,2024-02-24
194,P084,1,1,310,2024-01-05
554,P057,1,1,242,2025-03-29
343,P094,1,1,534,2024-03-26
125,P034,1,1,388,2024-04-12
581,P045,1,1,35,2025-01-02
543,P034,1,0,313,2025-04-02
368,P037,1,1,55,2024-11-11
154,P099,1,0,521,2024-04-16
234,P001,1,1,534,2025-06-14
338,P063,1,1,367,2024-03-20
266,P090,1,0,174,2024-05-17
403,P015,1,1,214,2025-04-12
424,P099,1,1,44,2024-03-05
304,P071,1,1,298,2024-01-15
258,P090,1,0,423,2024-08-29
218,P002,1,1,327,2025-04-27
497,P083,1,1,112,2024-11-08
153,P041,1,1,600,2024-07-09
493,P065,1,0,151,2025-04-23
551,P049,1,0,477,2024-10-11
153,P056,1,0,257,2025-03-31
244,P053,1,1,394,2025-03-27
385,P044,1,0,220,2025-03-29
152,P049,1,0,252,2025-02-10
135,P084,1,1,126,2024-04-06
591,P052,1,1,387,2025-01-15
550,P018,1,0,82,2025-05-21
161,P056,1,1,515,2024-11-04
352,P071,1,0,332,2025-02-20
427,P032,1,0,218,2024-06-26
267,P012,1,0,135,2024-03-24
114,P022,1,1,580,2025-06-19
204,P089,1,0,284,2024-03-10
239,P010,1,0,96,2024-04-01
480,P017,1,0,93,2025-04-09
516,P040,1,0,274,2024-04-05
261,P088,1,0,592,2025-03-22
150,P076,1,0,142,2024-07-12
499,P065,1,0,200,2024-03-10
189,P033,1,0,561,2024-06-06
235,P100,1,0,18,2025-06-05
596,P004,1,1,520,2024-02-14
400,P024,1,0,539,2025-01-06
330,P035,1,1,207,2025-02-23
456,P037,1,0,347,2024-10-08
192,P087,1,0,482,2024-03-03
586,P023,1,0,120,2024-11-22
522,P085,1,0,418,2025-02-19
324,P078,1,1,144,2024-01-02
348,P100,1,1,188,2025-04-15
177,P017,1,0,128,2025-06-19
432,P057,1,0,530,2025-02-24
583,P089,1,0,223,2024-11-05
487,P094,1,0,368,2024-08-24
399,P057,1,0,57,2024-06-25
392,P084,1,0,215,2025-06-09
469,P042,1,0,523,2024-02-17
590,P018,1,1,320,2024-10-12
101,P020,1,0,539,2024-07-23
315,P089,1,0,397,2024-10-09
417,P038,1,0,310,2025-04-13
407,P008,1,0,303,2025-04-11
268,P011,1,0,250,2025-05-17
425,P078,1,0,420,2024-01-19
529,P098,1,0,31,2024-05-12
228,P088,1,1,160,2024-01-12
591,P088,1,0,24,2024-06-25
405,P061,1,1,18,2025-03-07
427,P062,1,1,575,2024-05-22
421,P035,1,0,331,2024-11-17
204,P001,1,1,160,2024-06-01
193,P022,1,0,140,2025-06-10
381,P014,1,0,31,2024-07-28
507,P041,1,1,232,2024-06-27
468,P020,1,0,180,2025-05-21
174,P029,1,0,275,2024-05-21
238,P010,1,0,69,2025-06-12
210,P072,1,1,93,2024-09-17
488,P070,1,1,287,2024-06-19
444,P022,1,0,206,2024-05-09
191,P065,1,1,318,2025-03-11
487,P051,1,0,590,2025-03-31
142,P006,1,1,106,2025-06-05
305,P026,1,0,123,2024-09-02
430,P030,1,0,335,2024-07-01
142,P100,1,0,363,2024-12-31
523,P039,1,0,467,2024-05-14
180,P062,1,0,62,2024-09-27
365,P079,1,1,514,2024-09-26
496,P033,1,0,189,2024-12-17
415,P088,1,0,215,2024-02-02
212,P063,1,0,537,2025-01-08
432,P007,1,1,227,2025-03-24
530,P035,1,0,158,2024-02-21
485,P007,1,0,14,2024-09-09
102,P082,1,0,509,2024-09-06
589,P056,1,1,400,2025-05-09
490,P047,1,1,374,2025-06-15
327,P063,1,0,334,2025-04-24
531,P030,1,0,248,2024-12-06
214,P065,1,0,520,2024-02-08
195,P032,1,1,308,2024-02-27
268,P056,1,1,306,2025-04-14
295,P098,1,0,182,2025-04-19
581,P095,1,1,132,2024-06-06
481,P087,1,0,482,2025-02-14
180,P036,1,1,46,2024-12-27
182,P021,1,0,146,2025-04-10
268,P055,1,0,470,2024-09-08
560,P058,1,0,65,2024-03-21
344,P094,1,1,33,2024-03-06
158,P058,1,0,348,2024-12-06
456,P051,1,0,480,2024-10-28
346,P032,1,0,124,2024-02-14
556,P054,1,0,320,2024-10-31
234,P089,1,1,530,2024-02-13
503,P091,1,0,137,2025-02-12
350,P081,1,0,541,2025-06-11
127,P031,1,0,179,2024-10-20
485,P074,1,0,234,2024-01-02
571,P002,1,1,229,2024-08-17
255,P016,1,1,501,2024-05-03
500,P041,1,1,330,2024-01-19
515,P026,1,1,208,2024-02-26
498,P030,1,1,20,2024-07-13
485,P048,1,0,220,2024-04-17
524,P032,1,0,235,2024-04-21
178,P092,1,1,388,2024-01-30
507,P100,1,0,574,2025-06-11
421,P094,1,1,120,2025-05-25
460,P047,1,1,589,2025-04-18
217,P018,1,1,191,2024-05-16
548,P062,1,1,49,2024-05-26
565,P067,1,0,598,2025-02-09
208,P074,1,0,49,2025-03-05
192,P004,1,0,449,2025-04-16
388,P054,1,0,51,2024-08-15
378,P009,1,0,79,2024-09-20
380,P051,1,0,50,2025-04-23
433,P049,1,1,560,2025-02-20
534,P033,1,0,290,2024-03-06
162,P070,1,0,93,2024-02-13
155,P044,1,0,180,2025-03-26
499,P023,1,0,352,2025-04-15
218,P002,1,1,114,2025-05-31
483,P006,1,1,516,2024-05-18
273,P065,1,0,189,2024-08-17
109,P017,1,0,496,2024-07-03
349,P089,1,0,172,2024-04-27
452,P045,1,0,508,2024-05-30
224,P009,1,0,282,2024-08-14
248,P009,1,1,405,2025-01-27
591,P030,1,1,172,2025-03-03
337,P057,1,0,459,2024-05-15
339,P057,1,0,122,2025-06-05
459,P036,1,0,37,2024-12-26
197,P090,1,0,413,2024-12-05
427,P057,1,0,72,2025-01-25
506,P069,1,0,275,2025-06-30
589,P056,1,1,526,2025-05-16
149,P055,1,1,307,2025-02-14
504,P021,1,1,138,2024-04-05
491,P064,1,0,207,2025-02-02
494,P003,1,0,257,2024-01-03
569,P070,1,0,97,2024-01-14
112,P005,1,0,492,2024-08-30
599,P015,1,1,170,2025-02-22
205,P062,1,1,266,2024-03-13
401,P070,1,0,58,2024-07-31
567,P024,1,0,335,2024-02-27
476,P066,1,0,213,2024-08-24
420,P087,1,0,174,2025-05-01
599,P034,1,1,308,2025-01-13
236,P085,1,1,368,2024-10-17
494,P037,1,0,174,2025-03-30
366,P064,1,1,188,2024-10-24
245,P057,1,1,480,2024-03-18
334,P040,1,0,427,2025-02-05
386,P050,1,0,592,2024-09-24
165,P001,1,1,394,2024-05-03
212,P061,1,0,554,2024-06-18
198,P058,1,0,97,2024-05-14
263,P093,1,1,219,2024-01-31
379,P064,1,1,515,2024-01-30
408,P009,1,0,522,2024-03-19
191,P011,1,0,425,2024-08-10
262,P092,1,1,124,2025-01-09
323,P062,1,0,44,2024-06-26
592,P050,1,0,184,2024-11-28
488,P095,1,0,214,2024-07-15
263,P054,1,0,529,2024-10-22
249,P030,1,0,197,2024-07-07
553,P065,1,0,38,2024-04-11
544,P022,1,0,145,2024-02-29
123,P034,1,0,200,2024-02-17
389,P009,1,1,170,2025-05-27
491,P084,1,0,167,2024-10-25
347,P080,1,0,438,2025-03-17
567,P085,1,0,535,2024-07-30
114,P025,1,0,511,2024-06-22
406,P096,1,0,61,2024-08-09
549,P061,1,0,92,2024-08-06
350,P054,1,1,557,2024-09-21
372,P015,1,0,114,2025-01-24
354,P073,1,1,112,2024-10-24
517,P042,1,0,167,2024-01-03
361,P093,1,0,446,2024-12-24
228,P066,1,0,103,2024-09-25
121,P048,1,0,562,2024-10-23
486,P088,1,0,229,2024-09-15
128,P013,1,0,482,2025-01-07
543,P023,1,1,473,2025-04-30
185,P018,1,0,493,2024-11-24
125,P017,1,0,354,2024-09-11
558,P092,1,0,170,2024-07-08
591,P061,1,0,391,2024-10-02
551,P037,1,1,593,2025-01-09
576,P041,1,1,22,2024-09-10
449,P002,1,0,600,2024-11-20
380,P017,1,0,267,2025-03-14
341,P057,1,0,253,2025-01-19
327,P086,1,0,542,2024-07-14
389,P002,1,0,337,2024-03-23
309,P026,1,1,14,2025-02-14
319,P024,1,0,504,2024-11-02
107,P078,1,1,49,2025-04-15
207,P060,1,1,149,2024-06-22
417,P093,1,0,521,2025-02-03
241,P069,1,0,232,2025-02-13
136,P037,1,1,374,2024-11-06
229,P004,1,1,196,2024-03-22
568,P079,1,0,401,2024-12-06
110,P086,1,0,545,2024-10-14
387,P039,1,0,287,2024-07-02
514,P017,1,1,239,2024-12-01
466,P052,1,0,146,2024-05-18
529,P076,1,0,375,2024-03-06
142,P085,1,0,317,2025-06-07
425,P052,1,0,435,2024-09-05
574,P070,1,1,57,2024-12-24
376,P033,1,0,44,2025-04-30
104,P085,1,0,244,2024-12-11
444,P090,1,0,508,2025-01-18
411,P025,1,0,458,2024-06-13
317,P009,1,0,564,2024-09-26
268,P051,1,0,88,2024-09-13
329,P088,1,1,416,2024-04-16
493,P023,1,0,353,2024-02-21
371,P069,1,1,508,2025-01-03
272,P065,1,0,209,2025-04-29
403,P077,1,1,498,2025-06-07
530,P011,1,0,439,2025-06-11
426,P006,1,1,424,2024-12-03
140,P014,1,1,572,2025-06-03
384,P058,1,0,320,2025-05-01
200,P024,1,0,496,2025-04-08
361,P098,1,0,310,2024-11-21
337,P037,1,0,483,2024-01-24
304,P006,1,1,360,2024-12-13
383,P093,1,1,205,2024-11-15
377,P048,1,0,300,2024-08-25
576,P022,1,0,383,2024-11-11
143,P010,1,1,339,2025-03-12
287,P020,1,0,474,2024-02-22
568,P011,1,1,362,2025-01-27
183,P050,1,0,588,2024-03-24
377,P008,1,0,138,2025-04-06
514,P076,1,0,37,2024-02-16
386,P042,1,0,417,2024-08-31
519,P014,1,0,294,2025-02-22
121,P052,1,1,421,2024-11-12
389,P100,1,0,174,2024-09-01
349,P043,1,0,561,2024-08-03
364,P067,1,0,240,2024-08-20
435,P012,1,0,264,2024-06-07
284,P037,1,1,342,2024-06-17
357,P081,1,0,18,2025-02-07
320,P056,1,0,222,2024-09-21
356,P079,1,0,99,2024-02-05
391,P003,1,0,165,2024-03-25
101,P006,1,0,220,2024-06-20
483,P054,1,0,429,2024-04-02
339,P072,1,0,530,2025-06-07
523,P052,1,0,325,2024-03-12
301,P019,1,0,507,2025-02-27
277,P001,1,0,312,2024-06-14
282,P008,1,0,167,2024-05-16
517,P074,1,0,380,2024-07-25
289,P026,1,0,345,2024-06-09
600,P062,1,0,485,2025-02-08
482,P051,1,0,394,2024-06-20
248,P018,1,1,204,2024-08-05
372,P004,1,0,59,2025-04-30
552,P088,1,0,128,2025-03-25
337,P097,1,0,325,2025-02-09
111,P070,1,0,313,2025-01-19
236,P074,1,0,509,2024-11-27
105,P059,1,1,217,2024-04-07
576,P017,1,0,237,2024-04-28
539,P041,1,1,241,2024-10-06
407,P064,1,0,187,2024-04-15
529,P063,1,0,83,2024-01-31
530,P097,1,1,236,2025-04-08
279,P014,1,0,119,2025-01-23
244,P072,1,1,428,2025-01-28
371,P088,1,1,583,2024-07-10
571,P025,1,1,474,2024-07-16
589,P083,1,0,465,2025-06-25
302,P005,1,0,548,2024-10-23
457,P080,1,0,230,2025-01-03
288,P046,1,1,27,2024-03-10
173,P009,1,1,590,2024-03-23
235,P087,1,1,366,2024-05-12
265,P025,1,0,600,2025-01-09
222,P001,1,0,596,2025-01-31
287,P035,1,1,509,2024-02-29
273,P080,1,0,272,2025-01-04
448,P085,1,1,591,2024-04-12
234,P041,1,0,82,2024-01-05
171,P005,1,1,219,2025-05-31
380,P086,1,0,11,2025-04-07
138,P032,1,1,449,2024-01-23
535,P037,1,0,78,2024-05-24
590,P013,1,0,44,2024-10-20
309,P070,1,0,492,2024-12-28
174,P011,1,0,71,2025-06-22
246,P071,1,0,331,2024-11-02
190,P045,1,1,349,2025-03-19
582,P091,1,1,402,2024-05-25
194,P022,1,1,66,2024-11-25
514,P035,1,0,106,2025-04-16
146,P003,1,0,401,2025-05-24
210,P077,1,1,157,2024-08-09
458,P083,1,0,597,2024-02-03
339,P002,1,0,267,2025-06-12
431,P064,1,0,256,2024-12-08
489,P068,1,1,202,2024-12-07
143,P060,1,0,152,2024-02-25
256,P060,1,0,33,2024-02-10
257,P067,1,0,17,2025-04-02
301,P017,1,0,264,2024-06-23
286,P044,1,0,569,2024-06-10
336,P094,1,0,231,2024-08-27
180,P090,1,0,175,2024-05-10
273,P008,1,0,223,2024-11-07
372,P027,1,0,251,2024-05-20
559,P030,1,0,83,2024-09-23
559,P053,1,0,444,2025-05-09
287,P100,1,0,264,2025-06-26
129,P078,1,0,312,2024-03-28
378,P041,1,1,179,2024-03-04
209,P075,1,0,117,2024-02-14
517,P016,1,1,30,2024-10-09
487,P035,1,0,233,2024-02-06
287,P098,1,0,562,2024-02-24
519,P075,1,1,257,2024-09-17
122,P085,1,1,428,2024-01-21
129,P094,1,1,502,2025-02-17
358,P038,1,1,549,2025-02-05
292,P042,1,1,320,2024-06-08
184,P045,1,0,485,2025-03-26
300,P067,1,0,488,2024-12-09
288,P089,1,0,310,2024-11-15
597,P019,1,1,189,2025-05-21
353,P044,1,0,98,2024-08-03
175,P047,1,0,427,2025-03-27
260,P079,1,0,150,2024-07-10
491,P023,1,0,444,2025-01-29
130,P079,1,0,188,2024-07-14
361,P014,1,0,570,2025-04-05
139,P089,1,0,195,2024-01-23
475,P090,1,0,335,2025-04-12
552,P064,1,0,235,2024-05-03
191,P033,1,0,306,2024-09-08
365,P050,1,1,228,2025-01-19
176,P097,1,0,79,2025-05-17
274,P082,1,0,218,2024-08-11
475,P060,1,0,314,2025-05-09
340,P084,1,0,232,2024-03-04
548,P100,1,1,454,2024-11-23
600,P069,1,0,531,2024-05-26
333,P056,1,0,317,2025-02-01
539,P080,1,1,79,2024-12-19
447,P082,1,1,593,2025-05-16
213,P082,1,0,260,2025-05-18
486,P066,1,0,550,2024-04-15
571,P035,1,1,329,2024-05-09
584,P073,1,1,214,2025-02-22
373,P060,1,0,127,2024-01-22
336,P041,1,0,334,2025-02-09
141,P013,1,1,365,2024-12-27
287,P013,1,0,515,2024-11-02
513,P077,1,1,568,2024-05-05
388,P067,1,0,400,2024-04-16
145,P048,1,1,550,2024-01-29
133,P063,1,0,524,2025-03-24
527,P017,1,1,477,2024-01-09
522,P011,1,1,200,2025-02-28
360,P028,1,1,129,2024-12-30
489,P052,1,0,277,2024-07-09
131,P050,1,0,393,2024-03-11
499,P013,1,0,503,2025-03-03
413,P002,1,0,282,2024-09-09
271,P098,1,0,425,2024-05-08
477,P100,1,0,314,2025-04-03
143,P075,1,1,11,2024-05-14
442,P032,1,0,518,2024-04-17
117,P090,1,0,262,2024-05-09
275,P058,1,0,153,2024-05-03
581,P024,1,0,46,2024-07-26
541,P039,1,1,587,2024-03-03
267,P053,1,1,267,2024-07-28
597,P011,1,0,150,2024-03-21
478,P008,1,1,296,2025-02-08
208,P099,1,0,82,2025-06-21
455,P050,1,1,475,2024-01-17
434,P009,1,1,560,2025-05-21
374,P027,1,0,30,2024-11-23
255,P038,1,0,204,2024-04-21
381,P014,1,0,107,2024-06-01
284,P038,1,0,13,2025-05-26
199,P033,1,0,251,2025-01-01
434,P003,1,0,294,2024-01-07
331,P053,1,0,504,2024-04-22
433,P072,1,1,403,2024-05-13
423,P076,1,0,206,2025-02-22
381,P089,1,0,204,2024-03-31
252,P043,1,0,298,2024-01-09
499,P060,1,0,33,2025-03-27
492,P069,1,0,365,2025-06-14
242,P043,1,1,318,2024-02-25
191,P017,1,0,464,2025-05-10
294,P088,1,0,142,2024-04-08
384,P007,1,0,454,2025-05-11
165,P043,1,0,469,2024-07-15
485,P094,1,1,300,2024-09-17
562,P035,1,0,135,2024-02-09
308,P057,1,0,314,2024-05-27
134,P094,1,0,580,2024-07-15
108,P054,1,0,293,2024-10-29
203,P093,1,0,115,2024-01-20
450,P086,1,1,272,2024-06-20
270,P057,1,1,364,2024-10-03
195,P030,1,0,254,2024-12-11
208,P089,1,0,589,2025-04-12
165,P040,1,1,439,2025-06-16
417,P066,1,1,208,2024-06-18
183,P043,1,0,354,2024-01-27
195,P024,1,0,466,2024-09-24
434,P051,1,1,17,2024-07-16
218,P067,1,0,513,2024-04-23
213,P062,1,0,357,2025-06-24
552,P064,1,1,512,2024-12-09
172,P021,1,0,94,2024-06-13
471,P006,1,0,322,2024-01-13
425,P020,1,0,297,2024-05-16
595,P007,1,0,241,2025-05-05
428,P027,1,1,318,2025-01-16
571,P099,1,0,377,2024-02-03
507,P007,1,0,109,2024-11-17
440,P094,1,0,255,2024-07-22
307,P049,1,0,589,2024-10-13
428,P097,1,0,426,2024-12-12
360,P049,1,1,321,2024-03-13
411,P074,1,0,565,2024-11-24
537,P089,1,0,235,2024-11-13
251,P041,1,1,338,2024-09-10
457,P021,1,1,409,2025-05-24
355,P025,1,0,332,2024-11-15
547,P020,1,1,224,2024-03-31
358,P083,1,1,547,2025-02-07
156,P051,1,0,419,2024-08-23
225,P039,1,0,534,2024-02-05
409,P011,1,0,357,2024-09-22
475,P015,1,0,532,2024-06-25
252,P078,1,0,477,2024-01-06
488,P046,1,1,275,2024-04-26
137,P087,1,1,276,2024-02-02
584,P055,1,0,286,2025-05-20
304,P046,1,0,195,2025-03-10
348,P088,1,1,290,2024-01-18
335,P046,1,0,366,2024-04-13
203,P066,1,0,276,2025-01-09
312,P022,1,1,231,2024-08-14
255,P086,1,1,343,2025-03-08
534,P043,1,0,352,2025-06-28
179,P020,1,1,228,2024-02-23
405,P039,1,0,420,2024-02-07
276,P073,1,0,468,2025-02-22
479,P047,1,1,453,2024-03-26
186,P035,1,1,571,2024-08-11
218,P100,1,0,274,2024-04-09
260,P049,1,0,403,2024-07-28
361,P076,1,0,390,2024-06-17
535,P079,1,0,303,2024-08-17
574,P061,1,0,356,2024-06-12
414,P007,1,1,240,2024-03-27
490,P094,1,0,410,2025-06-11
316,P058,1,1,280,2024-09-26
499,P058,1,1,457,2025-06-22
570,P058,1,0,144,2024-01-04
335,P009,1,1,98,2024-04-09
307,P079,1,0,267,2024-04-27
440,P071,1,0,413,2025-05-25
583,P086,1,0,526,2025-04-23
452,P008,1,1,126,2024-12-17
217,P093,1,1,579,2025-04-18
238,P003,1,0,288,2024-03-20
396,P009,1,1,316,2024-11-22
437,P016,1,0,502,2024-10-22
187,P050,1,0,328,2024-05-14
173,P057,1,0,39,2024-10-30
284,P011,1,0,180,2025-06-20
449,P043,1,1,589,2024-08-11
433,P059,1,0,583,2024-04-28
126,P096,1,0,363,2025-04-08
450,P036,1,0,99,2024-04-29
119,P004,1,0,193,2024-09-18
306,P005,1,0,164,2025-01-02
233,P086,1,1,593,2025-04-13
562,P023,1,0,243,2024-04-12
434,P043,1,0,534,2024-03-14
105,P071,1,0,457,2025-03-28
531,P007,1,0,142,2025-01-02
523,P088,1,0,28,2024-08-06
265,P036,1,1,57,2025-01-31
239,P020,1,1,550,2024-06-11
214,P047,1,1,522,2024-10-13
514,P069,1,1,506,2025-02-11
586,P080,1,1,90,2025-03-04
245,P098,1,1,299,2024-03-18
190,P011,1,0,253,2024-10-15
392,P049,1,0,368,2024-07-28
488,P064,1,0,411,2024-05-29
338,P019,1,0,352,2024-05-22
301,P035,1,1,224,2025-01-25
146,P015,1,0,540,2025-06-30
343,P008,1,1,338,2025-04-25
153,P056,1,0,529,2024-10-13
355,P094,1,0,319,2025-05-30
353,P006,1,1,63,2025-03-16
231,P053,1,0,283,2025-01-19
394,P079,1,0,536,2024-09-07
513,P066,1,1,370,2025-02-18
470,P006,1,0,455,2025-03-08
358,P044,1,1,433,2025-04-10
502,P057,1,1,350,2024-08-24
476,P018,1,0,471,2024-12-10
510,P028,1,1,224,2024-02-12
217,P083,1,0,87,2024-08-01
165,P049,1,1,32,2024-09-10
502,P070,1,1,416,2024-04-24
424,P048,1,1,458,2024-10-19
168,P095,1,0,412,2024-07-23
331,P095,1,1,18,2024-08-11
332,P011,1,0,84,2025-03-19
265,P069,1,1,31,2025-04-12
246,P052,1,0,160,2024-02-10
229,P053,1,0,319,2024-11-30
294,P041,1,0,409,2024-08-14
454,P050,1,1,224,2025-02-04
200,P091,1,1,126,2024-08-01
570,P080,1,0,153,2024-06-29
208,P008,1,0,197,2024-04-09
130,P030,1,0,594,2024-07-09
563,P004,1,0,560,2025-04-01
389,P092,1,1,230,2025-05-25
471,P006,1,0,188,2024-08-25
203,P043,1,0,592,2024-08-10
479,P064,1,1,492,2024-12-21
406,P001,1,0,193,2024-05-12
402,P088,1,1,142,2024-06-07
555,P004,1,0,249,2024-08-02
328,P002,1,1,302,2024-11-24
553,P061,1,0,17,2024-11-25
126,P093,1,0,313,2024-03-21
574,P011,1,0,169,2024-05-17
201,P053,1,1,442,2024-11-15
420,P031,1,1,161,2025-03-19
388,P029,1,0,254,2024-01-15
453,P003,1,1,233,2024-09-12
388,P026,1,0,454,2025-04-11
483,P099,1,0,424,2024-03-12
254,P093,1,0,300,2025-05-25
445,P053,1,0,305,2025-01-08
556,P054,1,0,337,2024-04-20
359,P015,1,1,86,2024-01-12
304,P090,1,1,305,2024-06-03
509,P075,1,0,178,2024-08-29
133,P096,1,1,512,2025-05-31
397,P092,1,0,545,2024-08-03
430,P084,1,0,52,2024-03-06
565,P005,1,1,582,2025-06-14
453,P010,1,0,502,2024-06-11
218,P019,1,1,155,2025-05-24
254,P095,1,0,541,2024-08-30
511,P005,1,0,326,2024-09-30
164,P001,1,1,558,2024-07-27
258,P098,1,0,266,2024-06-04
274,P032,1,0,308,2024-05-21
237,P077,1,0,104,2025-05-22
357,P043,1,1,279,2025-05-01
484,P064,1,0,169,2024-08-08
399,P017,1,1,204,2024-03-24
129,P078,1,0,393,2025-03-25
568,P009,1,1,105,2024-01-11
250,P083,1,0,465,2024-06-28
576,P031,1,0,102,2024-01-29
443,P096,1,0,318,2024-05-27
279,P006,1,0,409,2024-07-27
155,P008,1,0,171,2025-03-09
530,P072,1,0,298,2024-03-08
585,P071,1,0,489,2025-03-18
527,P087,1,1,434,2024-03-30
454,P061,1,0,556,2025-03-24
460,P024,1,1,437,2024-05-08
471,P003,1,0,184,2025-05-19
288,P091,1,1,100,2024-02-29
586,P012,1,1,326,2024-03-05
125,P093,1,0,549,2024-06-02
277,P076,1,1,193,2024-08-04
125,P050,1,0,109,2024-04-28
346,P053,1,1,174,2024-11-28
559,P016,1,0,165,2025-06-01
364,P004,1,0,327,2025-03-02
583,P004,1,0,290,2025-03-04
389,P004,1,0,54,2025-06-02
254,P083,1,1,352,2024-03-30
344,P096,1,0,275,2024-05-08
514,P007,1,0,500,2024-08-03
530,P003,1,1,460,2025-03-27
270,P017,1,0,239,2024-06-13
185,P096,1,1,270,2024-10-29
160,P030,1,0,206,2024-11-25
383,P084,1,0,189,2024-03-16
131,P028,1,0,498,2024-01-16
115,P019,1,0,229,2024-11-21
378,P018,1,0,348,2024-01-25
324,P023,1,0,327,2024-03-25
480,P048,1,0,64,2025-06-04
581,P068,1,0,181,2025-06-03
302,P005,1,0,108,2025-01-24
152,P040,1,0,359,2024-10-13
213,P092,1,0,124,2025-05-30
394,P020,1,0,364,2024-11-18
332,P094,1,0,440,2024-10-29
471,P030,1,0,246,2024-02-27
240,P003,1,0,55,2024-12-13
381,P100,1,0,522,2024-05-01
285,P085,1,1,368,2024-08-29
276,P001,1,0,138,2024-06-04
285,P069,1,1,44,2024-10-09
414,P009,1,1,267,2024-09-02
327,P026,1,0,228,2024-03-09
191,P079,1,0,553,2025-01-25
480,P046,1,0,422,2024-12-15
545,P085,1,0,170,2024-05-20
105,P082,1,1,28,2025-01-18
198,P070,1,1,314,2025-05-22
589,P087,1,1,600,2024-06-05
331,P077,1,0,76,2024-08-05
540,P024,1,1,296,2025-02-09
267,P010,1,1,203,2025-01-13
550,P077,1,0,271,2025-03-21
159,P081,1,0,55,2024-04-27
474,P034,1,0,474,2025-06-02
576,P029,1,0,28,2024-01-06
331,P057,1,0,441,2024-03-02
152,P095,1,0,585,2024-08-13
498,P015,1,0,257,2024-11-12
527,P078,1,1,588,2025-03-16
204,P023,1,0,386,2025-01-03
214,P084,1,0,485,2024-11-24
204,P014,1,0,345,2024-05-14
519,P070,1,0,112,2024-07-08
579,P085,1,0,271,2024-01-24
560,P083,1,1,58,2024-02-03
169,P041,1,1,212,2025-05-20
530,P091,1,0,562,2024-03-26
373,P030,1,0,49,2024-02-16
195,P019,1,1,494,2024-09-30
107,P086,1,1,512,2025-01-15
431,P063,1,1,539,2024-09-24
546,P018,1,0,364,2024-03-24
422,P072,1,1,48,2024-06-12
512,P056,1,0,195,2024-04-23
426,P039,1,1,152,2025-06-29
464,P066,1,0,84,2025-01-31
470,P030,1,1,295,2024-10-19
352,P060,1,1,201,2025-05-11
430,P080,1,0,213,2024-06-03
103,P045,1,0,92,2025-01-10
480,P084,1,0,15,2024-09-14
517,P046,1,1,203,2024-08-24
106,P038,1,0,266,2024-10-05
385,P015,1,0,590,2025-06-07
525,P019,1,1,408,2025-06-12
341,P038,1,0,235,2024-09-01
445,P064,1,0,124,2024-09-26
423,P002,1,0,31,2024-08-20
111,P007,1,1,118,2024-01-08
214,P078,1,0,81,2024-04-28
430,P039,1,0,513,2024-12-18
292,P074,1,0,560,2025-03-23
187,P010,1,0,230,2024-09-15
360,P040,1,1,304,2024-08-27
581,P008,1,0,228,2024-11-04
575,P034,1,1,500,2024-12-10
557,P046,1,0,537,2024-05-31
559,P030,1,1,158,2025-06-24
426,P069,1,1,109,2025-02-07
142,P030,1,0,97,2024-11-30
451,P066,1,1,39,2025-05-17
216,P019,1,0,134,2024-11-10
295,P029,1,0,361,2024-10-28
173,P069,1,0,455,2025-06-16
519,P054,1,0,566,2025-03-30
191,P007,1,0,180,2024-07-23
369,P029,1,0,139,2025-05-08
132,P040,1,1,277,2024-09-01
549,P018,1,0,309,2024-01-30
182,P049,1,0,361,2024-11-27
416,P024,1,0,385,2024-02-21
185,P031,1,1,263,2024-05-03
115,P065,1,0,526,2024-12-28
432,P036,1,1,559,2024-01-25
519,P042,1,1,105,2024-09-16
221,P085,1,1,544,2024-06-29
343,P029,1,0,282,2024-02-17
401,P074,1,0,296,2025-05-24
147,P069,1,1,77,2024-07-25
524,P019,1,0,49,2025-02-20
177,P010,1,1,301,2025-02-22
149,P030,1,0,369,2024-09-23
325,P025,1,1,263,2025-04-28
131,P022,1,0,339,2024-12-21
487,P097,1,1,410,2024-07-14
249,P081,1,1,132,2024-09-28
159,P083,1,0,484,2025-04-10
441,P015,1,1,67,2025-04-05
569,P033,1,1,148,2024-05-27
485,P085,1,1,203,2025-03-15
313,P047,1,0,555,2025-01-09
460,P014,1,1,275,2024-04-18
404,P001,1,1,194,2025-04-03
243,P041,1,1,473,2024-10-08
292,P053,1,0,163,2025-01-15
110,P063,1,0,204,2024-08-20
344,P089,1,0,435,2024-10-22
534,P100,1,0,392,2024-08-24
354,P015,1,0,110,2024-10-26
302,P032,1,0,521,2024-03-02
433,P008,1,1,346,2025-06-27
206,P003,1,0,185,2025-02-05
212,P020,1,0,77,2024-02-20
191,P052,1,0,337,2025-05-24
245,P062,1,0,308,2024-07-23
303,P051,1,0,243,2024-11-29
585,P019,1,0,419,2024-01-17
367,P032,1,0,57,2024-06-19
567,P065,1,1,477,2024-10-13
500,P001,1,1,226,2024-07-27
237,P079,1,1,410,2024-10-13
344,P077,1,0,382,2024-08-12
418,P091,1,0,408,2024-06-16
510,P014,1,1,342,2024-10-25
177,P091,1,0,146,2025-02-27
333,P011,1,1,561,2024-06-10
577,P053,1,1,499,2024-03-03
146,P027,1,0,76,2024-04-04
312,P050,1,0,234,2024-07-09
506,P019,1,0,478,2025-04-03
279,P076,1,0,78,2024-11-01
236,P063,1,0,192,2024-01-25
494,P036,1,0,240,2024-08-17
599,P057,1,1,406,2025-04-12
407,P013,1,1,455,2024-05-20
336,P052,1,0,289,2024-09-07
395,P053,1,1,61,2025-02-14
214,P005,1,0,486,2025-06-27
586,P023,1,0,231,2024-03-19
343,P065,1,0,219,2025-01-08
543,P054,1,0,199,2024-03-17
156,P065,1,0,577,2024-04-15
480,P050,1,0,402,2025-06-22
345,P057,1,0,346,2024-04-29
576,P007,1,0,483,2024-08-05
254,P039,1,0,545,2024-12-17
513,P001,1,0,311,2025-04-04
416,P087,1,0,477,2024-06-16
400,P030,1,1,418,2024-04-11
299,P053,1,0,51,2025-03-31
394,P017,1,1,413,2025-01-27
219,P083,1,0,511,2025-04-08
524,P055,1,0,394,2025-01-29
218,P048,1,0,496,2024-09-01
307,P002,1,0,473,2025-01-04
289,P002,1,0,19,2024-10-09
159,P091,1,0,532,2024-08-24
500,P065,1,1,62,2024-04-10
134,P059,1,0,162,2024-05-14
103,P083,1,0,22,2025-05-24
348,P083,1,1,524,2025-02-15
164,P067,1,0,392,2025-02-28
462,P009,1,0,446,2024-09-24
121,P022,1,1,13,2024-05-14
556,P072,1,0,158,2024-06-23
564,P023,1,1,318,2024-10-28
531,P050,1,0,95,2025-02-27
267,P012,1,0,378,2025-03-19
304,P053,1,0,423,2024-12-29
599,P064,1,0,315,2024-08-11
379,P068,1,0,211,2024-06-28
202,P087,1,1,544,2024-09-28
113,P080,1,1,131,2024-07-10
497,P051,1,1,89,2025-04-11
308,P099,1,0,599,2025-01-09
330,P057,1,0,181,2025-03-30
208,P041,1,1,576,2024-09-25
588,P008,1,1,477,2024-01-27
470,P042,1,0,489,2024-06-07
125,P097,1,1,146,2025-03-19
238,P050,1,1,345,2024-05-25
401,P053,1,0,267,2025-04-27
157,P065,1,1,89,2025-03-15
310,P070,1,0,511,2024-08-25
551,P092,1,0,57,2024-01-30
574,P011,1,0,592,2025-04-27
341,P052,1,0,57,2024-02-23
192,P021,1,0,35,2024-09-12
453,P090,1,0,325,2024-05-13
212,P066,1,0,149,2024-09-11
276,P041,1,0,154,2024-01-31
409,P040,1,0,179,2024-09-23
598,P044,1,1,421,2024-07-09
425,P081,1,0,161,2024-01-24
187,P047,1,0,36,2024-09-15
155,P011,1,0,592,2025-02-16
271,P034,1,0,173,2024-12-03
456,P041,1,0,465,2025-02-02
264,P054,1,1,583,2024-08-13
316,P039,1,1,341,2024-01-27
525,P077,1,1,190,2025-02-21
176,P066,1,1,503,2025-01-14
447,P063,1,0,70,2024-07-15
465,P013,1,0,211,2024-01-11
308,P013,1,0,252,2024-06-30
362,P065,1,0,551,2024-10-23
332,P006,1,1,31,2025-02-28
407,P074,1,1,570,2024-04-26
383,P073,1,0,238,2025-04-28
137,P008,1,0,320,2024-03-01
354,P013,1,1,117,2024-08-16
438,P055,1,0,444,2024-02-25
549,P050,1,1,555,2025-06-24
340,P066,1,0,561,2024-01-27
197,P077,1,0,155,2025-04-16
508,P062,1,1,48,2024-12-10
198,P086,1,1,521,2024-12-06
139,P093,1,1,529,2024-12-15
209,P094,1,0,194,2025-04-07
429,P007,1,0,592,2025-04-18
475,P098,1,0,217,2024-08-25
583,P066,1,0,41,2024-09-15
564,P012,1,0,208,2024-06-17
435,P100,1,1,437,2024-11-15
426,P039,1,0,18,2024-09-27
493,P018,1,0,154,2024-01-15
118,P090,1,1,574,2025-01-31
287,P070,1,0,188,2024-07-13
581,P029,1,0,585,2025-05-12
369,P009,1,1,244,2024-11-01
540,P022,1,0,75,2024-10-18
325,P083,1,0,416,2025-04-24
262,P063,1,0,183,2024-11-20
144,P091,1,1,266,2024-04-21
271,P054,1,0,477,2024-07-13
543,P012,1,0,296,2024-08-19
177,P015,1,1,479,2024-06-06
230,P061,1,1,418,2024-04-26
337,P036,1,0,243,2024-12-01
426,P092,1,0,48,2024-02-10
494,P043,1,0,543,2024-10-04
164,P058,1,0,511,2024-08-03
239,P008,1,0,588,2025-05-17
515,P043,1,0,129,2024-08-20
497,P024,1,0,208,2024-01-06
568,P086,1,0,337,2024-02-26
567,P071,1,1,144,2024-05-14
415,P065,1,0,55,2024-06-04
175,P010,1,0,221,2025-04-20
116,P033,1,1,339,2024-02-12
211,P083,1,1,429,2024-01-17
355,P022,1,1,315,2024-07-17
118,P053,1,0,525,2025-04-13
197,P099,1,0,353,2024-05-06
171,P074,1,0,129,2025-03-28
446,P088,1,0,559,2024-12-09
271,P070,1,0,521,2024-09-04
162,P049,1,0,168,2025-04-29
363,P055,1,0,313,2025-03-27
518,P054,1,0,411,2024-04-07
169,P068,1,0,428,2024-12-22
577,P041,1,0,137,2024-04-17
119,P090,1,1,349,2024-08-05
141,P051,1,0,352,2025-01-26
515,P051,1,0,576,2024-12-11
415,P057,1,0,226,2024-10-01
138,P015,1,0,160,2025-06-16
135,P002,1,0,182,2024-08-05
383,P081,1,1,342,2024-07-04
230,P058,1,1,419,2024-11-23
453,P046,1,0,373,2024-02-14
513,P065,1,0,340,2024-09-24
377,P067,1,0,536,2024-02-14
299,P074,1,0,323,2024-09-03
397,P071,1,0,537,2025-06-24
377,P078,1,1,305,2024-11-07
493,P036,1,0,415,2024-02-09
175,P050,1,1,45,2025-01-09
406,P040,1,0,363,2024-05-15
154,P073,1,1,597,2024-01-19
196,P001,1,0,486,2025-05-25
200,P007,1,1,525,2024-04-02
269,P030,1,0,176,2024-08-13
206,P026,1,0,486,2025-04-04
132,P045,1,0,587,2025-05-20
397,P018,1,0,249,2024-11-10
152,P091,1,0,469,2024-04-16
504,P029,1,0,392,2024-08-13
572,P032,1,0,376,2025-06-16
488,P072,1,1,276,2024-01-18
256,P098,1,0,442,2024-06-25
349,P036,1,0,150,2024-04-09
166,P086,1,0,100,2024-11-29
255,P084,1,0,327,2025-06-10
486,P045,1,0,159,2024-11-01
488,P053,1,1,84,2024-01-19
448,P089,1,0,408,2025-06-30
148,P001,1,0,114,2024-09-09
556,P062,1,0,511,2024-08-25
108,P080,1,1,352,2024-04-07
462,P039,1,1,413,2024-01-11
329,P025,1,0,186,2024-02-28
258,P006,1,0,192,2024-11-01
105,P037,1,0,30,2024-04-15
182,P010,1,0,579,2024-12-16
589,P055,1,1,220,2024-11-13
203,P052,1,0,290,2024-12-11
287,P005,1,0,170,2024-01-17
229,P031,1,0,173,2025-06-25
323,P069,1,0,448,2025-04-13
325,P045,1,0,310,2025-02-12
559,P079,1,1,216,2025-01-26
224,P027,1,0,45,2024-10-16
368,P096,1,0,426,2025-06-03
530,P046,1,0,97,2024-01-02
453,P068,1,0,44,2024-03-09
488,P039,1,0,125,2025-06-11
341,P008,1,1,177,2025-05-02
458,P030,1,1,142,2024-09-29
510,P050,1,0,561,2024-08-24
146,P040,1,1,407,2024-10-13
181,P043,1,0,530,2025-06-13
476,P023,1,0,154,2024-09-28
424,P026,1,1,430,2025-03-18
537,P081,1,1,322,2025-04-03
448,P063,1,0,162,2024-09-12
352,P021,1,0,178,2024-06-18
433,P012,1,0,246,2024-05-21
257,P001,1,0,83,2025-06-13
307,P088,1,1,305,2025-02-17
111,P046,1,0,163,2025-04-03
230,P048,1,0,385,2025-02-20
417,P046,1,1,546,2024-06-20
296,P011,1,0,107,2024-07-23
242,P029,1,1,544,2024-03-13
180,P098,1,0,583,2024-02-18
195,P041,1,0,183,2024-03-26
407,P057,1,0,496,2025-03-22
125,P039,1,1,314,2024-02-29
253,P019,1,0,121,2024-10-22
175,P089,1,1,436,2024-11-18
293,P020,1,0,82,2025-02-08
129,P033,1,0,314,2024-09-09
114,P093,1,0,459,2024-06-13
257,P060,1,0,406,2024-01-11
593,P046,1,1,233,2024-03-14
531,P028,1,1,502,2025-06-25
208,P060,1,0,499,2025-01-20
295,P093,1,1,239,2025-05-19
342,P094,1,0,199,2024-11-08
496,P096,1,0,273,2024-06-21
348,P066,1,0,83,2024-06-29
534,P069,1,1,513,2025-02-26
495,P014,1,0,526,2024-05-28
319,P014,1,0,296,2025-04-17
330,P078,1,1,303,2025-06-01
138,P075,1,0,48,2025-02-20
462,P071,1,0,191,2025-04-14
278,P052,1,0,20,2024-10-28
568,P005,1,1,445,2025-04-28
527,P025,1,0,341,2025-06-17
580,P051,1,1,282,2025-06-17
137,P004,1,0,173,2024-10-09
336,P010,1,0,365,2025-02-05
416,P025,1,1,558,2025-03-05
557,P041,1,0,196,2024-01-27
273,P034,1,0,373,2024-05-11
358,P004,1,1,505,2025-05-28
316,P097,1,0,485,2025-05-10
104,P015,1,0,394,2024-05-21
571,P003,1,1,164,2024-09-02
199,P049,1,0,513,2024-02-01
305,P048,1,0,583,2024-03-14
207,P061,1,1,348,2025-01-31
454,P018,1,0,345,2024-10-28
542,P029,1,0,79,2024-06-15
402,P003,1,0,378,2025-03-01
213,P091,1,1,372,2025-01-07
171,P038,1,0,357,2024-02-10
130,P036,1,0,99,2024-01-23
476,P052,1,1,400,2025-02-21
107,P048,1,1,535,2024-02-15
397,P041,1,1,170,2024-09-24
209,P075,1,1,525,2024-03-28
273,P068,1,1,533,2024-09-09
184,P020,1,0,510,2024-02-27
187,P015,1,0,431,2025-02-03
307,P086,1,0,174,2024-07-05
369,P012,1,0,528,2025-02-07
567,P045,1,0,106,2025-05-08
383,P015,1,0,274,2024-07-11
595,P050,1,0,80,2024-11-19
224,P072,1,0,237,2025-01-21
299,P098,1,1,322,2024-10-18
403,P026,1,0,487,2024-10-15
218,P007,1,0,311,2024-05-25
321,P060,1,1,284,2024-12-15
511,P051,1,0,76,2024-04-21
493,P043,1,0,418,2024-03-19
558,P053,1,0,402,2024-11-10
444,P008,1,0,459,2025-06-07
353,P055,1,0,38,2024-03-18
342,P070,1,0,400,2024-04-08
544,P037,1,1,492,2024-08-20
109,P058,1,0,564,2024-01-30
177,P059,1,1,519,2024-05-17
584,P064,1,0,22,2024-04-24
522,P076,1,1,447,2024-11-08
303,P048,1,0,118,2025-05-01
250,P048,1,1,410,2024-11-17
385,P075,1,1,569,2024-09-29
201,P071,1,0,585,2024-10-29
524,P039,1,0,580,2024-01-24
442,P051,1,1,290,2024-04-18
523,P039,1,0,487,2024-12-28
278,P095,1,1,475,2024-07-20
384,P009,1,0,444,2025-04-07
396,P077,1,0,144,2025-06-26
142,P045,1,0,95,2024-07-11
433,P003,1,0,242,2024-06-14
501,P062,1,0,230,2024-04-02
302,P092,1,1,300,2025-05-26
206,P099,1,1,471,2025-02-06
368,P060,1,1,402,2025-01-10
399,P053,1,0,521,2024-04-21
374,P011,1,1,503,2024-12-30
597,P030,1,0,49,2025-03-18
156,P082,1,1,461,2024-12-18
159,P012,1,0,333,2025-03-05
587,P028,1,0,296,2024-02-29
312,P007,1,0,130,2024-02-05
402,P013,1,0,196,2025-03-19
415,P054,1,1,439,2025-05-06
184,P099,1,0,526,2024-09-01
210,P023,1,0,398,2024-07-31
600,P063,1,0,76,2025-02-26
508,P067,1,0,321,2024-07-17
316,P075,1,1,83,2024-05-09
555,P006,1,0,450,2025-04-29
385,P089,1,1,469,2024-06-10
317,P059,1,0,389,2025-03-08
400,P012,1,1,318,2025-04-24
513,P002,1,0,171,2024-08-04
588,P087,1,1,271,2024-12-31
250,P011,1,0,292,2025-01-30
114,P063,1,1,120,2024-12-25
122,P001,1,0,412,2024-12-21
568,P022,1,1,349,2024-07-24
126,P005,1,0,345,2025-01-18
341,P089,1,1,531,2025-02-13
374,P043,1,1,196,2024-06-02
178,P017,1,1,63,2024-01-19
494,P050,1,0,499,2025-04-07
257,P083,1,0,314,2024-10-05
170,P082,1,0,94,2025-06-03
438,P001,1,0,302,2024-05-27
101,P092,1,0,572,2025-04-23
535,P023,1,0,521,2024-01-29
244,P093,1,0,437,2025-06-21
342,P083,1,0,581,2024-05-03
510,P063,1,1,407,2024-05-25
164,P011,1,0,505,2024-04-21
176,P031,1,0,281,2025-02-02
457,P044,1,1,241,2025-02-10
513,P047,1,1,562,2024-01-03
483,P096,1,1,108,2025-02-20
444,P054,1,0,568,2024-04-14
526,P029,1,0,427,2024-06-16
186,P098,1,0,49,2025-01-20
543,P009,1,1,38,2024-05-22
152,P031,1,0,382,2024-01-26
548,P074,1,0,251,2024-09-23
349,P071,1,0,311,2025-06-26
381,P010,1,1,282,2025-02-10
104,P097,1,1,581,2024-05-28
234,P090,1,0,319,2024-01-16
480,P060,1,1,319,2024-07-31
260,P040,1,0,125,2025-04-23
522,P048,1,0,449,2025-01-29
146,P077,1,0,200,2024-03-30
214,P022,1,0,194,2025-01-17
106,P015,1,1,504,2025-01-28
143,P006,1,0,147,2024-04-14
301,P044,1,1,14,2025-04-15
177,P049,1,1,497,2024-02-04
547,P089,1,0,87,2024-04-27
418,P029,1,1,558,2024-08-07
577,P087,1,0,28,2024-10-04
275,P081,1,1,99,2025-02-08
441,P061,1,0,94,2024-09-05
106,P035,1,0,43,2024-03-30
591,P072,1,0,72,2024-12-24
182,P062,1,0,123,2024-03-21
492,P071,1,0,413,2024-12-25
545,P053,1,0,200,2024-07-09
241,P014,1,0,532,2025-02-02
574,P043,1,1,34,2024-09-11
592,P067,1,0,137,2024-02-25
150,P087,1,1,372,2024-07-10
182,P024,1,0,192,2024-10-04
231,P034,1,0,419,2025-03-18
575,P011,1,0,597,2024-06-30
456,P017,1,0,63,2025-05-17
524,P050,1,1,294,2025-01-30
134,P071,1,0,584,2024-06-21
279,P044,1,1,131,2024-10-28
213,P023,1,0,127,2025-05-09
188,P036,1,0,396,2024-03-03
500,P045,1,0,534,2024-06-28
129,P068,1,1,49,2025-02-27
159,P058,1,1,12,2025-06-22
354,P015,1,0,358,2024-08-17
593,P067,1,1,324,2025-03-28
542,P026,1,0,281,2024-06-07
564,P008,1,1,376,2025-04-20
131,P096,1,0,451,2025-01-07
392,P099,1,0,201,2024-11-19
345,P004,1,0,201,2025-05-05
532,P084,1,1,599,2024-06-09
408,P001,1,1,278,2025-03-16
482,P074,1,1,560,2024-03-14
560,P009,1,1,458,2024-05-26
569,P011,1,1,243,2025-05-06
127,P024,1,1,451,2024-03-14
297,P063,1,0,405,2025-05-01
193,P064,1,0,164,2024-05-28
475,P038,1,0,48,2024-06-18
314,P021,1,0,26,2024-07-30
107,P071,1,0,201,2024-01-20
492,P075,1,0,321,2024-08-19
427,P016,1,1,253,2024-09-18
532,P009,1,0,263,2024-04-02
447,P009,1,1,538,2024-06-20
218,P007,1,0,246,2024-03-22
218,P076,1,0,156,2025-06-15
342,P023,1,1,471,2025-04-17
138,P027,1,1,51,2024-11-05
173,P030,1,1,490,2025-02-12
359,P003,1,1,17,2024-01-15
480,P062,1,1,479,2025-03-13
245,P021,1,1,481,2025-04-12
478,P005,1,1,483,2025-06-26
501,P048,1,0,392,2024-09-08
532,P099,1,1,77,2024-07-11
569,P068,1,0,325,2024-03-10
216,P016,1,1,481,2024-09-24
229,P069,1,1,353,2024-05-04
508,P075,1,0,268,2024-10-14
585,P022,1,1,238,2024-07-29
234,P033,1,0,189,2025-01-16
468,P072,1,1,528,2025-01-06
506,P043,1,0,19,2025-06-22
369,P078,1,0,115,2025-03-30
150,P001,1,1,473,2024-10-07
375,P042,1,0,92,2024-12-13
409,P081,1,1,453,2024-10-21
446,P051,1,1,21,2025-04-04
449,P018,1,0,266,2025-05-26
543,P064,1,0,348,2024-08-29
585,P066,1,1,131,2025-04-05
507,P056,1,1,240,2025-01-12
198,P017,1,0,492,2025-06-20
141,P092,1,0,21,2024-05-01
507,P055,1,0,126,2025-06-16
392,P062,1,0,301,2025-03-07
398,P099,1,0,102,2025-03-05
387,P089,1,0,363,2024-03-16
299,P037,1,1,127,2024-01-20
353,P007,1,1,287,2024-10-11
275,P015,1,1,395,2024-10-22
526,P074,1,0,254,2024-01-26
295,P089,1,0,76,2024-01-15
159,P062,1,1,288,2025-06-14
591,P038,1,0,337,2024-06-14
238,P053,1,0,132,2024-08-11
132,P049,1,1,313,2025-05-14
568,P026,1,1,35,2025-06-25
346,P046,1,0,358,2025-06-30
435,P073,1,1,218,2024-06-14
472,P035,1,0,347,2025-01-04
569,P015,1,0,205,2024-08-19
136,P092,1,0,391,2024-10-01
201,P018,1,0,197,2024-10-09
313,P073,1,0,369,2024-12-30
164,P054,1,1,518,2025-06-12
506,P025,1,1,518,2025-04-29
347,P021,1,0,325,2024-08-23
574,P073,1,0,133,2025-05-29
363,P071,1,1,289,2024-05-25
339,P015,1,1,394,2025-03-11
262,P054,1,0,373,2025-01-03
476,P028,1,1,176,2025-06-17
234,P003,1,0,282,2025-05-13
322,P077,1,0,316,2025-01-14
456,P035,1,0,10,2025-03-03
302,P067,1,1,317,2024-06-02
275,P028,1,0,537,2024-07-12
304,P075,1,0,15,2024-01-31
138,P013,1,1,563,2025-05-16
190,P015,1,1,204,2024-07-12
474,P003,1,0,46,2024-01-30
515,P046,1,0,359,2025-04-03
554,P022,1,1,217,2025-03-15
442,P016,1,0,58,2024-03-19
380,P055,1,0,120,2024-09-06
583,P099,1,1,451,2024-10-04
600,P008,1,1,433,2024-12-06
585,P070,1,0,379,2024-03-18
363,P040,1,0,313,2025-05-20
566,P063,1,0,372,2024-02-06
221,P016,1,1,551,2024-11-05
401,P059,1,0,75,2025-02-01
215,P024,1,0,549,2024-11-16
282,P053,1,0,245,2025-03-08
309,P085,1,0,198,2024-08-16
272,P019,1,1,104,2025-05-24
423,P074,1,1,147,2024-04-18
161,P072,1,0,557,2024-03-12
227,P004,1,1,340,2024-03-16
111,P020,1,0,97,2024-01-19
281,P083,1,1,99,2024-09-28
336,P081,1,1,439,2024-02-22
463,P043,1,0,153,2024-09-06
563,P028,1,0,271,2025-04-14
396,P095,1,1,471,2025-02-17
586,P066,1,1,354,2024-09-29
202,P034,1,1,404,2024-10-07
267,P065,1,0,341,2024-09-21
307,P027,1,0,222,2024-09-11
213,P002,1,0,238,2024-01-08
240,P059,1,0,400,2025-02-18
516,P020,1,0,301,2024-06-29
288,P032,1,1,57,2024-05-03
566,P017,1,1,548,2024-04-01
404,P037,1,0,13,2024-04-21
146,P018,1,1,362,2024-05-17
127,P063,1,1,524,2024-04-14
375,P064,1,1,309,2024-04-10
256,P050,1,0,436,2025-03-03
434,P031,1,0,55,2025-05-20
120,P081,1,0,251,2025-05-01
200,P098,1,0,386,2024-03-24
231,P031,1,0,255,2024-11-24
280,P095,1,0,448,2024-06-18
165,P020,1,1,558,2024-11-03
335,P098,1,0,406,2024-02-06
129,P079,1,0,324,2024-01-02
395,P012,1,1,167,2025-01-24
156,P078,1,0,392,2024-04-10
289,P013,1,0,108,2025-01-14
419,P039,1,0,69,2024-11-14
589,P066,1,1,421,2024-12-09
323,P001,1,1,266,2025-01-30
389,P048,1,0,288,2024-11-17
564,P049,1,1,589,2025-04-23
591,P060,1,0,387,2025-03-14
568,P098,1,0,174,2024-09-08
250,P003,1,0,93,2024-12-01
169,P023,1,1,36,2024-10-27
113,P081,1,0,375,2024-01-27
348,P056,1,0,286,2024-06-23
112,P013,1,0,121,2025-04-15
170,P100,1,0,53,2024-11-03
214,P033,1,0,201,2024-01-26
366,P018,1,0,96,2025-01-03
338,P059,1,1,534,2025-05-01
209,P037,1,0,255,2025-04-01
177,P027,1,0,477,2024-08-19
262,P064,1,0,227,2025-02-03
477,P009,1,1,465,2025-04-22
231,P074,1,0,536,2025-01-03
207,P096,1,1,382,2024-06-15
265,P069,1,0,262,2024-11-22
266,P082,1,1,594,2024-12-14
162,P041,1,0,117,2024-10-25
228,P054,1,0,305,2024-09-02
381,P064,1,0,303,2024-08-28
102,P070,1,1,311,2025-02-18
475,P005,1,0,279,2024-05-01
576,P039,1,0,167,2025-01-06
483,P089,1,0,591,2025-01-25
397,P025,1,0,518,2024-12-05
459,P063,1,1,59,2024-04-13
268,P046,1,0,551,2024-01-02
545,P055,1,0,596,2024-12-13
367,P037,1,0,288,2024-12-21
104,P081,1,0,195,2025-02-02
277,P031,1,0,57,2024-09-17
343,P053,1,1,524,2024-03-04
412,P071,1,0,415,2024-08-29
566,P041,1,0,373,2024-04-10
522,P068,1,0,293,2024-11-11
116,P024,1,0,381,2025-01-06
235,P082,1,0,64,2024-05-07
567,P036,1,0,357,2024-01-22
224,P081,1,0,448,2024-09-07
295,P070,1,0,316,2024-02-06
180,P014,1,0,39,2024-10-02
278,P039,1,1,542,2024-02-12
422,P081,1,1,304,2025-02-02
114,P051,1,0,202,2024-11-09
425,P075,1,0,31,2025-03-09
311,P056,1,0,327,2024-05-07
313,P049,1,0,392,2024-11-26
353,P058,1,0,598,2024-02-10
234,P046,1,0,312,2024-07-15
314,P024,1,0,207,2024-03-23
408,P081,1,0,85,2024-06-08
452,P010,1,1,57,2024-05-07
161,P088,1,0,232,2025-05-15
342,P025,1,1,571,2024-01-27
555,P005,1,0,521,2025-06-12
149,P074,1,1,422,2025-04-08
570,P002,1,1,436,2025-01-29
583,P056,1,1,529,2024-11-01
577,P026,1,0,100,2025-03-19
265,P005,1,1,565,2024-08-06
216,P069,1,0,194,2025-05-17
172,P038,1,1,55,2024-04-20
533,P035,1,0,378,2024-11-08
203,P077,1,0,296,2025-01-20
594,P080,1,1,543,2024-09-28
345,P085,1,0,537,2024-10-15
228,P076,1,0,229,2025-05-13
192,P048,1,1,539,2024-01-13
147,P044,1,0,387,2025-06-17
245,P074,1,0,166,2024-01-19
119,P027,1,0,240,2024-02-06
184,P002,1,0,148,2025-01-23
437,P069,1,0,71,2024-04-23
352,P030,1,1,373,2024-11-27
454,P047,1,0,372,2024-02-20
277,P013,1,1,566,2024-04-04
523,P091,1,0,395,2024-04-03
255,P021,1,0,439,2024-05-21
252,P040,1,0,431,2025-05-21
345,P098,1,1,13,2024-09-20
423,P099,1,1,101,2024-03-29
109,P065,1,0,64,2024-07-01
430,P051,1,0,115,2024-07-26
575,P042,1,1,498,2024-09-21
533,P068,1,1,377,2025-02-18
237,P018,1,0,163,2025-05-18
274,P096,1,0,102,2025-03-29
351,P097,1,1,81,2024-01-07
286,P100,1,0,462,2024-06-28
284,P053,1,0,404,2024-08-17
558,P027,1,0,212,2024-09-20
199,P040,1,1,576,2024-03-16
417,P008,1,0,41,2024-01-26
187,P033,1,0,32,2024-03-14
512,P017,1,0,483,2025-01-19
506,P004,1,0,417,2024-05-16
292,P086,1,1,389,2025-04-27
379,P061,1,0,315,2024-04-23
150,P017,1,1,525,2024-11-14
357,P037,1,0,105,2025-05-10
599,P095,1,0,507,2024-09-16
494,P081,1,0,89,2024-09-19
129,P085,1,1,304,2025-04-29
386,P093,1,1,98,2024-07-26
322,P062,1,0,457,2024-03-12
423,P054,1,1,311,2025-05-30
422,P096,1,1,87,2024-06-05
297,P031,1,1,553,2024-05-09
332,P077,1,0,98,2024-11-09
280,P083,1,0,13,2025-04-21
223,P098,1,0,210,2024-02-17
409,P067,1,0,57,2024-08-15
538,P066,1,0,290,2024-06-23
567,P076,1,1,378,2024-06-08
355,P008,1,0,466,2024-08-24
243,P040,1,0,409,2024-08-02
513,P085,1,0,402,2024-09-24
347,P033,1,1,453,2024-12-12
391,P016,1,0,110,2024-03-26
108,P010,1,0,140,2024-06-18
469,P010,1,1,553,2024-04-05
280,P097,1,1,373,2025-06-29
137,P021,1,0,445,2025-06-23
311,P050,1,0,530,2024-06-26
219,P019,1,0,390,2024-04-13
137,P032,1,1,346,2024-06-18
189,P042,1,1,280,2024-10-20
286,P058,1,0,224,2024-03-22
341,P052,1,1,115,2024-02-27
520,P012,1,1,229,2024-06-11
243,P061,1,0,502,2024-07-11
130,P066,1,0,309,2024-03-21
243,P024,1,0,459,2025-01-01
325,P036,1,1,361,2024-10-07
526,P098,1,0,135,2025-03-28
489,P030,1,1,208,2024-01-06
135,P053,1,0,278,2025-06-03
334,P051,1,0,469,2025-06-27
147,P048,1,1,586,2024-03-16
316,P051,1,0,353,2024-04-05
505,P057,1,0,581,2025-01-31
229,P020,1,0,231,2025-03-20
128,P015,1,0,105,2024-11-07
581,P062,1,0,187,2024-05-08
411,P089,1,0,348,2024-07-24
585,P013,1,1,425,2024-11-20
142,P050,1,0,307,2024-04-10
381,P085,1,0,351,2024-10-01
539,P002,1,0,541,2024-11-28
472,P029,1,1,23,2024-10-06
494,P021,1,0,487,2025-02-11
455,P014,1,1,48,2025-04-19
403,P070,1,1,446,2024-12-03
479,P074,1,1,91,2024-08-19
152,P014,1,1,521,2024-01-23
600,P085,1,1,480,2025-06-15
480,P010,1,0,468,2024-09-24
456,P075,1,1,133,2025-03-08
534,P063,1,0,443,2024-11-24
322,P061,1,0,599,2025-06-22
561,P056,1,0,514,2024-12-03
161,P094,1,0,573,2024-07-01
112,P026,1,1,386,2024-05-29
436,P067,1,0,489,2024-11-02
514,P008,1,0,355,2024-10-22
578,P090,1,0,386,2024-01-19
305,P066,1,1,580,2024-12-14
146,P014,1,1,576,2024-04-03
142,P049,1,1,511,2025-05-16
203,P035,1,1,66,2024-11-24
160,P090,1,0,423,2025-02-25
332,P048,1,0,112,2025-01-24
393,P041,1,0,34,2024-05-23
199,P013,1,0,304,2024-07-07
452,P050,1,1,211,2025-01-26
401,P080,1,0,482,2024-04-07
595,P029,1,1,371,2025-04-20
112,P006,1,0,442,2024-10-26
278,P009,1,1,159,2024-06-21
475,P035,1,1,73,2024-06-27
214,P067,1,0,558,2024-07-12
123,P026,1,1,128,2024-10-29
475,P060,1,0,62,2024-10-08
102,P074,1,0,198,2025-03-08
174,P073,1,0,164,2024-12-23
500,P073,1,1,375,2024-07-26
327,P055,1,0,131,2024-01-06
471,P073,1,1,378,2024-07-23
193,P092,1,0,142,2025-03-25
511,P018,1,0,452,2025-02-10
338,P048,1,0,25,2025-01-07
581,P074,1,0,229,2024-01-17
224,P059,1,0,257,2025-04-28
497,P033,1,0,72,2025-06-02
494,P091,1,1,218,2024-01-05
468,P052,1,1,152,2024-09-23
365,P016,1,0,62,2024-10-11
583,P075,1,1,439,2025-05-14
177,P075,1,0,148,2025-04-01
469,P080,1,0,81,2025-03-15
565,P028,1,0,545,2024-01-30
119,P035,1,0,159,2024-01-02
186,P089,1,1,553,2024-06-21
210,P075,1,0,586,2025-05-14
102,P099,1,1,460,2025-05-02
120,P009,1,0,182,2024-11-03
452,P023,1,0,300,2024-09-11
145,P006,1,0,597,2024-08-10
516,P019,1,0,32,2024-08-07
307,P061,1,1,280,2024-02-06
119,P076,1,0,358,2024-09-26
176,P064,1,0,537,2024-08-08
156,P089,1,1,134,2024-03-03
222,P100,1,0,202,2024-01-31
569,P059,1,0,319,2024-08-10
552,P006,1,0,324,2024-12-19
113,P071,1,0,515,2025-01-01
452,P077,1,1,416,2025-06-14
289,P071,1,0,515,2024-10-13
360,P071,1,1,316,2025-03-02
436,P057,1,0,569,2024-06-08
188,P025,1,0,560,2025-02-12
597,P033,1,0,352,2024-01-09
256,P053,1,0,482,2024-04-05
578,P090,1,1,507,2024-10-26
172,P050,1,0,567,2024-11-01
569,P007,1,0,455,2024-03-27
568,P020,1,0,363,2024-01-27
143,P009,1,0,48,2024-04-12
181,P082,1,0,127,2024-04-17
152,P089,1,0,64,2025-04-12
304,P023,1,1,113,2024-01-24
400,P052,1,1,176,2025-02-22
476,P024,1,0,395,2024-10-04
341,P024,1,1,29,2024-06-09
125,P049,1,0,81,2024-11-15
135,P005,1,1,143,2024-10-14
232,P028,1,0,375,2024-10-31
103,P086,1,0,456,2025-06-27
460,P050,1,0,161,2025-02-07
482,P016,1,1,513,2024-06-26
493,P036,1,0,150,2025-05-18
446,P027,1,0,547,2025-05-17
119,P056,1,0,326,2024-09-30
300,P019,1,0,225,2025-03-29
245,P037,1,1,372,2025-05-01
138,P074,1,1,88,2025-03-22
449,P062,1,0,298,2024-05-31
537,P081,1,0,270,2024-05-28
588,P012,1,0,295,2024-01-26
338,P084,1,1,89,2024-08-24
595,P056,1,1,399,2024-11-15
406,P017,1,1,20,2025-05-21
130,P025,1,1,237,2024-10-25
189,P060,1,0,235,2024-09-28
174,P039,1,0,68,2025-03-02
442,P039,1,1,592,2024-05-16
166,P017,1,0,465,2024-04-09
316,P093,1,0,60,2024-01-29
244,P065,1,1,595,2025-01-03
522,P021,1,0,130,2024-09-29
214,P082,1,0,382,2025-03-15
258,P053,1,0,233,2025-05-07
141,P065,1,0,102,2024-05-22
475,P006,1,0,222,2024-09-03
282,P064,1,0,498,2024-10-06
406,P060,1,0,424,2025-04-16
283,P054,1,0,397,2025-03-08
354,P049,1,0,461,2024-09-18
594,P074,1,1,105,2024-08-13
255,P090,1,1,115,2025-02-06
570,P075,1,1,295,2024-01-13
209,P022,1,0,155,2024-06-14
157,P055,1,1,271,2024-12-27
203,P090,1,0,300,2024-10-20
454,P082,1,0,132,2024-11-09
305,P013,1,0,26,2024-10-17
393,P066,1,0,332,2024-02-13
529,P007,1,0,524,2024-04-12
492,P080,1,1,206,2025-03-08
288,P010,1,0,419,2024-02-28
266,P077,1,1,97,2024-08-20
347,P053,1,0,219,2025-04-13
396,P097,1,0,47,2024-11-24
335,P069,1,0,271,2024-04-03
109,P070,1,0,519,2025-01-01
119,P076,1,0,70,2024-08-04
266,P035,1,0,124,2024-08-02
567,P056,1,0,48,2024-05-08
472,P090,1,1,315,2024-06-28
596,P094,1,0,54,2024-12-06
400,P042,1,0,205,2024-04-12
175,P097,1,1,109,2025-01-03
273,P074,1,0,598,2025-01-12
393,P100,1,0,284,2024-03-12
412,P089,1,0,123,2025-03-19
301,P044,1,0,231,2025-01-23
515,P006,1,0,568,2024-03-29
156,P083,1,0,10,2024-07-28
167,P071,1,0,264,2024-06-03
456,P046,1,0,560,2024-07-23
304,P010,1,0,283,2024-05-04
341,P075,1,0,82,2025-03-04
274,P010,1,0,568,2024-05-03
548,P009,1,0,311,2025-02-22
384,P064,1,0,398,2024-04-28
161,P064,1,0,499,2024-01-15
189,P016,1,0,223,2024-09-20
280,P006,1,0,381,2024-11-29
422,P075,1,1,416,2025-04-17
215,P012,1,0,119,2024-06-04
161,P026,1,0,199,2024-11-13
202,P033,1,1,400,2025-01-23
457,P050,1,0,123,2024-07-25
573,P089,1,0,192,2024-03-21
272,P030,1,1,292,2024-09-21
108,P098,1,0,12,2024-03-19
530,P038,1,0,125,2024-05-14
105,P044,1,1,576,2024-10-08
406,P072,1,0,273,2025-04-07
291,P029,1,1,214,2025-03-11
565,P008,1,0,501,2024-10-30
365,P014,1,0,203,2025-01-13
221,P028,1,1,260,2025-03-14
566,P080,1,0,74,2025-03-29
280,P015,1,1,40,2024-01-04
330,P085,1,0,405,2025-01-11
375,P019,1,0,345,2024-09-24
362,P095,1,0,528,2025-03-12
386,P096,1,0,100,2024-05-24
202,P088,1,0,543,2025-05-13
413,P001,1,0,14,2025-05-05
516,P027,1,0,73,2025-05-07
544,P017,1,1,266,2025-06-25
261,P050,1,0,406,2025-03-12
307,P057,1,0,110,2024-08-06
488,P078,1,1,424,2024-07-01
454,P067,1,0,262,2024-07-28
379,P074,1,0,352,2024-11-11
351,P003,1,0,91,2024-07-04
143,P037,1,0,377,2024-07-14
559,P080,1,0,593,2024-09-22
183,P057,1,0,534,2024-06-01
567,P069,1,1,133,2024-12-25
553,P054,1,0,401,2024-01-15
251,P007,1,0,578,2025-04-20
245,P040,1,0,485,2024-01-20
297,P036,1,1,90,2024-07-29
223,P044,1,0,545,2024-06-11
417,P076,1,0,284,2024-10-17
576,P017,1,0,342,2024-02-15
308,P070,1,1,329,2024-08-08
488,P076,1,0,238,2025-02-02
114,P051,1,1,158,2025-03-08
201,P070,1,1,161,2024-08-23
418,P015,1,1,150,2024-10-29
341,P090,1,1,524,2025-04-27
243,P046,1,0,378,2025-03-05
467,P088,1,1,25,2024-07-15
440,P016,1,1,565,2025-02-25
359,P050,1,0,197,2025-05-01
406,P077,1,0,538,2024-04-26
520,P081,1,0,432,2024-10-28
265,P037,1,1,143,2025-04-16
354,P016,1,1,365,2024-03-23
588,P082,1,0,279,2024-04-23
525,P093,1,0,418,2024-10-31
259,P087,1,0,492,2024-06-13
397,P013,1,0,565,2025-05-29
246,P040,1,0,129,2024-09-18
329,P100,1,1,11,2024-06-30
596,P026,1,0,396,2024-04-22
342,P084,1,0,371,2025-06-08
539,P070,1,0,538,2024-09-21
453,P034,1,1,184,2025-03-28
599,P016,1,1,529,2024-01-30
236,P047,1,0,103,2024-06-28
575,P070,1,1,588,2025-01-16
160,P021,1,0,498,2024-11-09
485,P082,1,0,464,2025-01-18
591,P055,1,1,244,2025-02-04
276,P016,1,1,232,2025-04-25
113,P039,1,0,53,2024-06-16
199,P059,1,0,176,2025-01-06
112,P049,1,1,199,2024-04-23
476,P018,1,0,234,2025-01-11
364,P016,1,0,465,2024-12-04
143,P080,1,1,452,2024-07-05
460,P034,1,0,163,2024-09-27
117,P047,1,0,528,2025-04-22
189,P030,1,0,74,2025-06-09
512,P067,1,0,376,2024-06-09
535,P022,1,1,169,2025-03-25
348,P005,1,0,383,2024-10-17
282,P072,1,0,331,2024-10-18
170,P021,1,0,339,2024-10-28
474,P065,1,1,473,2024-07-01
531,P074,1,0,200,2025-05-31
437,P089,1,1,586,2025-02-15
330,P031,1,0,384,2024-08-29
334,P004,1,1,448,2024-08-08
175,P027,1,0,13,2024-03-17
326,P011,1,1,372,2024-12-30
549,P062,1,0,203,2024-05-15
405,P048,1,1,132,2025-02-06
538,P053,1,0,82,2024-12-22
454,P055,1,1,494,2024-10-03
508,P072,1,1,395,2024-07-29
355,P037,1,0,62,2024-08-30
430,P003,1,0,433,2025-02-06
225,P067,1,0,65,2024-05-10
298,P081,1,1,475,2024-04-29
449,P059,1,0,524,2024-09-21
565,P003,1,0,241,2024-03-09
373,P081,1,1,426,2024-12-05
380,P042,1,0,200,2025-06-03
364,P082,1,0,409,2024-05-06
329,P021,1,0,289,2025-03-03
130,P002,1,0,311,2024-04-02
101,P098,1,0,584,2024-06-25
512,P068,1,0,38,2024-08-29
291,P012,1,0,98,2024-10-02
444,P096,1,1,589,2025-03-31
233,P044,1,0,30,2025-05-03
126,P055,1,0,274,2024-02-21
511,P089,1,0,83,2024-06-26
449,P042,1,0,304,2025-03-04
155,P013,1,0,346,2024-12-08
194,P034,1,1,40,2024-05-20
586,P057,1,1,198,2024-02-25
159,P047,1,1,75,2024-04-27
218,P004,1,1,243,2024-12-25
198,P015,1,0,454,2024-11-27
426,P088,1,0,370,2024-05-10
176,P097,1,0,279,2024-12-01
506,P099,1,0,573,2025-03-08
115,P088,1,0,86,2024-08-10
350,P099,1,0,402,2025-04-23
107,P085,1,1,73,2025-01-28
491,P002,1,0,64,2024-12-17
468,P008,1,1,439,2024-10-23
115,P046,1,0,100,2024-08-22
192,P071,1,1,292,2024-01-23
524,P090,1,1,109,2024-10-27
472,P036,1,0,475,2024-01-21
240,P026,1,1,588,2024-07-15
265,P029,1,0,475,2024-07-13
479,P019,1,0,453,2024-04-21
280,P086,1,0,170,2024-06-07
249,P084,1,1,92,2024-03-09
228,P034,1,0,310,2024-04-16
171,P054,1,1,572,2024-05-16
548,P050,1,0,562,2024-08-12
268,P082,1,0,493,2024-09-02
375,P027,1,1,429,2025-05-27
380,P042,1,0,37,2025-02-23
597,P079,1,0,342,2025-02-19
362,P081,1,0,459,2024-02-22
592,P078,1,0,92,2025-01-18
352,P073,1,1,449,2024-12-04
390,P014,1,0,259,2024-09-15
546,P033,1,1,271,2024-08-10
103,P060,1,1,576,2024-11-12
269,P059,1,1,278,2024-09-13
406,P084,1,1,73,2024-06-21
515,P097,1,0,69,2025-05-06
519,P061,1,0,327,2025-01-30
522,P043,1,1,42,2024-06-02
385,P055,1,0,86,2024-03-19
360,P032,1,0,428,2024-03-09
117,P066,1,0,569,2024-04-09
456,P083,1,0,494,2025-06-24
129,P015,1,0,55,2024-10-18
336,P001,1,1,284,2024-10-10
458,P033,1,0,333,2024-08-23
497,P087,1,0,367,2025-02-19
341,P018,1,0,75,2024-12-05
139,P012,1,0,591,2024-10-06
286,P093,1,1,145,2025-02-15
282,P097,1,1,145,2024-03-13
309,P044,1,0,100,2024-11-03
513,P056,1,0,21,2024-01-01
104,P069,1,1,565,2025-06-17
435,P061,1,1,441,2024-11-01
482,P014,1,0,255,2025-04-13
560,P057,1,0,173,2024-07-02
360,P048,1,0,449,2024-07-13
141,P097,1,0,587,2024-08-25
282,P037,1,1,581,2024-03-14
470,P006,1,1,514,2024-07-24
174,P060,1,0,83,2024-02-11
222,P058,1,0,472,2024-09-09
146,P013,1,0,184,2024-11-22
454,P025,1,0,336,2024-08-12
207,P043,1,1,331,2024-04-27
456,P045,1,1,79,2024-10-29
395,P036,1,0,30,2025-05-21
236,P056,1,0,147,2024-08-20
401,P059,1,1,544,2024-03-24
154,P068,1,1,157,2024-04-08
488,P096,1,0,459,2025-01-21
538,P099,1,1,42,2024-11-27
442,P099,1,1,382,2024-11-21
375,P085,1,1,484,2024-02-16
229,P019,1,0,238,2025-03-24
566,P060,1,0,426,2025-05-04
467,P032,1,0,392,2024-10-04
401,P051,1,0,40,2025-05-12
502,P001,1,0,570,2025-04-25
210,P097,1,0,140,2024-08-02
382,P004,1,0,476,2024-04-29
600,P020,1,0,422,2025-03-22
193,P078,1,0,405,2025-06-18
423,P099,1,1,195,2025-05-04
218,P034,1,0,546,2024-03-01
435,P034,1,0,416,2024-11-28
479,P088,1,0,307,2025-02-07
522,P001,1,1,422,2025-06-02
370,P074,1,0,528,2024-09-01
175,P010,1,1,88,2024-08-22
197,P094,1,0,294,2024-10-31
165,P013,1,0,343,2024-08-03
254,P089,1,1,364,2025-03-02
229,P045,1,1,24,2024-10-17
260,P054,1,0,274,2024-01-26
539,P100,1,0,308,2024-04-08
308,P028,1,0,444,2025-01-30
494,P097,1,0,107,2025-05-13
129,P007,1,0,236,2024-08-12
326,P076,1,0,273,2025-03-27
237,P017,1,0,145,2024-02-10
318,P087,1,0,31,2025-01-18
547,P087,1,1,36,2024-11-29
315,P076,1,0,144,2024-04-09
422,P064,1,0,522,2025-06-03
358,P002,1,0,154,2024-10-09
177,P008,1,0,347,2024-08-28
110,P097,1,1,465,2025-04-18
175,P020,1,0,443,2025-02-04
577,P057,1,0,295,2024-11-18
556,P067,1,1,456,2024-03-04
146,P095,1,0,46,2024-02-15
371,P048,1,1,340,2024-10-04
395,P009,1,1,308,2025-02-02
280,P009,1,0,518,2024-06-21
592,P015,1,0,461,2024-03-07
469,P078,1,0,155,2025-02-19
148,P062,1,0,535,2025-03-05
341,P008,1,1,450,2025-06-01
224,P090,1,1,495,2024-05-23
552,P004,1,0,457,2024-09-18
378,P084,1,0,275,2025-04-18
141,P032,1,0,147,2024-11-29
384,P012,1,1,427,2024-08-01
230,P071,1,0,243,2024-01-19
532,P005,1,0,257,2025-01-28
550,P019,1,0,410,2024-04-27
443,P043,1,0,255,2024-01-08
276,P072,1,0,561,2025-05-26
455,P049,1,0,298,2024-01-04
244,P055,1,0,104,2024-01-29
530,P009,1,0,455,2024-03-07
394,P045,1,1,529,2024-03-10
506,P049,1,0,551,2024-07-26
467,P020,1,1,564,2025-03-17
267,P025,1,0,404,2024-04-25
254,P046,1,0,88,2024-03-14
388,P062,1,1,381,2024-02-28
592,P030,1,0,318,2024-07-26
298,P083,1,0,191,2024-12-13
134,P037,1,0,406,2024-04-09
594,P068,1,1,91,2024-05-13
260,P009,1,0,173,2024-03-09
180,P011,1,1,255,2024-08-05
380,P059,1,0,27,2024-02-16
450,P050,1,0,250,2024-06-12
519,P065,1,1,464,2025-01-02
585,P060,1,0,489,2025-04-17
289,P056,1,1,313,2024-04-15
112,P071,1,1,325,2025-01-13
171,P005,1,0,139,2024-12-11
412,P035,1,1,16,2024-07-16
354,P050,1,0,316,2024-03-22
199,P031,1,0,534,2024-09-17
475,P041,1,0,169,2024-05-18
522,P048,1,0,307,2024-09-18
515,P017,1,0,531,2024-12-15
544,P010,1,0,103,2024-08-28
486,P051,1,1,217,2024-05-31
280,P041,1,1,451,2024-04-21
221,P028,1,1,204,2024-08-06
106,P045,1,0,111,2024-08-20
156,P010,1,0,259,2025-05-19
172,P027,1,1,440,2025-04-25
468,P089,1,1,65,2025-06-07
193,P096,1,0,226,2025-01-14
472,P081,1,0,165,2024-03-19
517,P016,1,0,116,2025-06-12
400,P004,1,1,572,2024-08-09
440,P094,1,0,529,2025-05-08
400,P073,1,0,234,2024-07-30
124,P077,1,1,74,2024-07-11
365,P084,1,1,94,2025-03-08
521,P003,1,0,28,2025-06-06
179,P072,1,1,426,2025-06-02
426,P016,1,1,132,2024-09-29
221,P027,1,0,541,2025-03-07
192,P070,1,0,388,2025-06-01
468,P072,1,0,381,2025-06-21
497,P058,1,0,456,2025-05-27
119,P059,1,0,579,2025-05-21
392,P007,1,0,296,2024-10-17
315,P034,1,0,172,2024-07-23
436,P045,1,1,552,2025-01-25
240,P066,1,0,38,2024-07-09
452,P099,1,0,39,2024-05-28
396,P006,1,0,391,2024-09-18
175,P020,1,1,279,2024-02-07
147,P039,1,0,406,2024-07-31
523,P052,1,0,120,2024-12-09
559,P080,1,0,375,2025-06-05
293,P054,1,1,547,2024-04-19
240,P007,1,0,287,2024-09-15
555,P044,1,0,342,2024-09-04
316,P059,1,1,202,2024-06-25
565,P054,1,0,233,2024-09-23
277,P088,1,0,69,2025-06-02
443,P010,1,0,495,2025-01-02
527,P076,1,0,427,2024-03-29
588,P091,1,0,323,2025-03-10
300,P048,1,1,284,2024-03-01
369,P089,1,1,368,2025-04-26
163,P007,1,0,54,2025-01-28
160,P013,1,0,24,2024-06-29
186,P085,1,0,357,2025-03-03
106,P049,1,0,543,2024-12-08
538,P046,1,0,192,2025-01-05
112,P077,1,1,318,2024-10-22
210,P056,1,0,287,2025-06-30
364,P037,1,1,414,2024-03-08
373,P014,1,0,301,2024-11-26
326,P096,1,0,461,2025-02-16
368,P017,1,0,228,2025-03-20
407,P090,1,1,22,2024-02-07
567,P065,1,1,497,2024-08-27
432,P007,1,0,444,2024-12-29
595,P079,1,1,45,2025-04-21
340,P036,1,0,458,2024-09-13
211,P025,1,0,16,2025-04-12
128,P042,1,0,355,2024-01-31
157,P089,1,1,214,2024-07-30
200,P100,1,0,242,2024-04-01
493,P061,1,1,147,2025-05-13
459,P037,1,1,442,2024-08-17
150,P065,1,1,374,2024-08-28
482,P033,1,0,158,2025-02-04
558,P016,1,1,59,2024-05-05
270,P096,1,1,337,2024-06-04
296,P027,1,0,223,2024-03-26
124,P057,1,1,542,2024-12-10
341,P061,1,1,571,2024-10-15
315,P019,1,0,390,2024-10-24
169,P003,1,1,99,2024-04-02
366,P054,1,0,532,2024-06-26
341,P022,1,0,242,2024-11-06
124,P011,1,1,568,2024-04-04
245,P073,1,0,460,2024-09-19
156,P071,1,0,525,2024-05-09
338,P011,1,1,374,2024-04-15
497,P025,1,0,287,2025-06-22
187,P095,1,1,583,2024-05-23
340,P054,1,1,234,2024-10-03
208,P077,1,0,452,2024-08-26
291,P058,1,1,116,2025-06-28
509,P089,1,1,421,2024-07-20
263,P036,1,0,246,2025-04-22
247,P043,1,0,123,2024-11-14
528,P089,1,0,199,2025-04-04
236,P087,1,1,476,2024-07-25
164,P089,1,1,562,2024-01-27
327,P010,1,0,263,2024-07-13
318,P057,1,1,115,2024-05-28
471,P014,1,0,373,2024-10-03
580,P098,1,0,234,2025-03-25
226,P076,1,1,472,2025-04-07
440,P090,1,0,287,2024-04-15
229,P090,1,0,563,2025-06-30
563,P053,1,0,231,2025-02-08
239,P025,1,0,259,2025-01-11
389,P097,1,0,418,2024-09-05
166,P065,1,0,472,2024-11-24
488,P044,1,0,523,2024-10-19
120,P002,1,0,163,2024-03-10
513,P001,1,1,600,2025-05-12
403,P090,1,1,540,2024-12-07
336,P053,1,1,14,2024-03-11
448,P074,1,0,437,2025-02-03
452,P057,1,1,219,2024-07-10
353,P069,1,1,209,2025-02-01
427,P092,1,0,515,2025-06-15
406,P006,1,1,590,2025-05-13
477,P088,1,1,197,2024-01-17
356,P085,1,1,600,2025-06-07
221,P090,1,0,542,2024-03-13
551,P002,1,0,203,2025-02-17
551,P017,1,0,15,2025-06-03
481,P025,1,0,352,2024-06-02
467,P091,1,0,277,2025-02-08
347,P037,1,0,339,2025-02-25
454,P025,1,1,192,2024-05-28
580,P083,1,1,346,2024-01-24
288,P040,1,1,401,2025-04-22
478,P067,1,1,304,2025-05-27
547,P072,1,0,393,2024-12-05
235,P062,1,0,195,2024-01-08
115,P017,1,1,593,2024-06-01
215,P039,1,0,473,2024-04-06
596,P038,1,0,301,2024-07-16
447,P065,1,1,536,2024-03-02
504,P016,1,0,482,2024-07-01
438,P035,1,1,170,2024-10-30
524,P005,1,1,595,2025-02-16
411,P099,1,0,334,2025-05-18
215,P068,1,1,354,2024-08-27
422,P060,1,0,121,2024-06-29
579,P020,1,0,506,2024-05-20
144,P041,1,1,566,2024-02-18
269,P050,1,0,191,2024-07-07
177,P035,1,0,46,2024-08-24
187,P083,1,1,96,2024-08-30
501,P094,1,0,485,2024-01-18
131,P050,1,1,326,2024-01-11
416,P088,1,0,294,2024-05-31
394,P030,1,1,380,2024-11-30
288,P006,1,0,203,2024-06-28
500,P098,1,0,48,2025-06-26
169,P085,1,0,316,2024-09-30
449,P092,1,1,134,2024-08-13
121,P081,1,0,113,2024-01-01
363,P048,1,0,507,2024-02-26
244,P016,1,1,202,2025-02-21
231,P001,1,0,290,2024-04-10
292,P014,1,0,531,2024-05-19
194,P022,1,0,125,2024-08-17
444,P092,1,0,600,2025-01-16
132,P010,1,0,140,2024-09-07
192,P025,1,1,171,2024-05-03
212,P073,1,1,149,2024-11-18
575,P065,1,0,299,2024-07-10
354,P030,1,0,47,2024-06-25
171,P013,1,1,285,2024-03-27
301,P012,1,0,96,2024-12-13
215,P088,1,0,104,2024-01-01
269,P079,1,0,524,2024-10-31
440,P023,1,1,563,2024-03-31
509,P038,1,1,262,2024-11-27
531,P016,1,1,321,2024-05-05
420,P074,1,0,560,2024-03-29
349,P053,1,0,32,2024-04-18
405,P084,1,1,115,2024-04-20
279,P036,1,0,126,2025-03-21
454,P058,1,0,90,2024-10-26
157,P001,1,0,583,2025-06-18
171,P004,1,0,278,2024-12-22
295,P019,1,1,40,2024-01-27
416,P071,1,0,190,2025-05-21
198,P056,1,0,158,2024-07-28
413,P059,1,0,392,2024-05-09
127,P096,1,1,332,2025-01-22
280,P053,1,1,485,2024-04-06
551,P098,1,0,465,2024-03-14
558,P019,1,0,328,2024-10-04
462,P003,1,0,243,2024-01-23
279,P074,1,0,143,2024-11-24
509,P026,1,0,179,2024-11-12
496,P081,1,1,475,2024-02-14
335,P086,1,0,26,2025-02-09
385,P055,1,1,531,2025-04-28
594,P071,1,0,128,2024-07-06
583,P008,1,1,149,2024-05-24
379,P090,1,0,305,2024-02-16
238,P002,1,0,423,2024-04-04
320,P050,1,1,271,2024-11-23
452,P008,1,0,336,2025-03-18
484,P084,1,0,179,2024-12-16
509,P070,1,0,540,2024-04-27
419,P097,1,0,427,2024-01-14
249,P043,1,1,566,2024-07-09
462,P057,1,1,76,2024-10-16
561,P061,1,0,359,2025-03-20
255,P079,1,0,108,2025-05-10
175,P075,1,0,184,2025-02-13
389,P066,1,0,331,2024-09-06
215,P035,1,0,240,2024-07-15
379,P039,1,0,31,2024-05-21
314,P077,1,0,527,2025-06-06
434,P026,1,0,130,2024-02-21
465,P023,1,0,525,2024-12-15
453,P020,1,0,381,2025-02-13
233,P044,1,1,546,2024-01-10
197,P034,1,0,63,2024-12-14
376,P046,1,0,375,2025-01-08
141,P075,1,0,273,2024-09-06
498,P078,1,0,45,2024-09-14
549,P038,1,1,318,2024-05-23
487,P088,1,0,390,2024-10-13
264,P047,1,0,98,2024-07-05
487,P068,1,0,84,2024-04-10
513,P058,1,1,594,2024-10-18
576,P075,1,0,286,2024-05-14
195,P066,1,0,154,2024-12-09
442,P065,1,0,313,2024-06-08
325,P077,1,0,234,2024-01-04
537,P036,1,1,338,2024-12-15
112,P073,1,0,462,2025-06-28
434,P087,1,0,301,2024-03-09
552,P056,1,0,569,2024-06-21
360,P086,1,0,23,2024-12-10
469,P073,1,0,366,2024-04-14
185,P014,1,0,526,2024-10-16
296,P021,1,0,117,2024-03-26
323,P049,1,0,387,2025-02-03
215,P081,1,0,237,2024-01-01
125,P088,1,0,207,2024-07-26
264,P075,1,0,90,2024-12-22
303,P038,1,0,479,2025-01-08
529,P097,1,0,423,2024-10-19
535,P012,1,0,409,2025-03-29
208,P044,1,1,159,2025-05-31
200,P093,1,1,402,2024-06-01
289,P097,1,0,478,2024-09-25
459,P013,1,1,412,2024-05-05
514,P055,1,0,436,2025-02-06
485,P041,1,0,421,2024-11-13
107,P051,1,0,259,2025-01-27
284,P044,1,1,411,2024-04-27
330,P015,1,0,67,2025-03-08
393,P053,1,0,594,2025-02-03
407,P029,1,1,198,2024-10-14
557,P075,1,1,426,2024-06-07
217,P040,1,0,215,2025-03-09
408,P023,1,1,333,2024-03-26
277,P054,1,0,549,2024-07-30
355,P077,1,0,464,2025-04-03
423,P038,1,0,521,2024-08-08
215,P090,1,0,434,2024-02-27
160,P007,1,0,560,2025-03-11
345,P050,1,1,56,2025-01-11
210,P037,1,1,352,2024-02-07
205,P043,1,1,112,2025-03-14
445,P095,1,1,381,2024-11-12
413,P093,1,1,66,2025-02-06
156,P066,1,0,401,2024-11-04
384,P064,1,0,16,2025-06-19
443,P048,1,0,410,2024-11-09
320,P004,1,0,394,2024-07-26
439,P022,1,0,143,2025-03-17
308,P023,1,0,521,2024-04-10
569,P080,1,1,155,2024-03-30
334,P029,1,0,406,2024-12-10
323,P054,1,0,247,2024-02-27
294,P088,1,0,510,2024-06-11
355,P088,1,0,177,2024-07-18
312,P048,1,1,466,2025-02-26
139,P034,1,0,452,2025-02-25
281,P089,1,1,490,2024-05-01
314,P033,1,0,170,2024-06-10
303,P015,1,1,140,2024-07-19
231,P075,1,1,271,2024-12-13
473,P058,1,0,283,2024-09-25
405,P012,1,0,450,2024-10-04
376,P092,1,0,442,2024-04-08
255,P068,1,1,84,2024-01-27
397,P077,1,0,499,2025-06-09
514,P010,1,1,260,2024-07-27
366,P082,1,0,512,2024-01-13
214,P081,1,0,128,2024-12-25
302,P098,1,0,504,2024-01-10
275,P025,1,0,51,2025-06-29
500,P043,1,0,558,2024-07-23
379,P087,1,0,68,2025-02-10
392,P052,1,1,197,2024-11-10
417,P071,1,1,382,2025-03-02
480,P074,1,0,75,2024-02-13
532,P025,1,0,565,2025-03-27
548,P046,1,1,404,2024-08-06
385,P089,1,1,38,2024-09-21
129,P038,1,0,110,2025-02-02
139,P051,1,0,110,2024-07-25
510,P001,1,0,215,2024-12-01
246,P068,1,0,208,2025-03-05
146,P081,1,0,307,2025-06-11
503,P003,1,1,585,2024-01-07
262,P084,1,0,278,2025-06-19
464,P092,1,0,378,2025-06-26
463,P033,1,1,64,2024-06-22
254,P098,1,1,259,2025-05-28
336,P009,1,0,561,2024-05-25
335,P073,1,1,245,2024-12-12
443,P037,1,0,285,2024-12-10
504,P070,1,1,33,2024-12-16
541,P095,1,0,217,2024-03-04
593,P016,1,1,340,2024-05-15
303,P010,1,0,371,2025-03-31
428,P067,1,0,312,2025-01-11
476,P082,1,0,444,2024-08-21
323,P028,1,0,377,2024-04-23
171,P067,1,0,431,2024-07-19
526,P057,1,1,455,2024-08-22
551,P012,1,0,258,2024-07-20
487,P026,1,1,370,2025-02-09
383,P081,1,0,413,2024-12-07
330,P006,1,1,71,2024-04-27
269,P087,1,0,258,2024-10-03
205,P016,1,0,167,2024-06-30
203,P094,1,0,424,2024-07-07
164,P031,1,0,209,2024-09-02
290,P058,1,0,187,2024-01-17
556,P042,1,0,327,2024-05-11
520,P009,1,0,557,2025-03-11
102,P049,1,1,201,2025-06-27
414,P058,1,0,533,2025-04-04
118,P019,1,0,388,2025-02-15
259,P089,1,0,248,2024-05-02
446,P007,1,0,417,2024-02-26
345,P004,1,0,404,2024-02-11
382,P074,1,0,486,2024-11-09
236,P030,1,1,340,2024-08-19
243,P047,1,1,514,2024-03-13
309,P090,1,1,125,2025-01-06
550,P084,1,1,445,2024-07-30
226,P050,1,0,427,2024-03-24
109,P097,1,1,90,2024-09-05
451,P021,1,0,81,2024-07-03
198,P003,1,0,418,2025-05-23
182,P055,1,1,299,2025-03-27
218,P006,1,1,98,2025-02-24
405,P006,1,0,360,2024-01-30
207,P093,1,1,288,2024-05-11
123,P052,1,0,529,2024-12-17
474,P068,1,1,19,2024-10-08
170,P038,1,1,348,2024-04-12
422,P010,1,1,451,2025-06-22
469,P072,1,1,238,2024-06-12
138,P009,1,0,262,2025-01-21
354,P071,1,0,550,2025-04-07
220,P025,1,1,280,2025-01-30
294,P062,1,0,418,2025-06-27
166,P079,1,0,65,2024-01-27
479,P063,1,0,493,2024-01-15
223,P065,1,0,515,2024-10-24
534,P056,1,0,247,2025-06-03
440,P044,1,0,547,2025-06-14
537,P022,1,0,471,2024-02-01
245,P035,1,1,355,2024-12-22
230,P021,1,1,261,2025-01-11
425,P066,1,1,500,2024-09-17
189,P013,1,0,282,2024-08-27
539,P070,1,0,366,2024-10-15
452,P059,1,1,280,2025-06-07
403,P066,1,0,16,2024-05-02
367,P098,1,0,60,2024-01-30
496,P092,1,0,386,2024-08-13
394,P030,1,1,575,2025-01-04
493,P049,1,0,443,2024-01-10
590,P004,1,1,268,2024-07-04
346,P006,1,1,537,2024-09-02
409,P053,1,0,308,2025-06-22
550,P081,1,1,317,2024-07-20
450,P097,1,0,536,2024-01-09
569,P094,1,0,232,2025-02-24
219,P033,1,0,91,2025-01-31
354,P065,1,0,273,2025-03-30
434,P086,1,1,73,2024-12-18
423,P088,1,1,327,2024-09-13
279,P017,1,1,185,2025-01-14
364,P024,1,0,120,2024-10-20
380,P001,1,1,468,2024-09-22
268,P074,1,0,109,2025-06-02
394,P026,1,0,50,2024-12-20
367,P062,1,0,543,2025-02-13
514,P077,1,1,273,2025-01-24
134,P071,1,0,94,2025-01-28
266,P094,1,0,74,2024-09-23
154,P085,1,0,574,2025-04-08
491,P040,1,1,131,2024-01-31
268,P052,1,0,208,2024-05-12
311,P023,1,0,443,2024-08-11
578,P005,1,0,358,2025-05-19
378,P095,1,0,355,2024-08-26
272,P062,1,1,402,2025-03-05
301,P059,1,0,446,2024-01-29
213,P019,1,0,123,2024-06-19
242,P042,1,1,449,2024-03-25
284,P036,1,0,529,2024-11-01
561,P034,1,1,113,2024-12-22
134,P077,1,1,430,2025-06-09
205,P089,1,0,502,2025-03-05
583,P019,1,1,69,2025-06-07
174,P029,1,0,122,2024-01-29
292,P076,1,0,21,2024-06-17
202,P029,1,1,531,2024-01-21
242,P058,1,1,261,2024-06-04
574,P063,1,0,141,2024-10-06
198,P090,1,0,333,2024-04-10
153,P055,1,0,362,2025-02-03
571,P096,1,1,466,2024-03-07
358,P048,1,0,131,2024-10-01
443,P057,1,0,486,2024-05-02
297,P026,1,0,333,2024-07-22
369,P007,1,1,421,2024-05-25
434,P095,1,0,533,2025-02-07
551,P100,1,0,105,2025-06-14
483,P074,1,0,589,2024-06-17
386,P030,1,1,297,2024-10-01
119,P017,1,0,56,2025-06-09
555,P029,1,0,578,2025-04-20
245,P082,1,1,227,2025-01-18
431,P040,1,0,531,2024-11-18
497,P071,1,0,172,2024-01-02
254,P079,1,0,267,2024-07-02
358,P064,1,0,488,2024-12-13
322,P058,1,0,242,2025-06-17
310,P053,1,1,539,2024-03-19
260,P044,1,1,227,2024-05-13
445,P040,1,0,214,2024-07-26
351,P027,1,0,187,2025-02-08
438,P039,1,0,542,2024-04-08
408,P082,1,0,327,2024-10-20
388,P074,1,0,159,2024-01-25
367,P038,1,0,488,2024-08-27
283,P079,1,1,121,2024-05-10
148,P041,1,0,529,2025-03-14
519,P033,1,1,292,2025-06-27
524,P097,1,0,587,2025-03-19
141,P022,1,0,330,2024-05-31
446,P066,1,0,38,2024-02-06
162,P074,1,0,395,2024-06-10
247,P055,1,0,165,2024-03-08
422,P086,1,0,165,2024-12-27
308,P020,1,0,307,2024-08-12
337,P054,1,0,169,2024-02-08
318,P054,1,0,276,2025-01-10
570,P054,1,1,440,2025-05-22
128,P025,1,0,59,2025-03-26
125,P009,1,0,589,2025-01-18
598,P092,1,0,505,2024-12-27
220,P065,1,1,142,2024-12-16
497,P090,1,0,578,2024-09-18
453,P027,1,0,105,2024-04-15
344,P083,1,0,579,2024-12-24
538,P090,1,1,423,2024-04-19
453,P009,1,1,493,2024-03-23
357,P072,1,0,346,2025-06-01
490,P012,1,0,573,2024-05-02
371,P081,1,0,152,2024-08-29
409,P027,1,0,540,2024-09-30
130,P065,1,1,484,2024-03-10
395,P047,1,0,90,2024-12-18
540,P052,1,0,118,2024-01-10
588,P007,1,0,274,2025-05-13
462,P009,1,1,308,2024-02-15
323,P084,1,0,453,2025-06-12
274,P076,1,0,66,2024-07-17
562,P057,1,0,564,2025-03-02
581,P009,1,0,443,2024-07-29
402,P011,1,0,155,2025-04-15
425,P038,1,0,232,2025-04-27
508,P065,1,0,466,2025-03-09
171,P031,1,0,291,2025-04-28
103,P012,1,0,413,2024-01-19
483,P048,1,0,170,2024-05-11
307,P050,1,1,176,2024-08-27
299,P018,1,0,106,2024-08-25
249,P019,1,0,267,2025-06-05
520,P064,1,0,244,2024-02-01
176,P091,1,1,522,2025-02-07
168,P065,1,0,93,2024-01-19
204,P016,1,1,410,2025-06-17
379,P043,1,0,383,2024-03-11
199,P095,1,0,526,2024-07-10
445,P055,1,0,519,2024-10-15
329,P068,1,1,552,2024-05-24
253,P043,1,1,137,2025-06-17
356,P069,1,0,231,2024-08-06
391,P016,1,0,162,2024-07-21
491,P017,1,1,541,2024-06-10
430,P098,1,0,197,2025-04-13
264,P040,1,0,218,2025-06-26
342,P007,1,0,336,2024-10-19
513,P037,1,0,353,2024-10-31
349,P042,1,0,206,2024-07-06
252,P015,1,0,441,2024-02-11
516,P062,1,0,171,2024-11-02
399,P079,1,0,294,2024-04-17
107,P089,1,0,110,2025-04-28
519,P071,1,0,536,2025-03-06
354,P097,1,0,218,2025-01-26
569,P002,1,0,292,2024-11-16
485,P039,1,0,520,2024-10-15
172,P064,1,0,245,2025-04-22
210,P059,1,0,180,2025-02-10
535,P089,1,1,363,2024-07-24
331,P019,1,0,329,2024-10-07
392,P061,1,1,133,2024-06-16
570,P021,1,0,332,2024-03-15
249,P084,1,1,257,2025-03-02
406,P021,1,0,71,2024-04-08
498,P019,1,0,533,2025-01-17
221,P040,1,1,62,2024-05-17
408,P063,1,0,530,2024-12-29
221,P065,1,1,493,2024-01-23
581,P056,1,1,276,2024-02-05
140,P027,1,0,285,2025-02-05
527,P064,1,1,143,2025-03-14
529,P029,1,0,399,2024-05-09
235,P051,1,0,16,2024-12-04
469,P074,1,1,259,2024-04-24
380,P003,1,0,317,2025-05-11
412,P037,1,0,345,2024-02-08
509,P095,1,1,345,2024-04-15
271,P075,1,0,23,2025-02-22
490,P008,1,0,348,2025-03-05
425,P021,1,0,20,2025-01-29
139,P003,1,1,380,2024-02-10
130,P099,1,1,111,2025-05-12
513,P014,1,1,382,2024-09-07
326,P020,1,1,108,2025-04-17
348,P096,1,0,16,2025-06-21
260,P061,1,1,462,2025-01-07
437,P028,1,0,130,2025-01-06
478,P038,1,0,75,2025-03-07
254,P028,1,1,259,2025-06-25
167,P067,1,1,250,2025-01-30
533,P060,1,0,51,2025-04-11
230,P014,1,1,571,2025-03-01
383,P018,1,1,512,2024-12-27
351,P013,1,1,564,2025-04-15
522,P024,1,1,208,2024-02-23
452,P057,1,0,365,2025-04-29
525,P071,1,0,106,2025-01-23
263,P071,1,0,112,2024-07-20
528,P001,1,0,219,2024-06-13
185,P003,1,0,309,2025-02-15
192,P003,1,0,448,2025-05-14
189,P079,1,1,256,2025-03-02
500,P011,1,1,322,2024-03-25
471,P004,1,0,525,2024-06-30
406,P052,1,0,533,2024-01-05
191,P056,1,0,167,2024-02-25
219,P010,1,0,119,2024-06-14
187,P096,1,0,332,2025-06-22
144,P090,1,0,483,2024-06-27
398,P083,1,1,198,2024-12-19
340,P068,1,0,444,2024-08-27
313,P068,1,0,140,2024-08-15
109,P042,1,1,235,2024-06-01
532,P042,1,0,445,2024-02-19
121,P009,1,1,100,2024-04-19
555,P024,1,0,26,2025-05-06
209,P068,1,1,584,2024-03-03
579,P010,1,1,155,2024-06-19
145,P018,1,0,213,2025-03-01
280,P017,1,0,71,2024-03-20
117,P057,1,1,289,2024-12-06
192,P007,1,1,366,2024-02-22
118,P076,1,1,91,2024-03-09
412,P081,1,1,482,2024-04-29
265,P065,1,0,532,2025-01-15
422,P016,1,0,74,2024-11-26
112,P086,1,1,320,2024-04-19
185,P021,1,1,361,2024-03-02
530,P010,1,0,180,2025-05-30
334,P100,1,0,71,2025-06-17
194,P051,1,0,52,2024-07-18
390,P008,1,1,506,2024-09-09
386,P002,1,0,106,2024-10-18
410,P031,1,0,120,2024-04-05
117,P036,1,0,123,2024-11-06
163,P033,1,0,560,2025-05-28
507,P016,1,0,335,2025-02-23
133,P006,1,1,367,2024-08-20
507,P038,1,1,255,2024-12-13
577,P077,1,0,173,2025-04-23
272,P030,1,0,199,2024-11-04
573,P061,1,1,67,2024-12-28
194,P098,1,0,207,2024-11-11
344,P044,1,0,81,2025-05-10
382,P025,1,0,441,2024-07-15
571,P083,1,0,286,2024-02-05
423,P081,1,1,387,2025-06-24
582,P043,1,1,575,2024-03-15
152,P070,1,0,368,2025-04-06
344,P011,1,0,33,2025-03-29
532,P058,1,0,493,2025-03-12
560,P056,1,0,482,2024-03-14
130,P091,1,0,115,2024-02-04
246,P023,1,0,265,2024-01-22
343,P027,1,1,367,2024-08-27
388,P050,1,1,157,2025-05-27
134,P042,1,1,488,2024-01-22
105,P093,1,0,584,2025-01-28
556,P015,1,0,10,2024-03-04
521,P067,1,0,261,2024-09-23
466,P060,1,0,332,2024-03-03
483,P057,1,0,547,2024-04-11
233,P039,1,0,252,2024-09-25
244,P053,1,1,182,2025-02-13
305,P023,1,0,231,2024-12-18
150,P075,1,1,544,2024-04-20
466,P030,1,1,248,2024-07-12
244,P090,1,1,321,2024-03-22
264,P044,1,0,597,2024-06-12
337,P060,1,0,474,2024-04-01
198,P048,1,1,431,2024-04-30
570,P051,1,0,69,2024-03-23
205,P014,1,0,258,2025-05-19
357,P057,1,0,563,2025-04-27
438,P078,1,0,547,2024-06-18
393,P031,1,0,598,2024-02-28
573,P100,1,0,493,2024-05-24
520,P041,1,1,315,2024-02-19
518,P007,1,1,15,2025-02-28
584,P024,1,1,349,2024-01-27
400,P099,1,0,428,2025-01-28
442,P051,1,0,352,2024-01-02
314,P067,1,1,36,2024-07-05
518,P047,1,1,388,2024-06-09
542,P065,1,1,476,2024-07-21
336,P082,1,1,279,2024-01-27
327,P085,1,0,279,2024-04-27
398,P004,1,0,284,2024-05-03
311,P087,1,0,517,2025-04-03
170,P025,1,0,593,2025-03-26
490,P030,1,0,591,2024-01-16
269,P029,1,0,67,2024-04-28
446,P076,1,0,347,2024-05-07
535,P068,1,0,298,2025-04-03
111,P034,1,1,391,2024-11-21
124,P022,1,0,94,2024-09-11
500,P058,1,1,310,2024-10-04
530,P063,1,0,362,2025-01-22
284,P007,1,0,494,2024-04-11
266,P095,1,1,41,2024-01-11
348,P033,1,1,537,2024-08-14
557,P066,1,0,456,2024-05-28
524,P008,1,0,156,2024-02-05
174,P092,1,0,336,2024-05-26
308,P023,1,0,505,2025-03-11
451,P061,1,1,383,2025-05-19
261,P087,1,0,116,2025-06-01
322,P077,1,0,154,2025-01-11
109,P004,1,0,487,2024-09-07
317,P044,1,1,469,2024-09-24
402,P090,1,0,225,2024-05-02
424,P045,1,0,122,2024-01-09
549,P082,1,1,90,2025-05-20
363,P026,1,0,243,2024-12-03
534,P059,1,0,70,2024-07-20
455,P099,1,0,445,2024-04-23
348,P053,1,0,529,2025-06-03
144,P068,1,1,255,2025-04-21
528,P049,1,0,441,2024-03-10
433,P090,1,0,89,2024-05-15
588,P046,1,0,66,2025-04-06
277,P070,1,0,597,2024-07-19
413,P015,1,1,500,2024-06-12
529,P054,1,0,69,2024-07-20
239,P085,1,0,324,2024-07-31
241,P008,1,0,539,2025-06-18
272,P089,1,0,96,2024-02-27
362,P059,1,0,120,2025-05-15
261,P056,1,0,262,2024-11-16
351,P075,1,0,209,2025-06-03
136,P069,1,0,542,2024-07-25
183,P008,1,0,488,2024-07-27
384,P094,1,1,412,2024-12-02
555,P038,1,0,465,2024-01-04
155,P016,1,0,413,2024-07-02
369,P078,1,0,149,2024-05-16
235,P074,1,0,427,2024-04-02
589,P079,1,1,234,2024-11-13
518,P069,1,0,495,2025-01-25
123,P013,1,0,114,2024-01-23
466,P080,1,1,448,2024-05-14
234,P047,1,0,91,2024-05-06
568,P041,1,0,118,2024-05-22
496,P050,1,0,147,2024-07-03
544,P059,1,0,19,2025-02-16
372,P034,1,0,443,2025-03-22
283,P054,1,0,564,2024-09-13
117,P037,1,0,95,2024-03-04
211,P057,1,0,472,2024-07-17
318,P039,1,0,434,2025-05-22
600,P010,1,0,90,2024-06-14
254,P078,1,1,466,2025-03-18
428,P039,1,0,339,2024-12-26
343,P096,1,1,149,2024-05-04
448,P032,1,0,95,2024-09-10
399,P049,1,1,257,2024-02-18
187,P065,1,0,600,2025-04-07
322,P063,1,1,190,2024-07-01
497,P003,1,0,96,2024-03-19
211,P047,1,0,242,2024-07-12
309,P053,1,1,304,2024-10-21
410,P019,1,0,583,2024-07-29
319,P061,1,0,295,2024-10-30
352,P025,1,0,306,2024-12-05
332,P015,1,1,348,2025-01-09
239,P073,1,0,563,2024-09-16
344,P021,1,0,421,2024-02-13
234,P009,1,1,188,2024-04-04
345,P064,1,0,507,2024-04-02
298,P075,1,1,303,2024-10-05
259,P024,1,1,584,2024-07-11
399,P049,1,0,187,2024-10-05
353,P006,1,0,327,2024-06-20
400,P088,1,1,390,2024-11-25
582,P093,1,1,287,2025-04-25
587,P015,1,0,60,2024-02-07
326,P030,1,0,402,2024-02-13
375,P006,1,0,584,2024-07-04
239,P019,1,0,495,2025-03-24
301,P089,1,0,337,2024-07-21
166,P080,1,1,590,2024-08-15
396,P013,1,1,501,2024-12-14
411,P074,1,0,381,2025-05-29
372,P039,1,0,327,2025-06-09
194,P036,1,0,312,2024-04-28
135,P068,1,1,14,2024-08-25
472,P035,1,0,472,2024-02-16
460,P003,1,0,119,2025-03-08
409,P028,1,1,281,2025-05-17
223,P066,1,0,40,2025-02-09
226,P064,1,0,459,2024-06-21
137,P072,1,0,47,2024-05-10
171,P051,1,0,419,2024-09-11
258,P006,1,0,298,2025-02-03
247,P079,1,1,344,2024-01-21
487,P015,1,0,365,2024-06-23
521,P040,1,0,18,2024-03-14
333,P047,1,0,35,2024-10-26
404,P086,1,0,343,2025-04-05
381,P015,1,0,105,2024-06-03
591,P061,1,0,34,2024-03-18
530,P094,1,0,255,2024-07-17
592,P067,1,0,148,2024-09-01
531,P076,1,0,137,2024-06-06
522,P031,1,1,136,2024-03-23
436,P071,1,0,294,2024-02-16
129,P064,1,0,238,2024-05-26
298,P022,1,1,268,2024-08-05
186,P029,1,1,508,2025-01-28
122,P094,1,1,228,2024-11-23
294,P061,1,0,295,2024-10-07
564,P019,1,0,502,2024-06-25
540,P018,1,0,443,2024-10-20
578,P062,1,0,523,2024-09-10
429,P032,1,0,322,2024-08-29
182,P081,1,0,55,2024-08-10
193,P018,1,0,466,2024-12-04
293,P013,1,0,372,2025-06-24
210,P040,1,1,288,2024-03-14
520,P059,1,0,35,2025-06-03
511,P090,1,0,537,2024-03-26
468,P096,1,1,156,2024-10-22
475,P085,1,0,296,2024-04-22
516,P022,1,1,457,2024-08-19
283,P078,1,0,389,2024-06-13
171,P066,1,1,530,2024-08-21
177,P004,1,1,235,2025-05-16
494,P034,1,1,570,2024-02-06
519,P004,1,1,190,2024-08-24
309,P057,1,0,556,2025-01-11
526,P011,1,0,367,2024-12-17
239,P099,1,1,329,2024-10-17
240,P094,1,0,154,2025-04-19
572,P029,1,0,160,2025-03-14
388,P025,1,0,246,2024-07-28
600,P033,1,1,228,2024-07-26
349,P087,1,0,390,2025-04-03
427,P081,1,0,514,2024-12-14
148,P030,1,1,210,2024-03-19
155,P050,1,0,230,2024-04-26
175,P054,1,0,364,2025-01-25
456,P096,1,1,397,2025-03-31
567,P046,1,0,45,2024-12-28
345,P014,1,0,105,2025-01-05
419,P083,1,0,562,2024-08-16
566,P030,1,0,247,2025-01-09
303,P022,1,1,390,2024-12-10
109,P016,1,0,353,2024-11-08
158,P098,1,0,258,2024-09-23
143,P010,1,0,461,2024-07-16
521,P085,1,0,34,2024-05-11
168,P005,1,0,476,2024-08-21
594,P070,1,0,139,2025-03-16
497,P006,1,0,561,2025-02-07
423,P072,1,1,433,2025-03-07
218,P001,1,0,26,2025-02-27
514,P037,1,1,562,2025-02-21
511,P030,1,1,531,2025-04-08
261,P055,1,1,110,2024-06-22
420,P073,1,0,597,2024-03-23
145,P003,1,0,548,2024-11-08
398,P084,1,0,548,2024-07-13
264,P002,1,1,260,2024-05-29
579,P057,1,0,204,2024-05-11
417,P093,1,0,306,2025-05-27
482,P051,1,0,138,2024-02-26
457,P011,1,0,23,2025-02-09
529,P042,1,0,216,2024-06-24
222,P077,1,1,411,2024-03-13
523,P013,1,1,581,2025-01-21
295,P040,1,1,123,2024-03-16
274,P012,1,1,404,2024-10-27
525,P090,1,1,268,2025-02-26
509,P043,1,1,160,2024-07-15
419,P054,1,0,493,2024-06-03
322,P075,1,0,63,2025-06-23
108,P001,1,0,476,2024-01-04
202,P024,1,0,436,2024-02-11
481,P002,1,1,526,2025-06-28
257,P085,1,0,586,2024-03-23
204,P089,1,0,480,2024-09-08
161,P003,1,0,227,2025-06-14
371,P083,1,1,236,2024-04-13
491,P021,1,1,18,2024-11-14
548,P095,1,0,175,2025-05-29
550,P019,1,0,441,2024-05-07
321,P005,1,0,31,2025-05-18
176,P096,1,1,221,2025-06-28
188,P009,1,0,106,2024-02-10
150,P047,1,0,15,2025-02-28
598,P007,1,1,511,2025-06-11
255,P073,1,0,36,2024-10-15
581,P087,1,1,168,2024-02-04
398,P057,1,1,478,2025-02-19
533,P055,1,1,256,2024-04-15
598,P005,1,0,327,2024-12-08
203,P010,1,1,295,2024-05-22
169,P028,1,0,344,2024-09-01
185,P061,1,0,274,2025-05-08
498,P089,1,0,364,2024-01-14
347,P049,1,0,210,2024-08-21
520,P017,1,0,391,2024-02-10
398,P085,1,0,326,2024-09-22
364,P029,1,0,517,2024-10-20
483,P075,1,0,435,2024-01-10
509,P010,1,0,93,2025-03-22
466,P066,1,0,402,2024-08-16
477,P004,1,0,214,2025-04-21
184,P020,1,1,333,2025-05-07
291,P070,1,0,553,2024-09-03
307,P027,1,1,131,2025-03-30
523,P005,1,0,226,2025-06-09
415,P072,1,1,114,2024-01-07
174,P073,1,0,462,2025-06-16
165,P023,1,1,223,2024-08-25
447,P044,1,1,449,2024-05-19
210,P036,1,0,144,2024-08-21
523,P038,1,0,157,2025-03-03
255,P010,1,0,134,2024-09-21
426,P036,1,0,206,2024-01-06
286,P049,1,0,355,2025-03-24
332,P054,1,0,423,2024-04-20
424,P082,1,0,375,2024-05-07
349,P034,1,0,319,2024-06-25
164,P004,1,1,328,2024-08-28
416,P069,1,1,586,2024-07-23
458,P073,1,0,264,2024-04-12
323,P078,1,0,277,2025-02-03
322,P067,1,0,163,2025-02-05
441,P094,1,1,496,2024-10-25
481,P072,1,0,123,2024-04-15
329,P055,1,1,447,2024-04-27
176,P036,1,0,394,2024-11-29
503,P089,1,1,477,2025-01-22
318,P039,1,0,587,2024-06-10
571,P056,1,0,51,2024-07-06
382,P021,1,0,475,2024-10-31
311,P079,1,0,567,2024-07-06
271,P092,1,0,330,2025-04-24
295,P032,1,0,311,2025-04-08
443,P072,1,0,51,2024-02-18
156,P025,1,0,405,2025-06-07
227,P047,1,0,544,2024-03-20
221,P063,1,0,280,2024-06-26
550,P097,1,0,304,2025-03-05
483,P047,1,0,330,2024-06-11
135,P084,1,0,73,2024-12-11
515,P061,1,0,397,2025-05-21
333,P074,1,1,207,2024-02-14
514,P007,1,0,60,2024-07-15
120,P035,1,0,215,2024-02-19
572,P063,1,0,588,2024-01-19
470,P004,1,1,104,2024-05-13
567,P012,1,0,209,2024-07-03
227,P065,1,1,326,2024-03-04
539,P073,1,1,356,2025-01-14
274,P002,1,0,175,2025-05-12
163,P072,1,0,62,2025-01-28
203,P010,1,1,557,2025-01-10
246,P036,1,1,566,2024-02-25
322,P050,1,0,400,2024-10-04
462,P056,1,0,43,2025-03-07
266,P009,1,0,366,2024-03-28
168,P052,1,0,266,2025-05-02
531,P026,1,0,48,2024-10-06
185,P084,1,0,320,2024-05-02
287,P019,1,0,578,2025-04-05
325,P097,1,1,514,2024-03-01
493,P004,1,0,591,2025-06-26
275,P035,1,0,67,2025-02-20
427,P077,1,0,358,2025-05-01
305,P031,1,1,221,2025-06-11
542,P084,1,0,200,2024-07-17
555,P042,1,0,208,2024-08-07
321,P006,1,0,168,2024-01-06
206,P064,1,0,67,2024-05-12
427,P005,1,1,520,2024-02-02
329,P032,1,0,253,2025-02-09
315,P069,1,0,257,2024-04-02
323,P078,1,1,462,2025-03-21
109,P058,1,1,24,2024-10-02
560,P050,1,1,451,2024-01-23
123,P044,1,0,252,2024-03-07
399,P075,1,0,597,2024-07-11
241,P035,1,1,79,2025-02-02
144,P047,1,1,54,2024-07-10
505,P072,1,0,584,2024-06-04
314,P084,1,0,152,2024-11-28
273,P043,1,0,321,2024-04-19
418,P034,1,1,363,2024-02-14
367,P082,1,1,49,2025-03-20
297,P004,1,0,435,2024-08-26
237,P002,1,1,100,2025-01-24
550,P011,1,0,589,2024-08-11
164,P032,1,0,264,2025-01-21
203,P038,1,0,186,2025-06-30
116,P035,1,1,234,2024-07-12
192,P095,1,0,273,2024-10-11
237,P048,1,1,107,2025-02-18
255,P075,1,0,435,2024-04-08
505,P043,1,0,526,2025-02-23
383,P015,1,0,121,2025-01-05
312,P060,1,0,28,2025-05-13
454,P076,1,0,594,2024-04-07
325,P084,1,1,39,2025-03-09
109,P086,1,1,565,2024-04-11
172,P045,1,0,73,2025-02-06
116,P020,1,1,553,2024-06-18
587,P019,1,0,573,2025-03-24
135,P040,1,0,62,2025-02-23
350,P045,1,1,411,2024-12-03
117,P003,1,1,29,2024-07-05
532,P015,1,1,592,2025-04-06
418,P058,1,1,441,2024-11-06
508,P083,1,0,17,2024-11-13
454,P072,1,0,39,2024-03-25
307,P044,1,0,81,2024-05-25
259,P056,1,0,147,2024-12-06
312,P075,1,0,75,2024-05-24
534,P048,1,0,442,2024-05-18
357,P093,1,1,40,2024-06-28
296,P014,1,0,193,2024-06-04
517,P068,1,1,309,2025-05-26
247,P050,1,1,508,2025-06-17
277,P016,1,0,442,2025-06-24
138,P078,1,0,562,2024-01-23
429,P036,1,0,395,2024-08-25
565,P044,1,1,573,2024-02-09
520,P006,1,1,147,2025-04-05
589,P018,1,1,105,2025-04-02
153,P035,1,0,118,2024-05-17
156,P024,1,1,51,2024-12-20
368,P065,1,1,525,2024-10-25
135,P075,1,0,410,2024-06-21
293,P081,1,1,225,2024-04-02
497,P029,1,1,318,2024-09-18
318,P004,1,0,534,2024-03-11
469,P066,1,0,355,2024-05-11
156,P076,1,1,251,2024-12-16
184,P018,1,0,233,2024-05-04
588,P009,1,0,199,2024-08-18
141,P011,1,0,328,2025-05-09
519,P075,1,1,472,2024-01-09
232,P080,1,1,595,2025-06-30
440,P066,1,1,243,2024-03-21
505,P091,1,0,27,2025-01-22
439,P005,1,0,245,2024-12-16
547,P040,1,0,180,2025-06-10
242,P045,1,1,88,2024-05-13
527,P077,1,1,587,2024-08-02
375,P059,1,1,544,2025-06-06
239,P026,1,0,13,2025-03-24
250,P074,1,0,279,2025-06-24
331,P054,1,0,192,2025-03-28
212,P001,1,0,180,2024-02-23
527,P097,1,0,555,2025-05-12
132,P100,1,0,567,2024-07-20
176,P097,1,1,161,2024-10-05
129,P011,1,0,396,2024-06-25
532,P066,1,0,99,2025-03-01
377,P005,1,0,257,2024-06-24
569,P067,1,0,598,2025-04-19
553,P047,1,1,42,2025-04-10
352,P020,1,0,525,2024-01-19
321,P054,1,0,67,2024-12-08
318,P047,1,0,248,2024-10-13
600,P003,1,0,163,2025-03-21
450,P064,1,0,431,2024-03-11
333,P018,1,0,465,2024-11-21
220,P087,1,1,589,2024-12-04
233,P027,1,1,105,2025-03-14
149,P010,1,1,426,2025-06-13
157,P036,1,1,186,2024-04-28
360,P048,1,1,194,2024-09-04
127,P004,1,0,291,2024-05-28
181,P075,1,0,432,2025-04-24
306,P081,1,0,427,2025-02-24
498,P016,1,0,558,2025-01-16
338,P005,1,1,60,2024-04-05
526,P003,1,1,170,2024-03-02
577,P061,1,0,463,2025-03-23
306,P042,1,0,494,2024-04-28
412,P044,1,0,504,2024-06-18
391,P006,1,0,281,2024-03-11
435,P030,1,1,438,2024-11-17
137,P060,1,0,518,2024-08-23
433,P062,1,0,506,2024-06-23
277,P076,1,1,39,2025-02-11
583,P025,1,0,234,2024-05-03
181,P099,1,0,378,2024-03-17
440,P006,1,0,120,2024-06-27
420,P076,1,1,196,2024-10-06
368,P056,1,0,233,2024-03-26
150,P001,1,0,344,2025-06-16
114,P059,1,0,97,2024-02-28
558,P076,1,0,180,2024-02-29
580,P088,1,0,359,2024-08-23
362,P061,1,1,378,2025-01-20
216,P067,1,1,319,2024-11-25
228,P042,1,1,292,2025-02-04
380,P015,1,1,437,2025-01-28
189,P025,1,1,58,2024-01-10
198,P057,1,0,410,2024-07-20
339,P100,1,1,362,2025-05-04
578,P097,1,0,540,2024-03-12
270,P009,1,1,561,2024-01-13
582,P094,1,0,516,2024-08-19
210,P099,1,0,549,2024-07-08
311,P009,1,0,320,2025-02-10
236,P100,1,0,383,2025-04-03
280,P029,1,0,73,2024-02-14
579,P018,1,0,448,2025-03-30
259,P024,1,0,336,2025-03-31
579,P010,1,0,545,2024-03-05
191,P048,1,0,144,2024-04-10
448,P052,1,0,217,2025-05-22
391,P033,1,0,472,2024-09-14
105,P009,1,1,351,2025-02-26
520,P054,1,1,299,2024-06-24
328,P021,1,0,272,2024-12-04
535,P100,1,0,552,2024-07-12
530,P093,1,0,290,2024-01-30
517,P018,1,0,43,2025-06-17
477,P075,1,1,84,2024-05-19
183,P096,1,1,298,2024-07-18
416,P057,1,0,330,2024-02-07
155,P007,1,0,262,2024-11-01
160,P040,1,1,143,2024-02-27
132,P073,1,0,51,2024-05-04
327,P062,1,1,276,2024-04-09
391,P023,1,1,217,2024-05-23
252,P073,1,0,109,2024-04-24
104,P076,1,1,446,2025-04-07
116,P088,1,0,313,2024-03-06
138,P097,1,0,238,2024-11-01
470,P059,1,1,580,2025-04-08
338,P054,1,0,493,2024-10-06
482,P050,1,0,223,2024-01-03
456,P060,1,0,130,2025-05-12
532,P071,1,0,85,2024-05-19
348,P078,1,0,66,2025-02-18
480,P066,1,1,269,2025-02-06
249,P023,1,1,521,2024-09-10
255,P047,1,1,462,2025-01-31
198,P087,1,0,535,2025-04-15
199,P013,1,0,97,2024-08-08
288,P037,1,1,194,2024-11-17
388,P049,1,0,290,2024-11-23
309,P038,1,0,239,2024-05-02
206,P021,1,1,123,2025-01-17
578,P050,1,0,217,2025-03-06
357,P024,1,0,251,2024-05-28
419,P091,1,0,308,2025-03-16
102,P067,1,0,405,2025-03-28
600,P039,1,0,491,2024-05-16
248,P100,1,1,56,2024-04-21
364,P062,1,1,504,2024-04-14
501,P063,1,1,32,2024-09-17
386,P011,1,0,173,2025-05-16
332,P090,1,0,84,2025-01-02
477,P021,1,0,339,2024-01-15
339,P082,1,1,219,2025-03-11
143,P031,1,0,46,2024-11-07
130,P051,1,0,176,2024-06-23
200,P050,1,0,528,2024-04-07
429,P092,1,1,477,2024-03-22
510,P014,1,0,227,2024-01-27
344,P030,1,0,406,2024-04-02
509,P097,1,1,424,2025-04-13
560,P015,1,1,460,2025-03-17
503,P077,1,0,546,2024-03-09
295,P023,1,0,398,2025-05-16
149,P097,1,0,75,2025-03-19
508,P070,1,0,426,2025-01-07
398,P064,1,0,65,2025-03-31
211,P021,1,0,151,2025-04-07
138,P086,1,1,153,2024-03-28
516,P046,1,0,464,2024-01-20
411,P052,1,0,479,2024-08-12
156,P055,1,0,218,2024-09-15
594,P073,1,1,163,2024-09-22
174,P056,1,0,542,2025-02-28
477,P012,1,0,522,2024-10-13
105,P042,1,0,564,2024-12-22
574,P084,1,0,141,2024-01-18
309,P014,1,0,396,2025-06-08
519,P061,1,0,491,2024-01-13
155,P035,1,0,524,2025-04-12
348,P013,1,1,385,2025-06-22
432,P078,1,1,138,2025-05-19
385,P013,1,1,158,2025-01-01
406,P065,1,0,230,2024-03-19
403,P063,1,1,229,2025-03-05
357,P054,1,0,172,2024-04-30
262,P009,1,0,146,2025-02-04
135,P001,1,1,77,2024-05-18
371,P092,1,0,500,2025-05-13
262,P049,1,1,369,2024-07-14
411,P073,1,1,227,2025-05-17
320,P092,1,1,488,2024-08-21
581,P021,1,0,324,2024-06-14
324,P085,1,0,470,2025-03-29
209,P004,1,0,278,2024-05-16
520,P026,1,0,150,2025-05-12
446,P079,1,1,284,2024-09-02
245,P005,1,0,84,2025-02-19
173,P099,1,1,506,2025-02-14
324,P034,1,0,551,2024-11-10
368,P056,1,0,332,2025-01-28
229,P016,1,0,91,2024-01-24
306,P052,1,0,55,2024-06-06
414,P090,1,0,156,2024-11-06
271,P016,1,0,373,2025-02-24
104,P077,1,1,63,2024-03-18
437,P034,1,1,24,2025-02-15
384,P010,1,0,449,2024-12-12
544,P076,1,1,383,2024-01-02
593,P027,1,1,418,2024-08-10
450,P019,1,0,185,2024-08-20
344,P042,1,0,353,2024-10-27
208,P020,1,0,439,2024-01-11
599,P021,1,0,583,2024-10-07
560,P050,1,1,196,2024-10-17
540,P008,1,0,539,2024-07-28
588,P058,1,0,275,2024-12-31
369,P062,1,1,65,2024-05-27
210,P097,1,0,492,2024-03-07
123,P096,1,0,395,2024-11-09
122,P095,1,0,432,2025-04-05
583,P040,1,0,391,2025-06-21
298,P064,1,1,335,2024-05-14
247,P093,1,0,559,2025-05-22
460,P035,1,0,333,2025-01-13
559,P003,1,0,349,2025-05-18
598,P054,1,0,323,2025-01-20
421,P032,1,1,197,2024-04-08
256,P072,1,0,593,2025-02-07
260,P022,1,0,73,2024-10-16
493,P026,1,0,384,2024-10-24
482,P042,1,0,86,2025-03-12
126,P007,1,1,191,2024-05-21
178,P055,1,1,348,2025-03-08
353,P077,1,1,170,2025-03-06
293,P018,1,0,244,2024-10-11
562,P092,1,1,109,2025-04-19
504,P070,1,1,76,2024-11-05
368,P087,1,1,53,2025-02-02
285,P094,1,1,581,2025-01-26
153,P039,1,0,165,2024-04-29
455,P010,1,1,237,2025-01-25
376,P060,1,0,500,2024-10-08
147,P022,1,0,530,2025-04-29
320,P063,1,0,266,2024-09-30
258,P061,1,0,561,2025-01-31
390,P038,1,1,75,2024-08-20
559,P078,1,0,270,2024-02-07
377,P007,1,1,427,2024-05-23
466,P094,1,1,247,2024-11-21
473,P090,1,0,503,2024-04-13
245,P024,1,0,42,2024-08-11
574,P011,1,1,95,2024-07-06
576,P091,1,0,164,2024-12-09
503,P084,1,1,353,2024-08-22
587,P043,1,0,147,2024-10-22
162,P022,1,0,434,2025-02-16
457,P023,1,1,56,2025-03-11
388,P042,1,0,432,2024-02-14
532,P097,1,1,13,2024-06-04
364,P071,1,0,321,2024-03-11
136,P010,1,1,131,2024-05-14
115,P012,1,0,44,2024-06-07
501,P049,1,0,353,2025-01-13
547,P033,1,1,164,2025-04-19
575,P089,1,0,103,2024-10-06
134,P007,1,0,376,2024-05-19
548,P067,1,1,493,2025-02-20
249,P094,1,0,529,2025-06-07
111,P080,1,0,268,2024-11-24
180,P049,1,0,353,2024-04-21
597,P095,1,1,523,2025-01-12
526,P038,1,1,403,2024-10-10
149,P026,1,0,158,2024-04-19
155,P017,1,0,223,2024-03-20
256,P034,1,1,556,2025-02-19
585,P030,1,0,443,2025-05-31
117,P023,1,1,335,2025-01-11
238,P070,1,0,587,2025-04-02
269,P024,1,0,364,2025-05-15
120,P008,1,0,430,2024-05-22
369,P090,1,0,300,2024-07-16
551,P019,1,1,43,2024-03-31
462,P012,1,0,54,2025-02-24
192,P079,1,1,262,2024-11-30
473,P096,1,1,454,2024-04-03
200,P049,1,0,342,2024-04-14
105,P099,1,0,218,2025-05-22
233,P081,1,1,595,2024-05-31
164,P020,1,0,439,2025-06-08
499,P050,1,0,60,2025-05-23
339,P088,1,0,467,2024-04-05
286,P047,1,0,404,2024-05-21
454,P025,1,1,300,2025-05-23
314,P040,1,0,74,2024-10-15
528,P044,1,0,532,2025-01-18
418,P090,1,1,17,2024-12-10
162,P078,1,1,573,2024-01-30
401,P041,1,1,72,2025-01-01
293,P003,1,0,141,2025-02-03
530,P052,1,0,358,2024-04-09
129,P030,1,0,382,2024-09-11
113,P066,1,0,44,2024-09-01
217,P001,1,0,292,2025-02-24
348,P062,1,0,440,2025-04-01
475,P001,1,0,310,2024-04-01
129,P066,1,0,77,2024-01-08
341,P084,1,0,586,2025-03-20
354,P022,1,0,300,2025-06-23
274,P045,1,0,359,2025-04-03
119,P026,1,0,217,2024-10-16
507,P074,1,0,459,2024-03-19
440,P007,1,0,248,2024-12-16
519,P064,1,1,51,2024-12-08
552,P069,1,0,234,2024-11-11
529,P076,1,0,260,2025-05-14
246,P063,1,0,70,2025-03-15
207,P052,1,1,355,2024-08-01
389,P080,1,1,198,2025-06-03
305,P093,1,0,394,2024-08-26
229,P087,1,0,75,2025-01-07
171,P046,1,0,285,2024-04-13
433,P052,1,0,60,2025-03-17
587,P038,1,0,242,2024-01-27
277,P038,1,0,423,2025-03-11
290,P013,1,0,533,2024-05-24
298,P072,1,0,477,2024-05-24
274,P053,1,0,263,2024-02-07
132,P075,1,1,161,2024-06-07
243,P100,1,0,103,2025-04-30
343,P016,1,0,370,2024-07-15
320,P063,1,0,125,2025-05-10
507,P038,1,0,77,2024-04-16
276,P017,1,0,172,2025-03-19
482,P077,1,0,439,2024-01-08
396,P076,1,0,50,2025-04-26
198,P079,1,1,389,2025-01-07
152,P030,1,0,34,2024-09-03
423,P073,1,1,448,2025-06-16
581,P099,1,0,209,2024-12-06
405,P038,1,0,154,2024-08-18
105,P086,1,0,374,2025-01-22
489,P058,1,0,330,2024-09-12
339,P093,1,0,46,2025-02-08
230,P020,1,0,385,2025-02-27
207,P066,1,0,79,2025-03-21
115,P026,1,0,168,2024-03-06
498,P080,1,0,317,2024-09-28
168,P095,1,0,564,2024-03-21
260,P043,1,0,68,2024-09-07
171,P062,1,1,288,2024-04-15
276,P033,1,0,267,2024-07-06
180,P047,1,0,591,2024-05-22
547,P018,1,0,85,2024-07-06
600,P081,1,0,491,2024-11-05
241,P011,1,1,118,2024-10-27
446,P067,1,0,177,2025-05-13
361,P025,1,0,526,2024-10-19
266,P025,1,1,128,2024-06-18
492,P074,1,1,137,2025-03-20
323,P008,1,0,22,2024-01-29
478,P075,1,1,240,2025-03-09
378,P094,1,0,52,2024-03-08
341,P019,1,0,386,2024-03-29
373,P034,1,1,487,2024-10-16
233,P006,1,0,71,2024-11-21
230,P088,1,0,102,2024-06-14
166,P021,1,1,437,2024-11-02
399,P024,1,0,169,2025-03-28
185,P039,1,1,325,2025-01-02
548,P005,1,0,525,2024-08-01
256,P062,1,0,296,2024-11-24
194,P091,1,0,164,2024-11-22
203,P094,1,0,496,2024-10-30
498,P024,1,0,431,2025-03-28
133,P049,1,0,571,2024-09-18
224,P098,1,0,134,2024-10-20
284,P037,1,1,424,2024-05-17
300,P006,1,0,361,2024-08-22
358,P047,1,0,368,2025-05-27
274,P074,1,1,110,2025-06-26
390,P098,1,0,235,2024-10-01
342,P059,1,1,268,2024-10-07
482,P079,1,1,367,2024-12-08
209,P091,1,1,117,2024-05-06
486,P009,1,0,65,2025-06-29
520,P027,1,0,93,2024-07-09
154,P099,1,0,113,2025-04-08
315,P018,1,0,103,2025-04-11
206,P087,1,0,40,2024-05-31
507,P082,1,1,539,2024-09-11
212,P013,1,0,457,2024-11-29
578,P019,1,1,522,2024-04-07
101,P008,1,0,300,2025-05-05
139,P002,1,0,271,2025-06-19
250,P005,1,0,261,2024-02-24
130,P070,1,0,428,2025-02-24
270,P067,1,1,89,2024-11-18
535,P027,1,1,264,2025-01-22
180,P019,1,0,256,2024-08-03
298,P036,1,0,596,2024-12-23
237,P073,1,1,328,2025-03-17
575,P047,1,1,586,2024-05-26
108,P047,1,0,545,2025-06-20
286,P007,1,0,227,2024-06-02
289,P060,1,1,99,2025-02-22
195,P085,1,1,68,2025-05-07
561,P062,1,0,435,2024-05-11
287,P024,1,0,142,2024-02-10
409,P079,1,1,424,2025-03-03
175,P058,1,0,358,2024-02-04
350,P002,1,0,148,2024-02-08
107,P071,1,0,56,2025-05-02
288,P067,1,1,174,2024-05-13
175,P062,1,0,329,2025-06-08
265,P076,1,1,239,2024-03-05
354,P066,1,0,527,2025-04-27
359,P085,1,0,220,2024-10-06
128,P045,1,0,563,2025-02-09
567,P062,1,1,423,2025-03-25
334,P002,1,1,202,2025-05-07
556,P081,1,0,462,2025-02-18
580,P061,1,0,578,2024-02-10
204,P053,1,0,135,2024-09-13
451,P052,1,1,388,2024-02-03
146,P024,1,0,354,2025-05-09
370,P019,1,0,211,2024-10-05
599,P079,1,1,482,2024-02-07
574,P070,1,0,323,2024-02-19
323,P020,1,0,154,2025-01-12
447,P030,1,0,329,2024-11-12
138,P035,1,1,495,2025-05-16
326,P082,1,0,356,2024-10-09
163,P065,1,1,242,2025-01-23
364,P097,1,1,15,2025-06-22
572,P068,1,1,73,2024-07-16
186,P003,1,0,409,2024-10-18
250,P093,1,1,76,2025-05-02
526,P046,1,0,142,2024-12-09
528,P091,1,0,77,2024-07-05
492,P045,1,0,151,2024-11-24
115,P004,1,0,62,2025-04-22
573,P026,1,1,497,2025-02-23
126,P085,1,0,491,2025-06-14
343,P008,1,0,265,2024-05-16
553,P015,1,1,356,2025-05-27
496,P027,1,1,423,2024-08-01
121,P026,1,1,138,2025-06-07
523,P045,1,1,449,2025-04-21
239,P029,1,1,403,2024-01-24
250,P065,1,1,553,2025-06-17
221,P031,1,0,150,2024-04-26
578,P057,1,1,334,2024-01-07
322,P006,1,1,310,2025-04-20
587,P009,1,1,533,2025-06-13
107,P087,1,1,409,2024-12-19
137,P030,1,0,134,2024-10-09
184,P073,1,0,468,2024-07-24
499,P002,1,0,268,2025-02-04
510,P071,1,1,408,2024-07-28
376,P049,1,0,408,2024-03-19
132,P096,1,0,571,2024-04-11
188,P058,1,0,273,2024-05-05
342,P055,1,0,337,2025-06-08
557,P079,1,1,531,2024-05-13
213,P077,1,0,429,2024-05-28
348,P005,1,0,113,2024-10-18
590,P083,1,0,544,2025-01-06
314,P017,1,0,252,2024-07-30
373,P087,1,0,122,2025-02-15
356,P023,1,1,58,2024-02-05
221,P058,1,0,324,2025-05-18
545,P008,1,1,270,2024-05-01
472,P079,1,0,98,2024-07-19
127,P063,1,0,345,2025-01-10
176,P077,1,0,18,2024-07-21
280,P079,1,0,30,2025-01-10
566,P062,1,1,44,2024-07-20
398,P088,1,0,168,2025-03-01
224,P093,1,0,220,2024-02-25
355,P065,1,0,518,2024-03-08
531,P083,1,0,276,2024-05-31
473,P078,1,0,422,2024-04-13
176,P081,1,0,510,2024-05-05
533,P089,1,0,203,2024-07-13
501,P016,1,1,441,2024-01-30
523,P026,1,0,562,2024-07-08
448,P097,1,1,390,2025-02-16
224,P087,1,0,99,2024-10-25
564,P003,1,0,106,2024-12-24
208,P007,1,1,25,2024-10-16
129,P021,1,0,432,2024-03-14
339,P063,1,1,113,2024-06-21
524,P089,1,1,265,2024-09-08
168,P029,1,0,392,2024-09-19
171,P085,1,0,220,2024-03-28
483,P062,1,1,521,2025-06-13
157,P050,1,0,124,2024-10-07
589,P021,1,0,435,2025-01-06
434,P056,1,0,458,2024-01-23
345,P055,1,0,79,2024-09-17
552,P016,1,0,233,2024-11-16
129,P087,1,0,75,2024-10-17
196,P011,1,0,396,2024-05-03
163,P034,1,0,57,2025-02-03
591,P037,1,0,355,2025-05-30
196,P001,1,0,596,2024-09-17
488,P009,1,1,140,2024-10-03
230,P046,1,0,394,2024-04-09
406,P040,1,0,350,2024-09-10
501,P060,1,0,165,2024-08-11
482,P066,1,1,492,2025-06-14
521,P031,1,0,238,2024-06-22
486,P095,1,0,399,2025-03-27
326,P004,1,1,574,2025-01-14
205,P039,1,0,372,2024-03-08
355,P008,1,0,206,2024-11-20
357,P069,1,0,170,2024-05-03
292,P048,1,0,147,2024-09-27
387,P074,1,1,265,2024-01-02
549,P097,1,1,493,2024-05-06
205,P002,1,0,423,2024-04-03
548,P072,1,1,37,2024-11-12
495,P097,1,0,116,2024-07-04
555,P009,1,1,143,2025-01-29
163,P007,1,1,14,2025-03-11
454,P016,1,0,150,2025-02-03
342,P035,1,0,490,2025-03-25
362,P004,1,0,301,2024-07-18
154,P056,1,0,230,2024-11-07
379,P031,1,0,381,2025-03-28
260,P074,1,0,564,2024-12-15
326,P039,1,0,95,2025-05-17
327,P014,1,0,352,2025-02-23
250,P067,1,1,395,2024-09-15
221,P020,1,0,278,2025-02-05
401,P050,1,0,119,2025-06-30
582,P082,1,0,343,2025-06-29
405,P079,1,0,11,2024-07-20
461,P083,1,1,173,2025-02-01
204,P033,1,0,63,2024-06-02
321,P021,1,0,299,2025-06-08
170,P033,1,0,124,2024-12-21
175,P009,1,0,222,2024-04-22
126,P009,1,1,544,2025-03-31
223,P095,1,0,197,2024-10-18
505,P062,1,0,360,2024-06-15
275,P072,1,1,418,2025-05-01
551,P030,1,1,71,2024-07-13
153,P097,1,0,592,2025-04-01
499,P023,1,1,114,2025-06-06
290,P083,1,1,266,2024-02-08
335,P031,1,0,244,2024-03-25
393,P003,1,1,572,2024-12-29
422,P058,1,1,227,2024-10-09
302,P080,1,1,455,2025-04-17
274,P088,1,1,495,2024-03-03
148,P043,1,1,303,2024-06-04
556,P086,1,0,514,2024-02-10
418,P093,1,0,393,2025-05-02
334,P084,1,0,45,2024-02-18
469,P042,1,1,249,2025-02-28
499,P071,1,1,63,2025-03-18
240,P029,1,0,261,2024-06-29
117,P014,1,1,490,2025-05-15
312,P058,1,1,91,2024-06-16
548,P074,1,0,268,2024-03-19
557,P009,1,0,236,2024-01-03
596,P079,1,0,163,2025-05-20
472,P008,1,0,208,2025-01-29
305,P023,1,0,429,2024-06-03
355,P017,1,0,295,2025-04-10
577,P002,1,1,449,2025-04-26
234,P047,1,0,474,2024-03-07
322,P019,1,0,168,2024-12-31
169,P056,1,1,365,2025-01-08
271,P089,1,1,464,2024-12-12
578,P057,1,0,536,2024-05-05
157,P021,1,0,47,2025-01-01
315,P042,1,1,334,2024-12-20
580,P032,1,0,268,2024-01-21
347,P093,1,0,213,2024-07-27
372,P059,1,0,470,2024-01-10
344,P084,1,0,229,2024-08-20
281,P080,1,1,190,2024-10-19
186,P025,1,1,316,2024-09-13
384,P017,1,0,164,2024-01-13
150,P096,1,0,74,2024-02-07
304,P026,1,0,547,2024-03-18
453,P016,1,1,451,2025-06-18
515,P076,1,0,566,2024-08-04
400,P088,1,1,361,2024-09-23
198,P036,1,1,351,2025-05-26
456,P089,1,0,146,2024-10-18
129,P028,1,1,279,2024-03-04
545,P048,1,1,552,2025-04-20
501,P001,1,0,104,2024-07-22
516,P015,1,1,482,2024-08-12
167,P030,1,1,206,2024-11-30
153,P073,1,0,63,2025-02-28
594,P018,1,0,262,2024-11-08
240,P004,1,1,382,2024-09-07
584,P071,1,1,567,2024-08-28
225,P026,1,0,466,2025-06-17
350,P027,1,1,245,2024-11-30
482,P068,1,0,344,2024-06-14
414,P081,1,1,553,2024-12-13
392,P096,1,1,79,2024-10-16
589,P067,1,1,22,2024-11-27
584,P079,1,0,78,2024-12-24
276,P053,1,0,290,2025-02-17
255,P018,1,0,483,2024-07-22
127,P005,1,0,255,2025-02-04
251,P060,1,0,294,2025-06-20
346,P008,1,0,153,2025-06-27
568,P081,1,0,287,2024-04-21
410,P019,1,1,308,2024-10-03
327,P055,1,0,210,2025-04-11
351,P099,1,1,596,2024-09-02
362,P003,1,0,469,2024-02-11
159,P032,1,0,213,2025-04-09
321,P002,1,0,121,2024-04-10
478,P064,1,1,588,2025-04-24
111,P043,1,0,468,2024-08-09
152,P003,1,1,63,2024-06-26
350,P096,1,0,243,2025-03-08
186,P024,1,0,386,2025-05-12
367,P037,1,0,587,2024-01-10
228,P020,1,0,147,2024-03-16
160,P029,1,1,529,2025-06-04
319,P079,1,1,79,2025-02-18
322,P004,1,0,24,2024-11-11
141,P089,1,1,339,2025-05-22
182,P099,1,0,100,2025-02-24
386,P044,1,1,529,2024-09-19
280,P090,1,0,409,2025-06-04
439,P010,1,1,49,2024-12-23
203,P094,1,0,19,2025-01-07
214,P038,1,0,302,2024-07-06
560,P082,1,0,52,2024-03-08
494,P007,1,0,247,2024-10-03
282,P052,1,0,83,2024-08-17
402,P086,1,0,490,2024-06-21
299,P059,1,0,340,2024-09-12
475,P029,1,1,394,2024-05-14
263,P094,1,1,588,2024-03-21
326,P071,1,0,196,2025-05-07
151,P041,1,0,152,2025-04-08
221,P062,1,1,175,2024-05-22
567,P053,1,0,550,2025-03-08
158,P060,1,0,399,2024-03-05
199,P097,1,1,204,2024-12-13
370,P014,1,0,529,2024-04-07
115,P100,1,0,167,2024-11-01
430,P042,1,0,202,2024-11-17
333,P083,1,1,226,2025-01-10
260,P023,1,0,129,2024-07-23
551,P084,1,1,356,2025-04-29
417,P051,1,0,327,2024-09-25
252,P003,1,0,346,2025-04-13
400,P073,1,0,571,2024-11-06
213,P011,1,0,185,2024-06-15
349,P091,1,1,96,2024-04-22
107,P087,1,0,322,2025-03-21
280,P044,1,0,425,2025-01-13
491,P031,1,0,193,2024-01-07
114,P055,1,1,424,2024-12-21
434,P021,1,0,170,2024-02-21
256,P018,1,0,305,2024-06-12
176,P036,1,0,19,2024-09-24
181,P067,1,0,523,2024-11-19
125,P010,1,0,423,2025-05-09
171,P038,1,0,30,2024-08-30
173,P093,1,0,32,2025-06-24
263,P095,1,1,573,2025-03-29
266,P019,1,0,593,2024-08-19
182,P050,1,1,314,2024-10-10
439,P049,1,0,234,2024-04-11
111,P017,1,1,128,2024-05-17
114,P073,1,0,456,2024-12-15
571,P067,1,0,377,2025-05-19
159,P083,1,1,491,2025-06-17
491,P055,1,0,23,2025-06-17
480,P077,1,0,478,2025-05-21
416,P025,1,0,579,2024-08-06
190,P073,1,0,542,2024-01-17
353,P034,1,0,421,2025-05-29
420,P002,1,0,468,2024-12-26
132,P013,1,0,499,2024-12-22
243,P058,1,0,43,2024-08-13
431,P010,1,0,537,2024-05-05
284,P059,1,0,447,2025-03-14
260,P093,1,0,437,2024-01-07
160,P023,1,0,29,2024-08-03
390,P003,1,1,134,2025-04-16
474,P008,1,1,324,2025-03-29
308,P044,1,1,350,2024-10-30
548,P037,1,0,582,2025-05-27
272,P002,1,0,512,2024-06-15
135,P074,1,0,37,2024-11-10
542,P012,1,1,27,2025-06-16
435,P039,1,1,145,2025-02-21
109,P092,1,1,301,2025-03-05
181,P008,1,1,521,2024-08-25
537,P071,1,0,235,2024-05-22
186,P013,1,0,410,2024-08-24
505,P038,1,0,507,2025-03-06
536,P065,1,0,368,2024-05-11
522,P032,1,1,107,2024-12-17
493,P037,1,0,324,2024-08-02
461,P022,1,1,374,2024-11-29
514,P058,1,0,330,2024-08-31
504,P068,1,0,381,2024-02-01
324,P045,1,1,268,2024-03-14
197,P074,1,0,492,2024-10-07
547,P033,1,0,140,2025-05-11
392,P017,1,1,12,2024-07-09
558,P097,1,0,200,2024-05-06
496,P019,1,0,473,2024-01-09
437,P030,1,0,151,2025-06-21
357,P069,1,1,495,2024-03-01
448,P024,1,1,454,2024-02-01
130,P082,1,0,152,2024-03-03
317,P098,1,0,41,2025-06-20
248,P014,1,0,405,2025-05-22
343,P088,1,1,483,2024-12-11
197,P018,1,0,572,2025-02-06
199,P086,1,1,505,2025-04-26
206,P052,1,1,312,2024-05-28
160,P057,1,1,352,2025-04-27
183,P022,1,1,29,2024-09-30
461,P090,1,0,415,2024-04-01
325,P095,1,0,201,2024-08-05
384,P007,1,1,558,2025-03-22
409,P012,1,1,94,2025-06-19
128,P074,1,1,116,2025-04-30
254,P041,1,0,144,2025-04-05
496,P041,1,1,213,2025-05-22
541,P002,1,0,267,2024-04-23
570,P005,1,0,215,2024-08-12
534,P050,1,0,584,2025-01-22
247,P011,1,0,411,2024-05-08
352,P061,1,1,60,2024-09-06
585,P071,1,1,248,2024-03-13
444,P029,1,1,447,2024-09-21
398,P003,1,0,452,2024-12-01
331,P010,1,0,550,2025-06-15
406,P063,1,0,236,2024-03-14
408,P004,1,0,49,2024-03-26
378,P045,1,0,288,2024-01-12
292,P097,1,0,275,2024-10-20
365,P063,1,0,235,2024-03-28
456,P064,1,0,505,2024-10-01
348,P038,1,1,32,2025-04-30
414,P024,1,0,155,2025-06-22
290,P026,1,0,505,2024-09-11
304,P019,1,0,35,2024-12-04
489,P057,1,0,164,2024-02-21
460,P060,1,0,405,2025-02-20
520,P078,1,0,135,2025-06-29
468,P047,1,1,357,2024-06-26
588,P091,1,1,113,2025-06-17
323,P019,1,0,237,2025-01-01
576,P050,1,0,280,2025-05-18
245,P024,1,0,270,2024-07-27
474,P038,1,1,68,2024-07-24
509,P033,1,0,405,2024-06-09
310,P029,1,0,270,2024-11-02
388,P027,1,0,267,2024-04-24
565,P003,1,0,325,2024-12-11
436,P068,1,1,409,2024-01-12
136,P077,1,0,474,2025-05-17
502,P022,1,1,408,2025-05-26
263,P083,1,0,423,2024-01-25
505,P063,1,0,327,2024-12-12
457,P089,1,1,480,2024-05-07
112,P060,1,0,479,2025-06-09
112,P053,1,0,341,2024-02-08
189,P055,1,0,497,2024-05-17
169,P026,1,0,277,2025-02-26
449,P038,1,0,57,2024-06-04
107,P058,1,0,376,2025-05-14
394,P056,1,0,476,2024-12-23
368,P011,1,1,221,2024-11-02
217,P099,1,0,287,2025-04-19
581,P057,1,1,399,2024-06-21
219,P051,1,1,592,2025-01-29
309,P087,1,0,467,2025-03-13
162,P024,1,0,277,2024-12-27
419,P064,1,0,429,2025-05-08
535,P093,1,1,268,2024-02-28
230,P080,1,0,41,2025-02-09
504,P083,1,1,180,2024-12-23
525,P011,1,1,137,2024-03-29
278,P085,1,0,449,2024-12-17
597,P023,1,1,154,2025-04-11
443,P072,1,0,204,2025-02-18
174,P034,1,1,572,2024-01-12
496,P091,1,0,453,2025-05-07
341,P078,1,0,213,2024-08-30
399,P044,1,1,65,2024-06-03
421,P060,1,1,405,2024-06-09
446,P050,1,0,120,2024-09-27
568,P012,1,0,334,2024-02-04
199,P089,1,1,471,2025-06-20
599,P041,1,0,316,2024-03-13
191,P003,1,0,85,2024-01-25
298,P064,1,0,245,2025-03-03
379,P041,1,0,251,2025-04-10
578,P099,1,1,327,2025-04-20
313,P016,1,0,352,2024-12-16
373,P094,1,0,499,2024-07-14
360,P039,1,0,13,2025-06-15
157,P010,1,0,375,2024-05-24
147,P022,1,0,31,2025-05-05
317,P093,1,0,503,2025-06-19
294,P090,1,0,554,2025-02-02
490,P049,1,0,371,2024-07-25
225,P067,1,0,476,2024-08-20
205,P016,1,0,459,2024-11-04
325,P052,1,0,207,2024-03-29
121,P061,1,0,478,2024-07-14
431,P048,1,0,251,2025-02-23
236,P011,1,0,326,2024-04-02
185,P062,1,0,501,2024-01-15
190,P059,1,0,68,2024-07-20
270,P021,1,0,83,2024-06-07
101,P080,1,1,474,2025-01-01
275,P040,1,1,419,2025-05-25
546,P092,1,0,20,2024-10-20
344,P046,1,1,570,2025-04-15
123,P013,1,0,541,2024-01-20
388,P059,1,0,206,2024-10-07
152,P016,1,0,210,2025-03-04
138,P005,1,0,19,2025-06-26
203,P007,1,0,390,2024-07-17
276,P097,1,1,151,2025-04-04
600,P072,1,0,56,2024-11-30
310,P005,1,1,555,2025-02-21
199,P072,1,1,305,2024-03-28
408,P050,1,0,567,2024-11-15
516,P014,1,1,277,2024-09-26
325,P037,1,0,39,2025-01-03
354,P075,1,0,264,2024-06-21
440,P094,1,0,565,2024-07-21
393,P042,1,0,435,2024-12-18
201,P068,1,1,247,2024-07-13
268,P049,1,0,283,2024-04-25
412,P045,1,0,487,2025-02-15
221,P013,1,1,193,2025-04-19
366,P049,1,1,582,2025-01-09
312,P066,1,0,592,2025-01-28
554,P089,1,0,217,2025-04-21
453,P077,1,1,381,2025-01-27
374,P067,1,0,540,2024-11-26
479,P089,1,1,427,2025-03-22
279,P019,1,0,400,2024-08-11
453,P082,1,1,321,2025-06-22
344,P071,1,0,285,2025-06-17
113,P016,1,0,347,2024-04-29
433,P012,1,1,301,2024-05-22
439,P096,1,0,321,2024-05-06
480,P001,1,0,159,2024-02-21
288,P069,1,0,339,2024-11-26
426,P061,1,1,545,2024-01-22
457,P069,1,0,364,2024-05-17
293,P023,1,1,468,2024-09-07
589,P086,1,1,194,2025-03-28
303,P003,1,0,476,2024-02-06
304,P019,1,0,14,2024-03-23
548,P086,1,0,181,2025-02-17
598,P013,1,0,561,2024-03-03
412,P042,1,0,71,2025-01-20
432,P074,1,1,253,2024-07-04
226,P018,1,1,208,2025-03-17
352,P089,1,0,419,2024-12-14
452,P033,1,1,58,2024-03-24
485,P073,1,1,498,2024-08-07
162,P009,1,0,184,2024-01-24
533,P094,1,0,485,2024-06-22
192,P015,1,0,257,2024-03-09
351,P038,1,1,107,2024-08-16
381,P073,1,0,471,2024-09-05
215,P036,1,0,353,2025-02-08
226,P041,1,0,457,2024-07-08
228,P018,1,0,449,2024-05-22
232,P020,1,1,444,2025-01-20
520,P029,1,1,27,2025-04-04
242,P017,1,1,404,2025-03-09
205,P027,1,1,96,2024-06-27
176,P068,1,0,19,2024-07-08
522,P029,1,1,493,2024-02-26
424,P100,1,1,429,2024-01-22
420,P100,1,1,210,2024-03-14
247,P009,1,0,261,2024-09-11
300,P015,1,0,249,2024-08-10
204,P071,1,0,571,2024-09-20
276,P081,1,0,462,2024-12-25
520,P011,1,1,354,2024-06-10
224,P099,1,1,359,2025-03-25
178,P045,1,0,401,2025-04-12
465,P010,1,0,155,2024-05-16
544,P088,1,0,471,2024-01-17
397,P003,1,0,117,2024-09-02
259,P051,1,0,308,2024-08-20
410,P002,1,1,95,2024-12-02
447,P030,1,0,353,2024-08-17
530,P025,1,1,146,2025-03-09
285,P006,1,1,23,2024-04-30
190,P068,1,0,527,2024-11-11
434,P069,1,1,237,2025-01-31
254,P043,1,1,73,2024-09-09
548,P087,1,0,68,2025-01-31
339,P074,1,1,79,2024-07-26
246,P053,1,1,50,2025-01-25
422,P004,1,0,365,2025-02-09
134,P019,1,0,514,2024-11-14
342,P018,1,0,506,2024-07-03
209,P039,1,0,454,2025-03-26
355,P020,1,0,356,2024-07-22
381,P054,1,0,572,2025-05-12
463,P008,1,0,223,2024-11-02
432,P017,1,0,560,2024-01-17
473,P097,1,1,219,2024-04-21
304,P078,1,1,148,2024-07-23
469,P064,1,1,390,2024-09-07
597,P092,1,0,146,2024-01-30
269,P053,1,0,524,2024-01-24
593,P059,1,0,377,2024-06-24
303,P058,1,0,407,2024-12-27
552,P023,1,1,562,2024-01-08
292,P032,1,1,49,2024-07-18
304,P016,1,0,26,2024-10-02
421,P056,1,1,30,2024-12-06
156,P001,1,0,109,2024-12-15
102,P006,1,1,581,2025-04-25
187,P051,1,0,438,2024-05-26
331,P014,1,0,476,2024-12-25
510,P017,1,0,379,2024-09-07
573,P098,1,1,351,2024-09-26
141,P048,1,0,171,2024-08-28
397,P064,1,0,199,2024-09-14
508,P060,1,0,162,2024-11-29
377,P076,1,0,333,2025-05-18
487,P040,1,0,343,2024-04-01
395,P069,1,0,443,2025-01-18
294,P028,1,1,122,2025-02-09
116,P027,1,0,584,2025-06-07
402,P034,1,1,557,2025-05-10
386,P079,1,0,117,2025-05-20
165,P056,1,0,374,2024-05-16
366,P071,1,0,524,2024-01-11
448,P088,1,1,174,2024-08-07
150,P040,1,0,49,2024-06-04
279,P020,1,0,21,2024-05-09
498,P074,1,1,539,2024-02-01
249,P021,1,1,434,2024-02-16
378,P062,1,1,187,2024-11-19
222,P034,1,0,517,2024-01-01
401,P075,1,0,526,2024-12-03
433,P005,1,0,82,2025-01-27
135,P032,1,0,164,2024-05-04
336,P068,1,1,557,2025-06-16
445,P092,1,1,98,2025-03-20
431,P024,1,0,442,2025-02-16
414,P066,1,0,284,2024-05-23
183,P031,1,0,552,2024-10-21
256,P040,1,0,80,2024-04-03
336,P073,1,1,334,2024-11-05
405,P094,1,0,479,2024-03-09
449,P011,1,0,20,2024-10-28
416,P033,1,1,326,2024-03-13
287,P025,1,0,134,2024-09-20
272,P010,1,1,564,2024-08-11
138,P030,1,0,106,2025-06-23
157,P090,1,0,494,2024-02-10
255,P075,1,0,378,2025-02-06
528,P014,1,0,69,2025-05-13
166,P056,1,0,487,2025-01-24
363,P088,1,0,82,2025-03-07
550,P038,1,1,68,2025-03-11
248,P005,1,0,354,2024-10-21
590,P038,1,0,115,2024-05-17
358,P022,1,0,153,2024-09-24
507,P021,1,1,567,2024-03-18
157,P055,1,0,300,2025-05-02
184,P086,1,0,547,2024-09-09
508,P020,1,0,339,2025-05-22
254,P090,1,1,384,2024-04-21
486,P029,1,0,521,2024-12-26
398,P075,1,0,238,2024-09-18
288,P071,1,0,222,2025-06-29
146,P065,1,0,124,2025-02-10
403,P033,1,0,459,2024-12-18
322,P072,1,1,149,2024-07-05
259,P083,1,0,426,2025-06-15
117,P061,1,0,347,2025-04-25
440,P074,1,0,375,2024-03-15
198,P012,1,0,295,2025-03-04
197,P055,1,0,442,2024-06-03
154,P028,1,1,454,2024-01-13
322,P019,1,1,301,2024-10-09
579,P035,1,0,197,2025-05-25
170,P040,1,0,340,2025-05-13
300,P077,1,1,557,2025-05-26
261,P009,1,0,302,2025-06-25
404,P032,1,1,217,2024-08-15
304,P097,1,0,589,2025-03-17
116,P009,1,0,288,2025-05-19
159,P047,1,1,597,2025-04-14
354,P085,1,0,599,2024-09-21
575,P081,1,0,346,2025-01-07
457,P079,1,0,90,2024-09-26
120,P079,1,0,474,2024-11-12
144,P066,1,0,115,2024-05-25
571,P049,1,0,39,2024-11-29
535,P032,1,0,148,2024-08-14
532,P023,1,0,483,2025-02-19
401,P090,1,0,205,2024-03-01
267,P059,1,0,132,2025-06-06
321,P036,1,0,236,2024-05-12
437,P056,1,0,421,2024-03-19
340,P033,1,1,588,2024-08-15
428,P091,1,1,294,2024-12-19
430,P021,1,0,467,2024-04-12
365,P002,1,0,331,2024-09-27
540,P063,1,0,66,2025-03-01
575,P097,1,1,551,2025-05-11
593,P031,1,1,14,2024-05-23
516,P073,1,0,142,2024-01-26
518,P045,1,1,428,2024-09-09
220,P051,1,0,59,2025-04-08
309,P019,1,1,174,2025-03-29
144,P085,1,0,581,2024-06-29
574,P097,1,0,260,2024-05-05
111,P094,1,1,425,2025-04-11
565,P023,1,0,316,2024-02-17
326,P064,1,1,268,2025-06-26
470,P097,1,0,435,2025-06-03
178,P002,1,0,231,2024-06-16
530,P067,1,0,148,2025-04-17
349,P028,1,0,476,2025-04-19
252,P087,1,0,502,2024-09-28
197,P062,1,1,581,2025-04-26
182,P035,1,0,482,2024-12-23
357,P011,1,0,35,2025-01-26
268,P008,1,1,349,2024-01-09
524,P093,1,1,388,2024-08-07
156,P055,1,0,461,2024-02-18
292,P079,1,1,279,2025-04-22
274,P025,1,1,286,2024-02-06
348,P083,1,1,231,2024-07-03
376,P082,1,0,363,2025-01-20
523,P070,1,1,597,2024-08-28
174,P018,1,1,76,2025-05-06
145,P005,1,1,201,2024-05-26
580,P070,1,0,589,2024-10-01
129,P028,1,0,273,2025-05-06
335,P046,1,1,263,2024-08-04
297,P057,1,1,247,2024-12-31
364,P071,1,0,359,2024-10-07
398,P005,1,1,567,2025-02-23
350,P082,1,1,106,2024-08-02
358,P087,1,0,247,2024-04-17
545,P091,1,1,111,2025-02-21
515,P092,1,0,416,2024-10-14
332,P041,1,1,543,2024-09-12
555,P032,1,0,396,2025-01-23
227,P067,1,1,180,2025-06-06
185,P024,1,0,19,2025-02-12
578,P087,1,1,493,2025-05-26
334,P063,1,0,43,2025-06-29
517,P040,1,0,527,2024-11-16
565,P008,1,0,458,2024-02-09
426,P018,1,0,452,2024-04-01
445,P007,1,1,275,2025-03-08
502,P030,1,0,260,2024-05-24
481,P003,1,0,362,2024-11-02
293,P010,1,0,84,2024-09-19
475,P076,1,0,189,2024-07-05
375,P084,1,1,434,2025-04-02
197,P014,1,1,276,2024-05-03
529,P082,1,1,600,2024-09-19
518,P074,1,0,435,2024-11-22
448,P014,1,0,554,2024-12-05
459,P065,1,0,191,2024-01-07
193,P084,1,0,104,2024-11-27
424,P100,1,1,180,2024-04-13
442,P090,1,1,569,2024-01-14
392,P053,1,0,169,2024-11-13
574,P079,1,0,73,2024-04-24
382,P093,1,0,246,2024-11-28
476,P093,1,1,495,2024-08-17
107,P099,1,1,543,2024-02-25
310,P041,1,0,159,2025-05-09
552,P025,1,1,58,2024-04-15
314,P090,1,0,575,2024-11-10
536,P047,1,0,208,2024-07-05
450,P033,1,0,305,2024-01-08
478,P047,1,0,452,2024-01-01
305,P042,1,0,528,2024-04-12
486,P042,1,0,18,2025-06-17
597,P100,1,0,171,2024-04-08
331,P091,1,0,196,2025-03-23
167,P020,1,1,200,2024-08-20
470,P087,1,0,432,2025-05-07
155,P070,1,0,288,2025-03-02
139,P085,1,0,204,2024-05-23
332,P039,1,0,35,2025-03-30
302,P093,1,1,403,2025-04-01
535,P084,1,0,15,2024-01-14
151,P082,1,1,317,2025-04-20
510,P086,1,1,446,2025-01-29
400,P077,1,1,384,2024-07-14
277,P074,1,0,34,2025-03-30
592,P012,1,0,290,2024-02-24
382,P033,1,1,496,2025-01-26
284,P090,1,0,39,2024-12-21
296,P023,1,0,314,2025-04-09
164,P069,1,0,202,2025-06-12
371,P010,1,1,307,2024-09-02
334,P014,1,0,303,2024-11-20
430,P067,1,0,398,2024-03-02
403,P052,1,1,46,2024-01-27
473,P059,1,0,66,2025-04-15
455,P100,1,1,474,2024-12-10
499,P019,1,0,85,2025-04-11
360,P002,1,0,429,2025-05-20
328,P039,1,1,81,2025-06-07
397,P026,1,0,78,2025-02-12
204,P089,1,1,451,2025-05-29
589,P035,1,0,444,2024-09-04
575,P028,1,0,93,2024-04-06
600,P031,1,0,358,2025-03-21
287,P059,1,0,486,2024-05-28
382,P064,1,1,125,2025-05-31
505,P033,1,1,127,2024-11-07
538,P060,1,0,199,2024-08-30
361,P005,1,0,412,2025-05-15
130,P077,1,0,426,2024-03-12
386,P055,1,0,505,2024-03-30
550,P096,1,0,295,2024-03-15
366,P016,1,0,440,2024-02-23
231,P085,1,1,599,2024-03-30
178,P076,1,1,237,2025-03-15
559,P026,1,0,160,2025-06-15
116,P095,1,1,181,2025-04-03
408,P066,1,0,84,2024-08-05
491,P039,1,0,164,2024-02-13
581,P073,1,0,511,2024-09-07
376,P093,1,0,406,2025-05-09
277,P009,1,1,451,2025-01-18
208,P057,1,0,478,2024-01-26
225,P080,1,1,187,2025-05-07
255,P080,1,1,97,2024-10-31
219,P070,1,0,463,2024-11-22
520,P001,1,0,234,2024-01-15
382,P081,1,0,227,2025-01-19
490,P005,1,0,310,2025-03-15
528,P063,1,0,368,2024-03-18
143,P082,1,1,584,2025-06-12
385,P091,1,0,509,2024-02-23
224,P021,1,1,183,2024-10-30
470,P065,1,1,75,2024-08-30
293,P005,1,0,209,2025-04-04
238,P045,1,0,469,2025-02-08
324,P100,1,1,263,2024-11-06
110,P069,1,0,594,2024-05-13
355,P043,1,1,290,2025-06-17
569,P021,1,0,461,2025-01-12
404,P039,1,0,200,2024-06-23
338,P086,1,0,95,2024-06-03
231,P084,1,0,484,2024-12-29
414,P041,1,0,402,2024-07-29
226,P061,1,0,83,2024-07-24
264,P016,1,0,41,2025-04-11
566,P015,1,0,330,2024-02-24
371,P015,1,0,60,2024-07-27
511,P088,1,0,414,2024-03-10
212,P042,1,0,304,2024-06-05
383,P014,1,0,291,2024-12-03
224,P090,1,1,566,2024-09-22
262,P044,1,0,176,2025-04-20
169,P036,1,0,458,2024-12-20
489,P026,1,1,577,2025-04-03
423,P083,1,1,146,2024-02-04
146,P037,1,1,161,2024-06-20
202,P062,1,1,194,2025-01-10
447,P074,1,1,400,2025-06-30
311,P086,1,0,18,2025-01-23
314,P004,1,0,97,2025-02-15
277,P044,1,1,418,2024-12-28
149,P011,1,0,39,2024-08-31
266,P047,1,0,575,2024-04-15
511,P070,1,1,67,2024-02-22
313,P052,1,1,40,2024-12-30
317,P088,1,0,501,2024-07-09
428,P014,1,0,456,2024-01-19
121,P069,1,0,228,2024-02-05
570,P004,1,1,445,2024-09-08
469,P078,1,1,249,2025-05-20
372,P018,1,0,442,2024-04-26
107,P078,1,1,521,2025-06-23
332,P022,1,0,600,2024-04-11
516,P050,1,0,16,2024-04-22
322,P043,1,0,439,2024-02-12
116,P035,1,0,198,2024-04-14
268,P026,1,0,493,2024-02-02
111,P079,1,0,348,2025-06-04
331,P011,1,0,70,2024-07-09
106,P007,1,1,369,2024-12-01
582,P085,1,0,24,2024-04-21
484,P070,1,0,551,2024-01-13
565,P008,1,1,342,2024-07-10
402,P078,1,0,157,2024-08-18
168,P046,1,0,281,2024-07-25
431,P026,1,0,185,2024-08-03
190,P083,1,0,187,2024-11-05
202,P001,1,0,348,2025-06-11
437,P082,1,0,262,2024-01-17
212,P052,1,1,84,2024-09-01
170,P018,1,0,442,2024-01-16
557,P033,1,1,505,2024-09-26
253,P064,1,1,245,2024-01-13
410,P082,1,1,535,2024-04-14
162,P004,1,1,465,2024-01-14
514,P094,1,1,509,2025-03-05
523,P049,1,0,550,2024-11-08
274,P027,1,0,307,2024-07-14
474,P032,1,0,481,2025-06-08
253,P029,1,0,50,2024-03-12
448,P010,1,1,56,2024-07-22
202,P095,1,0,95,2024-07-28
301,P028,1,0,344,2024-01-25
316,P003,1,0,71,2024-08-13
225,P093,1,0,109,2024-04-25
303,P031,1,1,500,2024-10-21
545,P046,1,1,471,2024-08-28
312,P022,1,0,256,2024-01-14
226,P035,1,1,138,2025-03-19
502,P001,1,0,461,2024-08-29
196,P017,1,0,143,2025-04-06
170,P082,1,1,485,2024-01-27
167,P024,1,1,319,2024-01-15
109,P076,1,1,510,2024-12-04
142,P009,1,0,200,2024-08-30
410,P081,1,1,280,2024-01-12
395,P100,1,1,432,2024-12-26
315,P060,1,1,591,2025-01-01
424,P049,1,0,373,2025-06-20
438,P012,1,0,75,2024-08-03
549,P005,1,0,174,2024-05-28
502,P072,1,0,315,2024-06-26
469,P022,1,0,227,2024-10-26
478,P027,1,0,140,2024-04-05
495,P032,1,0,48,2024-03-03
432,P007,1,0,179,2024-12-04
293,P001,1,0,39,2024-05-12
406,P026,1,1,11,2024-12-12
546,P065,1,0,197,2024-01-28
187,P004,1,0,374,2024-06-05
126,P003,1,1,186,2024-11-29
283,P051,1,1,226,2024-03-26
362,P056,1,0,455,2024-06-14
215,P082,1,0,282,2024-09-04
370,P062,1,0,318,2024-08-24
353,P032,1,0,368,2024-08-21
600,P046,1,1,439,2024-05-15
584,P063,1,0,251,2024-01-15
118,P095,1,1,511,2025-01-26
492,P030,1,1,200,2024-11-29
171,P059,1,1,260,2025-03-26
563,P050,1,0,274,2024-03-31
219,P075,1,0,290,2024-05-29
547,P002,1,0,520,2025-01-06
498,P051,1,1,327,2024-03-05
508,P040,1,0,81,2024-10-31
115,P014,1,0,550,2025-04-27
458,P072,1,0,175,2025-01-11
224,P091,1,0,483,2024-04-15
364,P076,1,0,201,2024-10-15
107,P069,1,1,555,2025-06-02
288,P053,1,1,237,2025-05-28
105,P024,1,1,568,2024-12-09
177,P009,1,0,62,2024-02-20
523,P037,1,1,102,2025-02-17
237,P071,1,1,378,2024-04-05
541,P048,1,0,591,2025-02-19
234,P070,1,0,42,2024-07-11
546,P018,1,0,540,2025-04-19
108,P031,1,1,385,2024-02-11
472,P086,1,1,573,2025-06-13
244,P022,1,0,381,2024-09-28
105,P018,1,1,80,2025-02-25
395,P070,1,1,56,2025-03-11
383,P009,1,0,360,2025-02-02
205,P088,1,1,403,2024-05-29
174,P035,1,1,304,2025-03-19
495,P024,1,0,351,2025-01-07
311,P016,1,0,512,2025-04-06
166,P030,1,0,362,2024-03-27
600,P062,1,0,482,2024-10-14
587,P089,1,1,313,2025-04-11
576,P077,1,1,200,2025-04-23
122,P046,1,1,281,2024-10-11
294,P013,1,0,239,2024-11-18
216,P052,1,0,439,2025-05-27
247,P038,1,0,12,2025-03-08
471,P090,1,0,324,2024-01-05
412,P095,1,0,170,2025-01-29
116,P020,1,1,529,2025-04-11
570,P082,1,0,33,2025-04-03
488,P009,1,0,36,2025-03-15
583,P038,1,1,64,2024-05-28
498,P025,1,0,375,2025-06-04
304,P073,1,1,532,2024-01-17
132,P100,1,1,558,2024-04-11
246,P068,1,0,564,2024-11-14
299,P088,1,0,278,2024-03-16
459,P009,1,0,293,2024-06-27
594,P019,1,1,431,2024-03-01
318,P099,1,1,94,2024-09-12
503,P072,1,0,132,2025-04-30
465,P021,1,1,330,2024-05-27
453,P010,1,1,431,2025-03-16
328,P067,1,0,226,2025-02-20
348,P042,1,0,475,2025-02-25
463,P048,1,1,307,2025-02-10
215,P058,1,1,493,2025-06-26
279,P043,1,1,465,2024-04-22
557,P011,1,1,502,2024-05-14
245,P092,1,1,126,2025-06-26
475,P057,1,0,453,2024-07-22
212,P062,1,1,560,2025-04-11
234,P057,1,0,431,2025-03-29
470,P028,1,0,404,2025-06-15
157,P030,1,0,77,2024-12-10
590,P085,1,1,237,2025-02-12
258,P007,1,0,411,2024-05-16
124,P090,1,1,190,2024-06-07
587,P092,1,0,503,2024-11-10
423,P076,1,0,428,2024-07-04
480,P036,1,0,261,2024-05-26
244,P044,1,1,121,2024-05-12
223,P087,1,0,302,2024-03-26
239,P022,1,0,369,2025-06-17
176,P044,1,0,360,2024-04-30
229,P029,1,0,233,2024-05-31
277,P008,1,0,549,2025-01-26
585,P087,1,1,139,2024-02-06
279,P009,1,0,207,2024-09-14
455,P100,1,0,378,2024-11-06
485,P080,1,1,150,2024-07-11
245,P075,1,0,165,2025-06-13
227,P046,1,0,463,2024-03-03
315,P002,1,0,503,2024-03-17
241,P077,1,0,415,2024-10-25
174,P030,1,0,119,2025-05-19
553,P083,1,0,250,2024-05-14
260,P023,1,0,242,2024-10-16
136,P059,1,1,478,2024-06-04
491,P089,1,1,91,2024-04-17
335,P008,1,0,383,2024-06-15
248,P041,1,1,412,2024-01-14
419,P004,1,0,173,2025-04-28
536,P016,1,0,184,2024-02-08
389,P087,1,1,305,2024-01-17
181,P057,1,0,598,2024-10-04
201,P012,1,0,184,2024-04-29
148,P097,1,1,511,2024-05-05
342,P067,1,0,197,2024-12-19
558,P084,1,0,102,2025-01-11
309,P031,1,0,578,2025-02-12
240,P086,1,0,356,2024-01-19
246,P098,1,0,394,2025-01-31
103,P099,1,1,434,2024-06-12
366,P045,1,0,405,2025-05-14
520,P040,1,1,184,2024-03-09
371,P061,1,0,85,2024-07-25
569,P091,1,0,249,2024-12-25
495,P037,1,0,130,2024-08-26
225,P016,1,0,154,2025-05-15
482,P007,1,0,302,2024-11-23
259,P062,1,1,219,2024-01-21
243,P075,1,0,101,2024-01-19
223,P006,1,1,224,2024-08-19
525,P061,1,1,128,2025-02-18
137,P066,1,0,11,2024-06-13
416,P060,1,0,459,2024-02-23
500,P055,1,0,299,2024-01-07
406,P027,1,0,337,2025-05-07
326,P055,1,1,98,2024-10-24
593,P002,1,0,167,2025-02-05
112,P006,1,0,301,2024-06-07
386,P054,1,0,365,2025-05-15
244,P005,1,1,525,2024-12-11
155,P057,1,0,281,2024-10-31
249,P010,1,0,549,2024-05-12
262,P070,1,1,195,2024-09-08
498,P085,1,0,361,2024-05-28
301,P030,1,0,220,2024-09-08
375,P099,1,0,402,2024-04-12
354,P062,1,1,534,2024-02-15
245,P098,1,0,557,2024-03-29
568,P007,1,0,416,2024-08-08
156,P001,1,0,370,2024-01-29
337,P052,1,0,271,2024-01-05
444,P034,1,1,449,2025-06-02
340,P015,1,1,454,2024-03-01
347,P031,1,0,579,2024-05-29
510,P014,1,0,196,2024-02-24
124,P080,1,0,129,2024-10-12
409,P093,1,1,151,2024-04-29
452,P049,1,1,367,2024-01-24
394,P066,1,1,296,2025-04-18
419,P025,1,1,543,2024-08-13
444,P050,1,0,410,2024-01-12
422,P054,1,1,125,2024-01-15
414,P055,1,0,236,2024-08-27
367,P094,1,0,161,2024-08-02
383,P081,1,1,179,2024-07-06
223,P048,1,0,479,2024-11-20
267,P087,1,0,149,2025-04-21
455,P005,1,0,145,2024-11-20
115,P084,1,0,566,2025-03-30
178,P006,1,0,421,2025-01-03
544,P099,1,0,518,2025-02-19
350,P094,1,0,569,2025-05-31
342,P016,1,0,20,2025-06-08
421,P033,1,1,225,2025-05-23
168,P001,1,0,411,2025-03-11
209,P017,1,1,352,2025-03-13
361,P073,1,1,394,2024-12-28
325,P040,1,1,258,2025-02-14
339,P082,1,0,451,2024-03-08
391,P090,1,1,516,2025-01-01
105,P001,1,0,546,2024-03-19
516,P093,1,0,67,2024-09-20
205,P072,1,1,12,2024-03-31
282,P027,1,0,371,2024-01-07
106,P097,1,0,555,2024-08-03
290,P086,1,0,319,2024-11-24
435,P072,1,0,198,2024-12-04
269,P051,1,0,292,2024-03-05
477,P057,1,1,318,2024-08-11
553,P058,1,0,38,2024-04-10
497,P067,1,1,212,2024-07-10
499,P046,1,0,594,2025-06-07
597,P016,1,1,403,2024-12-29
457,P086,1,0,384,2024-06-02
234,P087,1,1,426,2024-07-13
488,P088,1,0,62,2024-09-23
490,P092,1,0,345,2024-01-22
233,P095,1,1,17,2024-03-11
415,P031,1,1,330,2025-06-05
141,P091,1,1,531,2024-10-24
221,P092,1,0,296,2024-11-10
556,P047,1,0,328,2024-08-27
260,P084,1,0,332,2024-12-29
423,P010,1,0,169,2025-02-16
489,P075,1,0,155,2024-08-15
548,P095,1,1,523,2024-06-13
153,P007,1,0,167,2025-01-25
383,P045,1,0,110,2024-02-13
121,P091,1,0,239,2024-12-10
406,P005,1,0,217,2024-07-06
476,P082,1,0,482,2024-01-24
431,P098,1,0,303,2024-03-27
508,P034,1,1,156,2024-06-01
243,P097,1,0,28,2024-07-06
551,P044,1,1,342,2025-05-31
368,P072,1,0,343,2025-03-30
207,P077,1,0,510,2024-09-30
187,P082,1,0,17,2025-01-02
282,P006,1,0,412,2024-06-10
490,P048,1,1,122,2024-09-29
489,P087,1,0,334,2024-08-10
505,P074,1,0,336,2025-02-21
409,P016,1,0,175,2024-01-15
342,P008,1,0,455,2025-05-12
417,P072,1,1,218,2025-04-30
200,P050,1,0,59,2024-04-08
277,P084,1,0,493,2025-05-09
203,P060,1,0,565,2024-04-05
163,P069,1,0,291,2025-05-21
374,P075,1,0,375,2024-06-02
395,P013,1,1,300,2024-10-23
126,P073,1,0,72,2024-06-20
276,P042,1,1,477,2025-06-06
179,P042,1,0,213,2024-04-22
209,P003,1,0,170,2024-02-01
590,P030,1,0,261,2024-12-20
255,P006,1,0,248,2024-07-24
452,P088,1,0,10,2024-04-08
314,P036,1,1,481,2025-01-04
441,P008,1,1,436,2024-02-02
420,P093,1,0,212,2025-05-26
136,P080,1,1,399,2024-12-27
359,P041,1,0,31,2024-05-13
464,P090,1,1,81,2024-10-22
306,P042,1,0,560,2024-04-17
389,P099,1,1,220,2024-06-26
595,P022,1,0,410,2024-03-09
281,P022,1,1,334,2024-01-31
141,P077,1,0,458,2025-05-08
409,P066,1,1,462,2024-11-17
111,P039,1,0,42,2024-01-12
541,P052,1,0,153,2024-11-26
517,P006,1,0,472,2025-05-20
271,P079,1,0,486,2024-10-15
512,P070,1,1,48,2024-07-01
202,P073,1,0,428,2024-01-18
459,P040,1,1,297,2025-05-11
110,P060,1,1,29,2025-03-05
322,P007,1,1,377,2025-05-19
416,P049,1,0,141,2025-04-28
206,P074,1,1,262,2024-03-13
475,P013,1,0,343,2025-05-30
542,P021,1,0,97,2025-06-11
462,P077,1,1,469,2024-01-09
157,P056,1,0,308,2024-09-17
238,P045,1,0,415,2025-02-25
143,P028,1,0,24,2024-09-06
234,P004,1,1,298,2025-05-01
367,P042,1,0,134,2024-11-21
466,P006,1,0,476,2024-10-25
224,P073,1,0,128,2024-04-13
451,P095,1,0,370,2024-10-11
262,P076,1,0,562,2024-01-25
311,P018,1,0,333,2024-05-14
478,P097,1,0,352,2025-05-27
581,P082,1,0,70,2025-04-04
181,P046,1,0,204,2024-07-13
426,P086,1,1,234,2024-01-23
176,P007,1,0,570,2024-07-09
509,P019,1,0,338,2024-08-07
503,P066,1,0,354,2024-06-14
385,P015,1,0,266,2025-04-24
364,P041,1,0,336,2024-06-02
531,P029,1,0,396,2025-01-20
144,P005,1,0,573,2024-06-08
158,P016,1,1,432,2024-06-26
104,P098,1,0,54,2024-05-11
291,P041,1,0,258,2024-02-18
551,P073,1,1,411,2024-06-25
412,P039,1,0,427,2024-10-24
430,P079,1,0,513,2024-01-17
344,P003,1,0,308,2024-12-11
294,P023,1,0,374,2025-01-02
270,P018,1,0,272,2024-06-05
590,P015,1,0,593,2024-04-15
400,P046,1,0,373,2024-11-07
159,P085,1,1,25,2024-09-13
266,P034,1,1,60,2025-03-21
265,P039,1,1,518,2025-06-22
481,P019,1,1,160,2024-11-03
129,P084,1,1,523,2025-06-19
299,P055,1,0,85,2024-04-20
544,P068,1,0,68,2024-01-14
325,P035,1,1,577,2024-01-13
107,P054,1,0,573,2024-02-10
179,P005,1,0,127,2025-01-17
290,P056,1,0,482,2024-11-20
196,P015,1,0,210,2025-01-11
418,P021,1,1,272,2024-10-13
255,P100,1,0,39,2025-04-06
323,P042,1,0,477,2025-06-24
559,P066,1,1,109,2024-11-20
507,P048,1,1,256,2025-04-22
352,P047,1,1,130,2024-11-10
169,P041,1,1,522,2024-01-22
355,P096,1,0,158,2024-06-11
159,P021,1,0,206,2025-04-25
481,P028,1,0,22,2024-01-12
155,P039,1,0,201,2024-09-04
191,P032,1,0,121,2024-10-22
169,P082,1,0,280,2024-04-12
350,P076,1,0,596,2024-12-01
213,P066,1,0,206,2024-01-16
550,P062,1,0,532,2024-11-07
311,P056,1,0,36,2024-09-06
467,P043,1,0,285,2024-02-22
435,P027,1,0,248,2024-04-09
227,P073,1,0,400,2024-02-06
565,P046,1,1,494,2024-05-31
475,P098,1,0,471,2024-07-25
146,P010,1,0,432,2025-05-16
542,P053,1,1,189,2024-08-31
358,P055,1,0,554,2024-05-15
308,P030,1,0,108,2025-01-20
542,P010,1,1,67,2024-07-12
118,P086,1,0,546,2025-03-24
516,P075,1,0,171,2025-02-11
209,P087,1,0,17,2024-12-28
251,P097,1,0,376,2025-01-16
138,P043,1,1,421,2025-06-16
216,P021,1,0,83,2024-03-09
184,P065,1,1,17,2024-03-10
515,P073,1,0,489,2025-04-26
458,P004,1,0,599,2025-06-22
196,P063,1,0,128,2025-04-12
403,P044,1,0,518,2025-06-15
269,P082,1,1,458,2025-02-10
324,P016,1,0,92,2025-04-06
351,P092,1,1,299,2024-09-21
260,P014,1,0,396,2025-01-03
331,P037,1,0,502,2024-12-09
596,P077,1,1,198,2024-10-27
582,P069,1,0,230,2024-05-28
574,P069,1,0,527,2024-01-15
502,P013,1,0,384,2024-12-26
358,P035,1,1,291,2024-11-20
330,P025,1,0,180,2025-02-03
235,P005,1,0,120,2024-11-07
536,P081,1,1,95,2024-07-21
156,P006,1,0,451,2025-01-15
174,P064,1,0,66,2024-09-25
283,P056,1,0,338,2024-10-13
507,P028,1,0,192,2024-02-27
222,P068,1,0,442,2024-11-22
151,P020,1,1,271,2025-04-06
195,P074,1,1,144,2025-02-19
495,P029,1,0,470,2024-02-03
563,P084,1,0,367,2024-05-04
136,P028,1,1,95,2024-07-07
530,P019,1,0,460,2025-03-19
151,P045,1,1,270,2024-06-03
278,P090,1,0,99,2025-04-30
455,P038,1,0,171,2024-09-01
162,P072,1,0,529,2024-08-09
145,P090,1,0,185,2025-05-09
280,P063,1,0,214,2024-10-25
572,P004,1,1,463,2024-04-30
474,P069,1,0,284,2025-01-13
258,P030,1,0,158,2025-03-26
590,P084,1,0,543,2024-04-18
388,P060,1,0,128,2025-05-05
472,P071,1,0,148,2025-05-05
322,P038,1,0,530,2024-09-16
436,P097,1,0,573,2024-11-20
164,P076,1,0,422,2024-03-08
350,P089,1,1,370,2025-02-12
527,P077,1,0,471,2024-10-17
183,P085,1,1,61,2024-02-24
215,P080,1,0,411,2024-05-04
122,P018,1,1,93,2024-04-20
561,P014,1,0,511,2024-02-04
254,P003,1,0,518,2025-04-25
218,P061,1,0,532,2024-02-20
292,P018,1,0,484,2024-01-04
166,P006,1,0,257,2025-05-09
494,P008,1,1,91,2025-03-02
448,P030,1,0,443,2024-05-12
397,P041,1,1,76,2024-02-23
526,P058,1,0,124,2025-02-09
437,P064,1,0,511,2024-09-19
134,P088,1,0,403,2024-02-22
308,P035,1,1,356,2025-06-20
377,P084,1,0,329,2024-09-29
441,P018,1,0,359,2024-02-29
562,P035,1,1,529,2025-06-07
307,P038,1,0,237,2025-05-29
317,P072,1,1,309,2024-11-19
155,P023,1,0,347,2024-06-30
353,P054,1,0,465,2024-08-31
586,P014,1,0,387,2024-06-25
262,P035,1,0,487,2024-08-05
566,P024,1,0,90,2024-06-03
295,P069,1,0,576,2025-02-26
365,P048,1,0,410,2024-08-07
253,P042,1,1,359,2025-03-02
483,P089,1,1,513,2025-05-11
133,P001,1,0,386,2025-01-20
359,P096,1,1,197,2025-03-20
570,P090,1,0,319,2024-06-29
519,P039,1,0,220,2025-01-03
416,P024,1,1,542,2025-04-30
106,P003,1,0,148,2024-12-23
143,P027,1,0,196,2025-05-02
572,P023,1,0,556,2025-02-16
161,P065,1,0,110,2024-03-07
422,P033,1,0,571,2024-10-06
595,P094,1,1,488,2024-09-21
180,P053,1,0,365,2024-11-15
340,P015,1,0,80,2025-01-19
581,P017,1,0,393,2025-04-10
423,P025,1,0,198,2024-02-03
113,P054,1,0,125,2024-08-16
323,P071,1,1,363,2024-06-08
415,P089,1,1,490,2024-10-17
515,P100,1,1,20,2024-06-21
543,P092,1,0,246,2025-01-02
182,P031,1,0,538,2024-09-16
449,P048,1,1,453,2024-08-29
511,P072,1,0,538,2024-11-11
301,P008,1,0,305,2024-03-13
302,P096,1,1,544,2024-05-06
263,P042,1,0,456,2024-04-14
200,P078,1,0,62,2024-11-14
342,P083,1,0,129,2024-01-07
249,P024,1,0,150,2024-11-24
593,P072,1,0,412,2025-01-18
366,P076,1,1,224,2024-07-23
226,P044,1,0,104,2025-04-03
574,P056,1,1,378,2024-07-15
360,P035,1,1,286,2024-01-23
368,P095,1,0,473,2025-04-20
598,P019,1,0,473,2024-06-06
362,P004,1,1,152,2025-05-24
600,P059,1,1,85,2024-10-31
101,P004,1,1,301,2025-01-20
573,P033,1,0,550,2025-05-24
408,P070,1,0,495,2024-08-29
322,P015,1,1,547,2024-12-11
331,P096,1,0,162,2024-10-04
554,P047,1,0,127,2025-02-03
250,P022,1,1,45,2024-04-05
157,P095,1,1,61,2025-06-21
187,P100,1,1,343,2024-09-15
423,P072,1,1,336,2024-05-16
143,P094,1,0,150,2024-04-25
593,P089,1,0,600,2024-11-14
503,P055,1,0,202,2024-09-10
388,P014,1,1,494,2024-09-15
176,P057,1,0,56,2024-04-13
340,P060,1,0,394,2024-02-23
454,P043,1,0,211,2025-04-23
132,P088,1,0,251,2025-01-23
217,P078,1,1,545,2025-02-20
477,P044,1,0,275,2024-08-09
309,P033,1,0,198,2025-01-25
466,P090,1,1,66,2024-12-19
260,P092,1,0,194,2024-03-17
402,P006,1,1,180,2025-02-09
343,P016,1,0,336,2024-10-08
106,P038,1,0,434,2024-02-29
360,P085,1,0,37,2025-03-24
227,P043,1,0,440,2024-02-19
108,P096,1,0,481,2024-09-17
131,P082,1,0,457,2025-06-12
280,P098,1,0,286,2024-09-21
529,P097,1,1,165,2024-11-16
507,P044,1,1,246,2024-09-09
230,P069,1,1,400,2024-11-22
258,P053,1,1,71,2024-01-06
165,P023,1,0,463,2025-03-08
241,P050,1,0,216,2024-03-11
463,P094,1,0,392,2024-12-12
390,P054,1,0,494,2024-09-27
166,P028,1,0,317,2024-05-05
558,P020,1,1,256,2024-10-21
521,P031,1,1,491,2024-01-24
224,P060,1,0,201,2025-02-05
545,P079,1,0,534,2025-01-18
345,P046,1,0,76,2025-01-26
430,P078,1,0,203,2024-09-26
295,P071,1,1,246,2024-08-28
166,P062,1,0,416,2024-03-31
293,P028,1,1,523,2024-10-14
369,P014,1,0,479,2024-06-04
496,P100,1,0,356,2024-04-30
190,P042,1,0,322,2025-06-14
161,P045,1,0,193,2024-11-11
322,P082,1,0,396,2024-08-20
410,P066,1,0,546,2024-01-06
370,P043,1,0,288,2024-06-25
118,P100,1,0,12,2024-09-12
413,P081,1,0,64,2024-02-26
462,P063,1,1,596,2024-09-21
396,P099,1,0,356,2024-01-07
306,P013,1,0,474,2024-07-04
582,P027,1,1,147,2024-02-02
334,P045,1,0,125,2024-09-02
254,P072,1,0,357,2025-04-06
403,P054,1,1,580,2024-04-25
107,P032,1,0,72,2024-05-20
184,P034,1,0,111,2025-05-13
214,P087,1,0,582,2024-03-25
264,P079,1,1,339,2024-11-11
208,P009,1,0,276,2025-02-21
351,P033,1,0,14,2024-10-22
104,P039,1,0,469,2024-04-13
545,P037,1,0,129,2025-01-18
371,P060,1,1,239,2025-03-05
559,P007,1,0,247,2024-09-27
121,P048,1,0,216,2024-02-07
124,P045,1,0,200,2024-08-26
390,P048,1,0,201,2025-04-08
600,P073,1,0,529,2024-06-23
217,P029,1,0,428,2025-05-12
161,P054,1,0,435,2024-03-08
438,P060,1,0,325,2024-04-05
248,P038,1,0,262,2024-08-12
277,P020,1,1,110,2024-11-18
308,P007,1,0,232,2024-06-21
255,P064,1,0,415,2025-06-23
584,P062,1,1,145,2025-05-20
144,P071,1,0,372,2024-03-14
218,P060,1,0,223,2024-12-25
464,P095,1,1,472,2025-04-13
544,P070,1,1,26,2025-05-21
360,P082,1,0,112,2025-04-13
363,P054,1,0,239,2024-08-08
323,P077,1,0,594,2024-11-04
478,P096,1,1,347,2025-05-18
195,P004,1,0,62,2024-07-29
558,P041,1,0,134,2024-03-04
255,P070,1,0,131,2024-09-22
578,P054,1,1,101,2024-09-05
553,P069,1,1,242,2024-09-06
138,P028,1,1,450,2024-07-22
451,P085,1,0,598,2024-05-18
211,P042,1,1,147,2024-10-12
411,P026,1,0,124,2024-02-15
566,P036,1,0,485,2025-02-11
196,P072,1,0,117,2024-01-07
228,P084,1,0,82,2025-02-25
241,P006,1,1,283,2024-01-27
217,P079,1,1,489,2025-02-13
167,P015,1,0,550,2024-01-21
324,P079,1,0,293,2024-09-07
532,P065,1,1,91,2024-04-20
256,P083,1,1,160,2024-03-12
412,P074,1,0,183,2024-01-01
293,P019,1,0,304,2024-03-06
371,P041,1,0,80,2025-03-02
500,P054,1,1,308,2024-03-21
275,P003,1,1,386,2025-05-21
480,P043,1,0,549,2024-03-29
138,P083,1,0,268,2024-08-15
140,P044,1,0,198,2024-08-15
532,P013,1,0,247,2024-05-17
559,P095,1,1,168,2024-06-09
207,P047,1,1,421,2024-09-05
242,P092,1,0,181,2025-03-15
186,P094,1,0,465,2024-04-16
559,P077,1,1,249,2024-04-06
316,P041,1,0,464,2025-03-28
539,P096,1,0,15,2025-05-01
460,P018,1,1,268,2024-01-11
220,P051,1,0,547,2024-02-11
107,P089,1,0,373,2024-10-21
105,P056,1,1,285,2025-01-25
443,P059,1,0,384,2024-03-07
352,P019,1,0,521,2024-11-16
487,P029,1,0,125,2024-05-14
205,P082,1,0,342,2024-12-06
323,P038,1,0,121,2024-09-23
401,P026,1,0,41,2024-03-15
478,P048,1,1,11,2024-08-11
576,P072,1,0,270,2024-01-13
222,P007,1,1,178,2024-05-21
592,P087,1,1,239,2024-11-12
204,P050,1,0,317,2025-01-13
297,P055,1,0,33,2024-02-15
294,P055,1,1,330,2024-02-24
578,P096,1,0,287,2024-01-20
573,P051,1,0,318,2024-11-14
309,P048,1,0,349,2025-04-19
149,P063,1,1,165,2024-08-25
126,P002,1,0,548,2025-05-30
204,P036,1,1,139,2024-09-30
513,P038,1,0,345,2024-02-12
344,P040,1,1,185,2025-06-11
173,P070,1,0,210,2025-05-14
596,P075,1,1,290,2024-10-01
116,P007,1,0,76,2024-01-04
553,P043,1,0,553,2025-05-10
343,P077,1,0,239,2025-03-18
526,P033,1,1,395,2024-11-07
255,P018,1,1,166,2024-04-27
522,P052,1,1,426,2025-06-19
411,P022,1,1,522,2025-03-18
389,P063,1,1,474,2024-08-27
531,P038,1,1,337,2025-03-18
596,P025,1,0,495,2024-05-08
166,P086,1,0,96,2024-11-19
165,P100,1,1,422,2024-02-04
285,P089,1,0,302,2024-03-11
261,P059,1,0,552,2024-05-02
113,P005,1,0,387,2024-11-10
258,P059,1,0,75,2024-07-02
234,P048,1,0,250,2025-05-03
448,P073,1,1,563,2024-10-01
362,P005,1,1,68,2024-05-30
511,P001,1,1,238,2024-06-21
538,P067,1,0,62,2025-03-28
586,P067,1,1,403,2024-03-10
346,P068,1,1,250,2024-06-02
440,P018,1,0,69,2024-04-16
503,P048,1,1,379,2025-04-08
218,P021,1,0,158,2024-07-07
225,P090,1,0,421,2024-02-07
147,P059,1,0,303,2024-05-27
302,P080,1,1,553,2025-06-17
500,P027,1,0,71,2024-03-22
170,P035,1,0,223,2024-11-14
383,P025,1,1,48,2025-03-04
141,P091,1,1,287,2024-12-05
308,P090,1,1,505,2024-05-27
325,P066,1,0,501,2024-07-20
112,P018,1,1,225,2024-10-24
386,P038,1,0,462,2024-03-22
238,P051,1,0,249,2024-07-29
431,P076,1,1,59,2024-06-06
163,P032,1,1,463,2024-02-10
158,P067,1,0,170,2025-05-12
235,P002,1,0,129,2025-03-23
403,P037,1,1,499,2024-10-01
224,P034,1,0,561,2025-06-27
157,P098,1,0,467,2025-03-15
527,P087,1,0,95,2025-01-17
563,P008,1,0,109,2025-06-07
306,P034,1,0,583,2024-05-22
145,P074,1,0,129,2025-01-08
144,P061,1,0,261,2025-06-07
310,P012,1,1,37,2024-12-24
255,P002,1,1,238,2024-03-04
200,P019,1,0,237,2025-01-13
266,P043,1,1,379,2024-07-19
406,P058,1,0,21,2024-11-28
518,P053,1,0,13,2025-03-03
463,P097,1,0,153,2024-01-03
411,P023,1,0,381,2025-05-18
515,P032,1,1,434,2025-04-19
511,P007,1,0,98,2024-02-13
300,P091,1,0,112,2024-03-28
461,P030,1,1,14,2024-08-17
170,P021,1,0,173,2024-09-12
282,P091,1,0,239,2024-07-22
453,P064,1,1,275,2024-11-22
207,P056,1,1,353,2025-02-12
120,P018,1,0,496,2024-11-15
552,P013,1,0,92,2025-02-08
213,P066,1,0,266,2024-11-17
399,P049,1,0,181,2024-08-20
568,P080,1,1,509,2024-05-26
243,P089,1,1,278,2024-08-11
393,P055,1,1,60,2025-01-24
458,P007,1,0,204,2024-03-22
103,P045,1,0,371,2024-02-01
480,P059,1,0,71,2025-06-27
524,P010,1,0,389,2024-07-23
454,P044,1,1,555,2025-01-05
475,P085,1,0,383,2024-07-24
421,P020,1,0,184,2024-08-21
435,P048,1,0,288,2024-06-03
434,P036,1,1,349,2024-01-10
461,P011,1,0,184,2025-06-29
593,P002,1,0,436,2024-09-26
529,P068,1,0,135,2024-11-17
329,P085,1,0,226,2024-07-08
238,P052,1,1,419,2024-09-29
410,P022,1,1,453,2024-07-24
494,P068,1,1,586,2025-02-25
361,P002,1,0,199,2025-03-07
294,P073,1,1,207,2024-02-25
118,P041,1,0,466,2025-02-16
244,P022,1,1,304,2024-10-05
258,P019,1,1,585,2024-07-01
531,P070,1,0,536,2024-07-15
180,P044,1,0,94,2024-06-11
293,P051,1,1,77,2025-05-10
432,P069,1,0,459,2024-06-09
411,P059,1,0,125,2024-09-01
323,P079,1,1,32,2025-02-07
320,P003,1,0,142,2025-02-15
218,P010,1,0,374,2024-02-19
160,P092,1,0,291,2024-03-02
252,P086,1,0,223,2024-11-15
561,P013,1,0,437,2024-01-05
441,P087,1,1,509,2024-04-26
203,P064,1,0,501,2024-08-09
367,P049,1,0,32,2024-09-25
339,P004,1,0,165,2024-02-14
439,P070,1,0,423,2024-10-31
353,P096,1,1,438,2024-07-12
287,P090,1,1,284,2024-09-12
108,P090,1,1,87,2024-06-01
167,P050,1,1,318,2024-04-30
267,P032,1,1,341,2024-09-14
517,P026,1,0,526,2025-04-27
515,P002,1,1,365,2024-02-11
418,P071,1,0,160,2024-03-07
487,P053,1,0,393,2024-08-15
189,P024,1,0,18,2025-06-17
530,P038,1,1,26,2025-05-24
251,P074,1,0,553,2024-09-05
236,P011,1,0,153,2024-09-05
534,P097,1,0,338,2024-05-16
362,P064,1,0,325,2024-01-27
172,P073,1,0,211,2024-08-03
170,P020,1,0,443,2024-01-21
542,P027,1,1,194,2024-05-06
389,P014,1,0,344,2025-05-27
486,P005,1,0,274,2024-08-06
564,P081,1,1,390,2024-12-05
480,P009,1,0,529,2025-03-10
307,P090,1,0,125,2025-06-13
450,P004,1,0,530,2024-09-07
511,P002,1,1,472,2025-02-04
400,P004,1,1,313,2025-01-19
203,P041,1,0,519,2025-04-30
220,P096,1,0,570,2024-12-11
555,P080,1,0,489,2025-04-15
286,P031,1,0,369,2024-09-20
427,P006,1,1,332,2024-09-06
566,P025,1,0,282,2024-09-10
201,P093,1,0,29,2025-02-06
395,P097,1,1,307,2024-11-07
225,P028,1,1,539,2024-01-21
183,P042,1,0,520,2024-04-01
440,P023,1,0,566,2024-01-05
524,P051,1,0,267,2024-11-12
383,P047,1,1,426,2025-05-09
506,P071,1,1,395,2025-06-11
406,P022,1,0,522,2024-12-31
467,P041,1,0,160,2025-05-06
493,P007,1,1,107,2024-04-15
371,P092,1,0,441,2024-02-27
303,P029,1,1,518,2024-01-13
503,P090,1,1,338,2024-12-10
258,P046,1,0,354,2024-04-16
272,P035,1,1,101,2024-10-11
191,P029,1,1,561,2025-03-04
139,P040,1,0,31,2024-11-08
164,P029,1,1,578,2024-06-23
180,P046,1,1,75,2024-09-30
465,P005,1,0,19,2024-04-21
444,P016,1,1,35,2024-12-18
118,P085,1,0,325,2024-06-23
443,P070,1,0,439,2024-11-08
589,P041,1,1,45,2025-06-24
156,P005,1,1,416,2024-08-19
566,P043,1,0,113,2025-05-17
501,P019,1,0,204,2024-10-25
463,P035,1,0,336,2025-03-02
291,P071,1,0,307,2025-05-20
314,P072,1,0,333,2024-09-16
283,P076,1,0,146,2024-06-01
125,P048,1,0,133,2024-03-28
297,P003,1,0,153,2025-03-14
366,P039,1,1,456,2025-05-02
335,P064,1,0,134,2024-06-30
125,P017,1,1,487,2025-02-15
227,P057,1,0,359,2024-12-21
527,P047,1,1,463,2024-10-31
471,P030,1,0,203,2025-01-27
296,P057,1,0,103,2025-02-13
185,P046,1,0,353,2024-07-02
170,P078,1,0,582,2025-02-11
186,P074,1,1,93,2025-05-02
427,P075,1,0,488,2024-12-14
411,P099,1,0,474,2024-05-14
345,P046,1,0,231,2024-03-20
500,P100,1,0,542,2025-01-23
174,P003,1,0,84,2024-07-29
538,P068,1,1,267,2025-05-02
442,P060,1,1,577,2024-12-10
254,P082,1,1,63,2025-03-30
400,P034,1,0,262,2024-08-05
241,P011,1,0,199,2024-08-11
551,P053,1,0,426,2024-07-04
432,P070,1,0,60,2025-01-19
394,P052,1,0,169,2024-01-07
304,P098,1,0,481,2024-11-10
103,P092,1,0,389,2024-01-17
215,P061,1,0,22,2024-05-07
560,P095,1,0,10,2024-11-26
287,P063,1,1,54,2024-10-11
536,P062,1,1,466,2024-03-05
569,P017,1,0,501,2024-06-29
385,P061,1,1,252,2025-01-05
351,P052,1,1,376,2025-03-20
230,P020,1,1,433,2024-12-21
209,P097,1,1,72,2024-11-16
246,P061,1,0,518,2025-03-25
511,P033,1,1,108,2025-03-08
370,P055,1,0,299,2024-10-11
370,P073,1,1,413,2024-05-01
454,P044,1,0,452,2024-01-15
109,P072,1,0,270,2024-10-17
586,P027,1,0,558,2024-08-21
542,P044,1,1,118,2024-01-02
125,P054,1,1,492,2024-02-04
505,P093,1,0,452,2024-01-26
227,P092,1,1,281,2025-01-10
214,P003,1,0,479,2024-07-12
244,P012,1,0,168,2025-05-06
242,P097,1,1,167,2024-03-28
173,P069,1,0,261,2024-07-24
590,P008,1,1,313,2024-09-03
505,P068,1,0,132,2024-02-26
377,P063,1,1,370,2024-07-12
333,P039,1,0,188,2025-03-03
110,P004,1,0,443,2025-03-25
237,P044,1,1,535,2025-01-30
138,P067,1,1,273,2024-05-13
488,P004,1,0,164,2024-10-28
375,P069,1,0,524,2024-05-12
555,P086,1,0,174,2024-05-26
279,P025,1,0,366,2024-11-21
177,P020,1,0,331,2024-07-12
515,P069,1,0,546,2024-03-04
220,P002,1,0,371,2024-04-14
277,P060,1,0,410,2024-03-05
409,P044,1,1,314,2025-02-23
335,P020,1,0,25,2024-10-22
591,P039,1,0,569,2025-01-10
452,P005,1,0,81,2024-03-20
207,P065,1,0,363,2024-03-09
234,P056,1,0,379,2024-10-24
337,P052,1,0,558,2024-10-10
375,P089,1,1,577,2024-11-26
555,P039,1,1,479,2025-02-22
192,P001,1,0,590,2024-08-24
462,P083,1,0,532,2025-02-03
579,P063,1,0,476,2024-01-18
569,P087,1,0,121,2025-05-03
301,P016,1,0,275,2024-07-24
171,P054,1,0,95,2025-05-07
182,P087,1,0,378,2025-01-06
162,P038,1,0,576,2025-06-04
269,P003,1,0,565,2024-07-04
400,P075,1,1,25,2024-04-05
106,P014,1,0,184,2025-01-22
226,P075,1,1,50,2024-01-14
442,P014,1,1,40,2025-04-03
469,P030,1,1,288,2024-09-10
257,P001,1,0,47,2025-03-09
447,P001,1,0,496,2024-03-08
564,P069,1,0,190,2025-05-12
125,P025,1,0,331,2024-02-26
447,P048,1,1,525,2024-06-22
441,P006,1,0,266,2024-09-15
565,P052,1,1,301,2024-07-31
415,P081,1,0,307,2024-07-03
177,P042,1,0,513,2025-06-06
214,P002,1,0,144,2024-04-16
241,P042,1,0,530,2024-06-13
576,P026,1,0,182,2024-04-02
211,P092,1,0,80,2024-08-11
382,P100,1,0,536,2024-06-15
170,P051,1,0,187,2024-09-09
276,P054,1,0,75,2024-10-21
199,P053,1,0,299,2025-05-17
517,P042,1,0,151,2025-04-03
386,P070,1,0,263,2024-12-31
274,P027,1,0,554,2024-09-20
250,P040,1,1,409,2024-02-13
254,P066,1,1,215,2024-12-09
301,P026,1,0,510,2024-04-11
517,P056,1,1,549,2024-02-29
155,P061,1,0,98,2024-02-29
593,P070,1,1,452,2025-02-05
288,P034,1,0,415,2025-01-05
575,P004,1,0,159,2024-07-21
290,P052,1,1,320,2024-03-26
253,P098,1,0,492,2025-04-09
157,P033,1,0,93,2024-01-24
263,P040,1,0,348,2024-03-28
198,P057,1,0,529,2024-08-27
464,P034,1,1,512,2024-06-01
504,P020,1,1,114,2024-03-01
468,P070,1,0,461,2025-04-01
378,P048,1,1,529,2024-11-27
413,P081,1,1,97,2024-06-27
364,P076,1,1,162,2024-04-30
500,P060,1,0,449,2024-02-29
580,P030,1,1,251,2024-09-24
352,P068,1,0,162,2025-02-23
241,P055,1,0,415,2024-05-01
270,P084,1,1,63,2024-03-09
373,P053,1,0,355,2024-01-14
222,P042,1,0,23,2025-05-25
374,P100,1,0,80,2024-04-08
458,P033,1,0,485,2025-03-17
332,P003,1,0,318,2025-04-20
111,P005,1,1,144,2025-02-08
198,P062,1,0,429,2024-10-16
293,P020,1,0,365,2024-02-14
429,P058,1,0,478,2025-03-21
186,P012,1,1,570,2024-09-05
583,P095,1,1,231,2024-11-22
393,P030,1,0,86,2025-02-06
360,P033,1,1,463,2024-03-03
327,P009,1,1,141,2025-01-05
348,P042,1,0,115,2025-04-13
140,P033,1,0,35,2024-07-15
247,P023,1,1,477,2024-11-22
534,P081,1,0,462,2024-07-25
564,P089,1,0,118,2024-02-18
164,P060,1,0,404,2024-01-03
573,P024,1,0,103,2024-05-15
313,P010,1,0,293,2024-02-07
585,P080,1,1,385,2025-02-14
409,P011,1,0,244,2024-07-25
253,P072,1,0,69,2024-03-01
225,P025,1,0,358,2024-08-03
494,P074,1,0,123,2025-05-02
259,P093,1,0,157,2024-04-05
322,P047,1,1,523,2024-04-08
144,P047,1,1,498,2024-04-02
581,P026,1,0,464,2025-06-18
435,P077,1,0,263,2025-03-29
411,P019,1,1,70,2025-02-03
555,P031,1,1,401,2024-05-16
234,P067,1,0,514,2024-07-09
414,P064,1,0,232,2024-03-10
148,P088,1,0,537,2024-06-21
268,P007,1,1,308,2024-08-05
243,P086,1,0,105,2024-04-30
599,P021,1,0,569,2024-07-06
376,P068,1,1,182,2024-04-06
233,P045,1,0,489,2024-02-14
431,P085,1,0,299,2024-09-11
208,P023,1,0,167,2024-11-24
402,P090,1,0,310,2024-07-15
173,P090,1,0,309,2024-08-08
479,P079,1,0,188,2024-03-02
339,P066,1,1,122,2024-01-26
270,P093,1,0,571,2024-10-03
475,P095,1,0,563,2024-03-25
308,P081,1,0,174,2024-09-06
578,P098,1,0,421,2024-09-07
291,P013,1,1,54,2025-04-20
212,P066,1,0,74,2024-11-20
515,P028,1,0,227,2025-01-05
318,P062,1,1,302,2024-03-14
277,P037,1,1,16,2024-11-04
315,P013,1,0,293,2025-01-11
264,P053,1,0,510,2024-02-09
162,P067,1,0,109,2024-11-29
146,P030,1,0,15,2025-02-09
197,P038,1,0,438,2024-04-08
190,P083,1,1,597,2024-06-17
294,P020,1,1,243,2025-01-31
157,P070,1,0,384,2025-03-25
404,P060,1,0,426,2024-10-21
574,P017,1,0,488,2025-06-27
466,P065,1,0,47,2025-04-08
569,P073,1,1,40,2024-11-10
336,P048,1,0,170,2024-07-20
488,P002,1,0,223,2024-11-16
424,P003,1,0,192,2024-08-21
186,P073,1,0,61,2024-04-15
486,P015,1,1,176,2024-09-29
415,P031,1,0,118,2024-12-29
452,P065,1,0,152,2024-03-26
544,P022,1,0,389,2024-03-18
153,P006,1,1,563,2024-01-01
459,P078,1,1,589,2024-12-17
575,P007,1,0,426,2025-01-16
408,P091,1,0,360,2025-02-09
527,P013,1,1,286,2024-02-29
113,P071,1,1,110,2024-11-04
446,P045,1,0,574,2025-02-05
106,P052,1,1,169,2024-03-30
348,P095,1,0,278,2025-05-18
471,P003,1,0,267,2024-12-06
189,P018,1,0,280,2025-03-29
305,P030,1,1,133,2025-01-22
116,P007,1,0,414,2024-10-22
143,P089,1,0,343,2025-04-20
114,P096,1,0,366,2024-05-09
575,P080,1,0,63,2025-03-03
226,P097,1,0,314,2024-04-22
425,P091,1,0,464,2025-06-22
423,P043,1,0,36,2024-10-10
256,P041,1,0,486,2024-12-19
431,P075,1,1,74,2025-02-17
225,P018,1,1,317,2024-08-02
202,P041,1,0,559,2024-12-27
146,P015,1,0,485,2024-09-23
564,P066,1,1,112,2025-01-27
174,P054,1,1,552,2025-01-11
189,P004,1,0,447,2025-02-27
104,P043,1,1,599,2024-07-17
175,P083,1,0,600,2025-04-18
494,P035,1,0,393,2025-02-07
206,P081,1,1,161,2025-01-15
310,P077,1,0,171,2025-06-22
328,P082,1,0,103,2025-03-25
466,P053,1,1,105,2024-08-14
360,P073,1,0,32,2024-05-13
432,P006,1,1,521,2024-11-14
117,P023,1,1,248,2025-03-05
271,P083,1,1,28,2024-02-13
478,P086,1,0,75,2024-01-22
373,P041,1,0,579,2024-06-11
263,P068,1,0,154,2024-07-07
110,P066,1,1,396,2024-12-30
165,P007,1,0,520,2024-10-26
528,P067,1,0,59,2024-07-03
282,P097,1,0,247,2025-05-01
525,P066,1,0,101,2025-02-01
402,P007,1,1,458,2024-06-01
538,P057,1,0,186,2025-05-27
290,P048,1,0,482,2025-05-02
237,P072,1,0,10,2025-06-18
285,P022,1,0,546,2025-03-02
145,P077,1,1,138,2025-03-25
176,P053,1,0,396,2024-12-13
345,P056,1,1,173,2025-03-22
341,P019,1,1,192,2024-11-10
154,P094,1,1,482,2025-05-28
474,P052,1,1,54,2024-09-26
187,P068,1,1,511,2025-06-07
450,P077,1,0,345,2025-06-21
303,P057,1,1,168,2024-10-30
163,P078,1,0,305,2024-05-06
421,P047,1,0,81,2025-05-01
324,P022,1,0,593,2025-01-24
337,P023,1,1,589,2024-05-20
285,P063,1,0,366,2024-12-06
538,P044,1,0,279,2025-03-17
568,P047,1,1,527,2024-08-22
134,P035,1,0,68,2024-12-19
218,P021,1,0,564,2024-08-30
155,P083,1,0,264,2024-02-17
268,P086,1,1,399,2025-01-12
235,P070,1,0,246,2025-05-30
388,P006,1,0,521,2024-04-21
410,P014,1,0,301,2024-06-26
287,P011,1,1,446,2025-04-22
482,P043,1,1,431,2025-01-22
443,P061,1,0,472,2025-01-08
544,P094,1,0,317,2024-02-16
415,P059,1,1,369,2025-06-13
293,P014,1,0,587,2024-08-23
241,P061,1,0,382,2024-02-13
125,P039,1,0,75,2025-01-01
424,P008,1,0,449,2024-02-07
200,P002,1,0,541,2024-11-10
223,P097,1,0,248,2024-10-10
370,P052,1,0,340,2025-03-14
264,P070,1,1,494,2024-07-16
250,P004,1,1,272,2025-02-06
410,P095,1,0,565,2024-09-27
137,P026,1,0,26,2025-03-29
368,P061,1,0,244,2024-07-13
521,P007,1,0,296,2024-03-08
158,P065,1,0,406,2024-02-27
321,P089,1,0,407,2025-06-24
186,P092,1,1,92,2025-04-30
418,P057,1,0,289,2025-02-12
356,P003,1,0,519,2024-11-01
561,P022,1,0,362,2024-02-03
432,P008,1,1,48,2024-01-10
591,P005,1,0,551,2024-06-04
315,P001,1,1,418,2024-07-08
132,P016,1,0,18,2025-01-27
527,P069,1,1,501,2024-01-05
484,P094,1,1,51,2024-02-25
509,P040,1,0,261,2024-06-02
588,P053,1,1,433,2024-08-16
461,P036,1,0,420,2024-11-12
274,P005,1,1,281,2024-02-04
461,P062,1,1,310,2024-05-30
430,P045,1,1,154,2024-05-08
108,P022,1,0,243,2024-11-30
502,P017,1,0,493,2025-02-27
562,P034,1,1,264,2024-12-17
391,P028,1,0,384,2025-03-06
576,P016,1,1,531,2024-07-26
453,P061,1,0,137,2024-12-16
333,P062,1,0,328,2024-03-28
428,P054,1,0,165,2024-04-29
247,P090,1,0,587,2025-06-10
257,P087,1,1,539,2024-10-02
346,P083,1,0,446,2024-08-16
316,P094,1,0,515,2024-11-25
293,P071,1,0,419,2024-03-06
550,P099,1,0,129,2025-01-09
269,P085,1,0,98,2024-10-29
272,P059,1,0,22,2024-10-15
446,P003,1,0,506,2024-07-13
429,P030,1,0,352,2024-04-02
153,P082,1,0,549,2025-03-06
459,P010,1,0,132,2025-06-18
365,P027,1,1,357,2024-12-03
330,P005,1,0,440,2024-01-30
150,P055,1,0,388,2024-10-31
585,P022,1,0,265,2024-11-28
485,P018,1,0,252,2025-04-05
108,P079,1,0,169,2024-01-30
527,P091,1,0,376,2024-11-27
434,P085,1,0,291,2024-01-04
382,P002,1,1,334,2024-06-08
436,P085,1,1,153,2024-04-28
431,P043,1,0,446,2024-07-12
106,P065,1,0,500,2025-05-04
171,P085,1,0,126,2025-05-27
218,P025,1,1,353,2024-09-06
255,P076,1,0,44,2024-07-01
511,P050,1,0,568,2025-03-03
248,P076,1,0,386,2024-10-28
233,P076,1,1,507,2024-01-13
330,P044,1,0,307,2025-01-05
198,P069,1,1,184,2024-06-08
224,P083,1,1,288,2024-01-31
390,P016,1,0,44,2025-05-29
456,P073,1,0,506,2024-11-08
562,P028,1,1,157,2025-03-14
355,P068,1,0,582,2024-06-11
326,P046,1,1,541,2025-04-08
293,P068,1,0,486,2024-03-11
124,P046,1,0,246,2024-04-21
258,P056,1,1,171,2024-08-12
205,P081,1,1,395,2024-08-09
236,P046,1,1,507,2024-06-22
215,P050,1,0,394,2024-06-02
369,P043,1,1,524,2024-10-21
558,P083,1,1,567,2024-03-16
155,P082,1,0,391,2025-05-13
285,P068,1,1,480,2024-08-16
559,P069,1,0,568,2025-06-22
116,P047,1,0,479,2024-11-04
261,P013,1,0,351,2024-07-01
251,P060,1,0,549,2025-03-26
483,P011,1,0,49,2024-01-25
489,P026,1,0,63,2024-09-08
275,P085,1,0,496,2024-11-28
598,P013,1,0,186,2025-06-26
302,P029,1,0,296,2024-11-09
509,P071,1,0,526,2024-09-02
318,P097,1,0,52,2024-05-31
412,P065,1,0,387,2025-01-02
476,P070,1,0,526,2024-03-13
252,P097,1,0,113,2025-04-21
548,P095,1,0,490,2024-02-01
143,P072,1,1,129,2024-08-02
364,P072,1,0,138,2024-04-26
349,P087,1,0,564,2024-09-08
307,P001,1,0,399,2025-03-08
535,P069,1,1,289,2024-09-14
380,P064,1,1,304,2024-09-05
145,P058,1,0,212,2024-05-17
167,P004,1,0,189,2024-10-12
463,P071,1,0,484,2024-06-13
549,P059,1,0,232,2024-12-09
529,P066,1,1,382,2025-01-28
393,P028,1,0,524,2025-05-15
481,P034,1,1,261,2024-10-23
171,P007,1,0,27,2024-06-15
247,P008,1,1,15,2024-12-27
122,P072,1,1,225,2024-10-18
279,P008,1,0,472,2024-08-26
291,P002,1,1,193,2025-01-28
567,P100,1,1,186,2024-12-17
458,P088,1,1,175,2025-03-12
135,P061,1,0,95,2025-01-10
535,P033,1,0,545,2024-05-19
554,P091,1,0,529,2025-04-07
117,P008,1,0,79,2024-08-10
320,P097,1,1,100,2024-08-09
409,P075,1,1,184,2024-08-01
180,P028,1,1,526,2025-03-30
526,P092,1,0,306,2024-12-02
149,P021,1,0,488,2025-03-06
434,P088,1,1,12,2025-04-06
517,P069,1,0,449,2024-01-08
585,P058,1,1,423,2024-10-24
248,P084,1,1,140,2024-01-04
568,P059,1,0,515,2025-05-15
153,P030,1,1,389,2024-06-08
469,P031,1,0,100,2024-06-28
381,P080,1,1,522,2024-11-19
160,P012,1,1,450,2024-01-03
278,P035,1,0,214,2024-03-18
550,P013,1,1,178,2025-01-21
568,P018,1,0,470,2024-10-04
595,P066,1,1,297,2025-02-08
306,P091,1,0,322,2025-01-30
467,P042,1,0,34,2025-01-06
332,P041,1,1,74,2024-09-30
219,P033,1,0,354,2024-10-10
357,P019,1,1,336,2024-01-10
585,P069,1,0,74,2024-03-22
285,P040,1,1,281,2025-04-06
454,P048,1,1,18,2024-10-30
317,P048,1,0,272,2024-06-24
275,P039,1,1,166,2024-06-03
490,P065,1,1,33,2024-08-21
462,P020,1,0,12,2024-06-23
392,P062,1,1,306,2024-01-25
517,P042,1,0,444,2025-04-05
443,P026,1,0,362,2024-06-15
119,P013,1,1,573,2025-04-10
303,P012,1,0,63,2025-04-02
529,P056,1,0,49,2024-06-16
522,P067,1,0,444,2024-12-18
225,P047,1,1,579,2024-03-19
382,P075,1,1,372,2025-04-20
417,P014,1,1,463,2024-06-11
142,P034,1,1,419,2024-06-17
426,P031,1,1,375,2024-12-19
162,P086,1,0,114,2024-01-30
498,P086,1,1,260,2024-09-15
307,P055,1,0,251,2024-02-20
360,P070,1,0,276,2024-01-05
371,P012,1,0,506,2024-05-11
535,P064,1,1,294,2025-03-16
108,P006,1,0,134,2024-04-01
288,P056,1,0,251,2024-05-03
599,P095,1,0,36,2025-06-05
237,P070,1,0,359,2025-04-12
460,P078,1,1,206,2024-08-17
527,P067,1,0,161,2024-09-13
110,P014,1,0,512,2025-02-19
298,P075,1,0,292,2024-09-27
321,P012,1,0,118,2024-01-28
159,P039,1,0,182,2025-03-29
436,P014,1,0,217,2024-01-09
241,P025,1,1,110,2024-03-12
198,P065,1,0,341,2024-01-08
565,P073,1,0,84,2024-01-03
476,P053,1,1,117,2025-05-08
216,P044,1,1,363,2025-05-16
163,P062,1,0,462,2024-06-09
542,P015,1,0,401,2024-10-22
131,P011,1,0,192,2024-11-24
389,P044,1,0,271,2025-01-03
238,P059,1,1,494,2024-05-22
374,P096,1,1,41,2025-05-28
529,P077,1,0,516,2024-06-07
265,P074,1,0,449,2024-04-19
301,P093,1,1,585,2024-07-24
536,P064,1,1,333,2024-01-18
155,P040,1,1,137,2024-02-17
568,P022,1,0,38,2024-09-01
304,P036,1,1,425,2024-12-26
460,P061,1,0,79,2024-02-14
285,P018,1,0,187,2024-07-13
450,P064,1,0,327,2024-07-20
563,P042,1,0,493,2025-05-08
385,P088,1,0,131,2024-11-22
189,P056,1,1,21,2025-05-16
252,P069,1,0,589,2024-08-09
273,P066,1,1,202,2025-05-11
469,P071,1,0,468,2024-04-24
582,P092,1,1,423,2025-02-13
591,P042,1,1,92,2024-10-17
255,P034,1,0,27,2024-08-19
192,P091,1,0,136,2024-06-01
235,P082,1,1,589,2024-04-25
491,P033,1,0,510,2024-09-27
166,P088,1,0,527,2024-04-15
285,P077,1,0,338,2024-11-02
270,P087,1,1,164,2025-05-08
584,P028,1,0,198,2024-01-24
233,P015,1,0,529,2024-07-24
412,P089,1,0,181,2024-09-29
162,P068,1,0,28,2024-10-23
369,P076,1,0,21,2025-01-31
111,P051,1,0,23,2025-06-22
463,P064,1,0,139,2024-10-01
116,P066,1,0,582,2024-08-08
584,P028,1,1,63,2024-02-01
445,P074,1,0,490,2024-08-11
219,P067,1,0,166,2024-07-01
534,P041,1,0,35,2024-05-25
466,P052,1,1,518,2024-06-10
135,P070,1,0,371,2025-05-16
564,P010,1,0,473,2025-05-17
219,P093,1,0,501,2024-12-02
224,P052,1,0,465,2025-01-26
436,P077,1,0,235,2025-02-06
160,P068,1,0,255,2025-02-22
375,P022,1,0,537,2024-07-11
596,P027,1,0,85,2024-12-10
326,P014,1,0,571,2024-07-31
106,P007,1,1,208,2024-01-29
423,P048,1,0,326,2024-09-14
142,P042,1,1,423,2025-05-11
534,P040,1,1,162,2025-04-09
263,P083,1,1,223,2024-07-15
487,P013,1,1,259,2024-01-19
482,P096,1,0,98,2024-11-30
462,P063,1,0,168,2024-01-07
374,P027,1,1,430,2024-04-12
538,P093,1,0,199,2024-05-25
358,P061,1,1,305,2025-04-28
220,P012,1,0,25,2025-06-01
523,P017,1,0,311,2025-06-17
526,P015,1,0,107,2024-03-06
197,P032,1,0,186,2025-01-13
345,P083,1,0,115,2025-01-16
379,P096,1,1,427,2025-04-28
156,P073,1,0,366,2024-06-12
430,P056,1,1,255,2024-01-10
185,P086,1,0,440,2025-06-22
124,P027,1,0,463,2024-08-02
389,P096,1,1,588,2025-02-20
323,P050,1,0,599,2024-01-22
396,P009,1,0,477,2024-10-15
135,P021,1,1,224,2024-03-14
437,P057,1,0,397,2025-05-12
210,P097,1,0,57,2025-06-30
190,P017,1,1,20,2024-10-07
353,P085,1,1,235,2024-01-23
149,P076,1,0,279,2024-01-29
535,P058,1,0,532,2025-06-27
191,P036,1,0,570,2024-08-06
429,P028,1,0,439,2025-04-23
176,P004,1,0,74,2024-01-19
156,P035,1,1,505,2024-08-16
476,P036,1,1,153,2025-04-23
189,P023,1,0,538,2025-01-12
376,P088,1,0,36,2024-04-17
285,P010,1,0,300,2025-05-31
310,P017,1,0,29,2025-02-21
375,P054,1,0,260,2025-02-23
241,P031,1,1,557,2024-09-29
133,P099,1,0,177,2024-09-11
284,P076,1,1,197,2024-03-04
548,P018,1,1,52,2024-03-12
302,P092,1,0,387,2024-04-18
286,P009,1,0,279,2025-05-18
326,P097,1,0,258,2024-10-15
208,P088,1,0,412,2025-03-04
245,P057,1,1,548,2024-10-25
424,P056,1,0,17,2024-08-10
224,P046,1,0,282,2025-01-27
359,P100,1,1,58,2024-04-14
265,P089,1,0,468,2025-02-19
279,P005,1,1,412,2024-02-04
227,P005,1,0,380,2025-05-28
276,P053,1,1,216,2025-02-28
561,P030,1,0,187,2024-05-05
412,P034,1,1,354,2025-05-11
562,P049,1,0,271,2024-08-11
546,P032,1,1,519,2024-03-12
190,P032,1,0,235,2024-02-08
324,P016,1,1,238,2025-03-31
467,P086,1,1,488,2024-03-04
303,P016,1,1,527,2025-05-02
546,P069,1,1,58,2024-03-23
382,P060,1,1,77,2025-02-25
551,P050,1,1,593,2024-07-24
237,P084,1,0,66,2024-12-03
537,P044,1,0,509,2024-06-17
236,P017,1,0,290,2024-05-14
118,P082,1,1,463,2025-06-08
562,P038,1,0,483,2024-05-01
491,P059,1,1,74,2024-07-15
325,P044,1,0,322,2025-03-04
523,P057,1,1,125,2024-09-26
524,P029,1,0,293,2025-06-29
395,P030,1,0,95,2025-04-17
262,P077,1,0,522,2025-06-09
421,P062,1,1,23,2024-03-01
544,P020,1,0,120,2025-06-24
385,P022,1,1,123,2025-02-07
124,P022,1,0,265,2024-08-29
235,P038,1,0,127,2024-01-02
188,P023,1,0,85,2024-08-17
389,P018,1,0,431,2024-01-26
424,P074,1,0,162,2025-06-24
548,P079,1,0,479,2024-01-02
480,P077,1,1,508,2024-06-27
577,P054,1,0,256,2024-06-01
390,P026,1,0,63,2024-01-13
179,P027,1,0,565,2024-11-26
184,P016,1,0,284,2024-01-09
121,P050,1,0,143,2024-10-04
149,P062,1,0,550,2025-02-18
123,P003,1,0,285,2025-06-08
358,P095,1,0,266,2025-04-09
454,P056,1,1,35,2024-06-22
404,P002,1,1,189,2025-04-19
306,P075,1,1,32,2024-10-01
560,P041,1,0,581,2024-07-09
109,P082,1,0,453,2024-05-15
335,P071,1,0,512,2024-06-14
543,P095,1,0,228,2025-06-22
197,P090,1,0,306,2024-11-19
216,P057,1,0,63,2024-03-17
483,P024,1,0,565,2024-09-30
486,P079,1,0,559,2024-12-18
314,P038,1,0,156,2024-01-10
311,P043,1,1,242,2024-04-30
175,P034,1,1,254,2025-06-28
556,P023,1,0,60,2025-02-03
423,P041,1,0,355,2025-04-07
222,P034,1,1,581,2024-12-02
240,P016,1,0,148,2024-08-26
324,P049,1,0,436,2024-07-06
528,P048,1,0,238,2024-02-02
582,P085,1,1,575,2024-03-10
406,P086,1,0,232,2024-07-15
599,P091,1,1,278,2024-11-02
271,P019,1,0,267,2024-12-30
499,P019,1,0,159,2024-03-01
282,P022,1,0,513,2024-07-25
366,P083,1,1,22,2025-04-07
494,P049,1,1,126,2024-09-11
162,P081,1,1,571,2025-05-01
460,P050,1,0,356,2024-10-24
468,P006,1,0,185,2024-05-20
105,P091,1,0,454,2025-04-11
387,P072,1,0,378,2024-04-15
181,P062,1,1,11,2024-11-17
351,P004,1,1,173,2025-05-09
198,P082,1,0,248,2025-06-15
538,P024,1,0,65,2024-01-09
444,P005,1,0,22,2024-04-01
157,P008,1,1,60,2024-02-21
391,P023,1,1,182,2024-04-25
496,P001,1,0,566,2025-06-26
347,P066,1,0,352,2024-04-27
557,P038,1,0,486,2025-05-30
398,P021,1,0,385,2024-10-19
600,P008,1,0,413,2024-06-29
477,P037,1,0,373,2025-01-10
289,P029,1,1,503,2024-02-20
393,P062,1,1,101,2024-11-20
440,P039,1,0,189,2024-02-22
285,P071,1,1,214,2024-05-21
463,P067,1,0,490,2024-03-05
457,P048,1,1,503,2024-12-03
260,P033,1,1,424,2024-08-07
193,P034,1,0,308,2025-02-05
308,P008,1,0,506,2024-07-04
407,P033,1,1,283,2024-06-06
195,P004,1,1,33,2024-01-15
155,P096,1,0,239,2024-04-10
589,P006,1,0,454,2024-03-03
409,P057,1,1,36,2025-03-17
336,P084,1,0,270,2024-09-07
106,P021,1,0,121,2024-08-08
574,P045,1,0,525,2024-01-14
290,P035,1,0,219,2024-08-13
497,P045,1,0,300,2024-03-17
283,P016,1,1,135,2024-08-28
580,P033,1,0,565,2025-06-10
158,P047,1,0,296,2025-03-28
476,P031,1,1,599,2024-01-10
267,P029,1,0,592,2024-04-18
468,P045,1,1,352,2025-05-21
177,P071,1,1,504,2025-01-31
382,P039,1,1,111,2025-06-18
488,P014,1,0,140,2024-07-10
299,P015,1,1,213,2025-02-07
173,P034,1,0,308,2024-05-01
395,P011,1,0,213,2024-11-23
390,P030,1,0,379,2024-11-08
237,P093,1,1,38,2024-12-09
473,P041,1,0,405,2024-08-30
452,P018,1,0,577,2024-07-05
328,P003,1,0,410,2024-05-22
320,P071,1,0,107,2024-02-13
386,P100,1,0,314,2025-04-28
315,P005,1,1,510,2025-05-19
408,P066,1,1,549,2025-01-29
451,P021,1,1,433,2025-05-25
582,P038,1,0,247,2024-07-21
524,P092,1,1,575,2025-06-17
511,P044,1,0,337,2025-06-08
130,P040,1,1,417,2024-06-14
283,P022,1,0,339,2024-01-31
548,P032,1,1,125,2024-12-01
214,P078,1,1,353,2024-08-08
134,P094,1,0,85,2024-08-05
283,P017,1,0,319,2025-06-02
271,P085,1,0,356,2024-03-18
331,P035,1,0,75,2024-07-08
577,P081,1,0,141,2024-03-21
563,P076,1,0,262,2024-04-17
253,P047,1,0,195,2025-03-13
433,P048,1,0,200,2024-11-27
572,P066,1,1,444,2025-02-06
102,P016,1,1,279,2025-02-14
560,P089,1,0,133,2025-03-09
101,P069,1,0,28,2025-05-11
253,P086,1,0,173,2024-12-29
256,P082,1,1,423,2024-04-30
431,P098,1,1,347,2024-02-12
575,P068,1,0,344,2024-04-23
148,P007,1,1,560,2024-01-19
542,P025,1,0,420,2024-04-28
278,P038,1,0,105,2024-03-03
264,P060,1,1,486,2024-03-03
227,P081,1,0,117,2024-07-29
486,P015,1,0,326,2024-05-16
566,P089,1,0,88,2024-02-15
132,P026,1,0,404,2025-03-17
570,P002,1,0,224,2024-06-04
385,P090,1,1,493,2025-06-20
386,P009,1,0,289,2024-12-10
320,P095,1,0,413,2024-12-13
588,P042,1,1,591,2024-04-20
270,P023,1,0,194,2025-04-30
455,P041,1,1,70,2024-02-01
153,P049,1,1,116,2024-12-10
201,P081,1,1,410,2024-09-19
243,P100,1,0,77,2025-01-25
185,P029,1,0,36,2024-09-11
104,P004,1,0,369,2024-06-23
544,P006,1,1,172,2024-07-26
261,P001,1,1,397,2025-06-09
374,P096,1,1,571,2024-08-23
135,P012,1,0,425,2024-07-21
453,P066,1,0,517,2025-02-21
378,P033,1,0,290,2024-03-08
437,P100,1,0,125,2024-03-09
348,P098,1,0,401,2024-05-31
546,P019,1,1,123,2025-05-26
378,P075,1,0,139,2025-02-26
476,P001,1,0,164,2024-01-15
104,P097,1,1,226,2024-01-23
182,P080,1,0,352,2024-11-12
170,P046,1,1,328,2024-06-05
360,P032,1,1,581,2024-04-14
157,P019,1,0,43,2024-12-09
403,P064,1,0,97,2024-07-09
451,P034,1,1,297,2024-06-04
460,P026,1,0,17,2024-05-25
264,P054,1,0,250,2024-07-02
458,P022,1,1,135,2025-04-07
153,P022,1,0,201,2024-02-23
551,P077,1,1,341,2024-12-04
553,P040,1,0,209,2024-10-13
218,P049,1,1,532,2025-03-02
394,P014,1,0,573,2024-02-26
211,P004,1,0,429,2025-01-16
541,P051,1,1,213,2024-01-21
473,P004,1,1,49,2024-09-10
361,P087,1,0,337,2024-12-05
313,P058,1,0,92,2024-08-27
237,P024,1,1,143,2024-08-24
199,P036,1,0,250,2024-01-22
456,P033,1,0,102,2024-11-11
189,P063,1,0,21,2024-12-21
142,P095,1,0,375,2024-10-18
508,P013,1,0,592,2024-04-23
488,P055,1,0,101,2024-03-22
177,P068,1,0,160,2024-11-22
572,P053,1,1,102,2025-02-08
523,P023,1,0,147,2025-02-16
482,P069,1,0,155,2025-01-11
146,P025,1,0,498,2024-05-26
343,P051,1,1,14,2024-12-29
286,P046,1,1,21,2025-06-09
245,P085,1,1,221,2024-04-20
108,P028,1,0,327,2025-02-23
405,P035,1,0,68,2025-04-06
245,P077,1,1,188,2024-02-18
411,P061,1,1,425,2025-05-29
139,P019,1,0,534,2025-05-28
365,P091,1,1,10,2024-03-10
429,P023,1,0,425,2024-12-27
146,P078,1,0,439,2024-06-22
411,P097,1,0,319,2024-05-25
114,P048,1,0,32,2024-07-24
120,P055,1,1,355,2025-05-13
556,P014,1,0,583,2025-05-25
282,P092,1,0,233,2024-10-22
360,P003,1,1,583,2024-01-20
138,P026,1,0,67,2024-11-11
519,P073,1,0,517,2024-09-21
467,P099,1,0,132,2024-10-10
191,P044,1,0,559,2024-07-04
333,P013,1,1,579,2024-02-01
251,P041,1,0,413,2024-07-02
187,P073,1,0,170,2024-12-30
541,P072,1,1,314,2025-05-01
579,P082,1,0,502,2024-06-08
160,P061,1,0,382,2024-02-27
281,P029,1,0,278,2024-10-01
508,P029,1,0,489,2024-11-03
533,P008,1,0,263,2025-01-04
418,P007,1,0,11,2024-02-12
420,P057,1,0,73,2025-04-23
551,P032,1,0,592,2025-05-14
212,P042,1,0,35,2024-01-08
562,P075,1,0,225,2024-04-01
367,P054,1,1,535,2024-09-03
442,P075,1,1,340,2024-03-08
544,P033,1,1,402,2024-09-06
543,P051,1,0,408,2024-08-24
399,P009,1,1,570,2024-02-21
122,P075,1,0,522,2024-01-01
555,P062,1,0,174,2024-04-06
366,P076,1,1,373,2024-05-06
240,P083,1,0,511,2024-07-28
243,P068,1,0,42,2025-04-07
450,P012,1,0,508,2024-11-16
249,P047,1,0,506,2025-01-06
578,P091,1,0,525,2025-03-13
381,P004,1,0,511,2025-05-23
579,P090,1,1,64,2024-02-29
145,P081,1,0,583,2025-06-29
286,P074,1,0,563,2025-04-16
578,P010,1,1,102,2024-09-12
419,P024,1,0,130,2025-05-14
129,P095,1,0,310,2025-02-02
293,P076,1,0,119,2024-09-21
587,P086,1,0,477,2024-07-22
550,P066,1,1,151,2025-02-04
406,P035,1,1,104,2024-08-19
442,P032,1,1,392,2024-05-11
402,P086,1,0,295,2024-02-29
424,P085,1,0,367,2024-10-24
270,P030,1,0,326,2024-05-17
552,P014,1,0,256,2024-03-28
453,P054,1,1,429,2024-12-23
159,P072,1,1,270,2024-01-26
202,P051,1,1,277,2024-02-16
172,P075,1,1,102,2025-03-19
360,P063,1,1,233,2024-08-05
196,P049,1,0,135,2024-01-19
112,P029,1,1,562,2024-12-10
361,P079,1,0,497,2024-05-12
390,P016,1,0,389,2024-04-12
265,P086,1,0,117,2025-06-25
489,P025,1,0,155,2024-08-06
568,P091,1,0,558,2024-03-23
493,P082,1,0,154,2025-02-11
109,P062,1,0,100,2024-05-08
242,P017,1,0,326,2024-09-21
139,P043,1,0,565,2024-05-19
533,P094,1,1,71,2025-04-27
180,P062,1,1,592,2024-10-27
393,P089,1,1,294,2024-02-26
508,P097,1,0,538,2025-06-17
396,P023,1,0,444,2024-07-04
557,P099,1,1,243,2025-01-25
331,P033,1,0,528,2025-03-01
289,P053,1,1,49,2024-02-01
507,P022,1,1,193,2024-12-16
487,P091,1,0,35,2024-08-16
253,P076,1,0,364,2025-01-18
209,P035,1,0,496,2025-02-02
131,P062,1,1,544,2025-05-18
302,P061,1,1,258,2025-03-04
473,P071,1,1,136,2025-01-01
196,P006,1,1,552,2024-11-11
293,P090,1,0,301,2025-05-18
328,P060,1,0,117,2024-12-21
537,P039,1,0,210,2024-08-11
255,P088,1,0,135,2024-02-07
145,P023,1,1,38,2024-07-01
397,P009,1,0,215,2024-09-21
592,P019,1,0,464,2024-09-21
357,P008,1,0,353,2025-01-03
409,P059,1,0,68,2024-12-21
298,P041,1,0,185,2025-04-11
552,P011,1,1,151,2025-03-05
423,P071,1,0,485,2025-01-15
119,P084,1,0,594,2025-01-31
335,P001,1,1,251,2024-07-30
556,P067,1,1,549,2024-01-10
320,P073,1,0,251,2024-07-22
372,P017,1,1,504,2025-06-04
452,P079,1,1,91,2025-03-28
178,P026,1,0,196,2024-04-18
283,P013,1,0,453,2024-06-22
359,P064,1,0,35,2024-01-25
192,P027,1,1,492,2025-04-08
528,P003,1,0,236,2024-03-09
207,P038,1,0,389,2024-03-05
309,P027,1,1,535,2025-05-31
487,P032,1,0,526,2025-03-28
448,P093,1,0,51,2025-01-14
338,P042,1,0,568,2024-03-20
160,P010,1,1,24,2024-04-02
310,P056,1,1,19,2024-04-20
467,P016,1,0,530,2024-04-24
254,P062,1,0,282,2024-08-31
383,P087,1,0,43,2024-04-19
502,P012,1,0,300,2024-01-30
565,P088,1,0,211,2024-12-14
414,P055,1,1,66,2024-03-03
551,P059,1,0,346,2024-11-17
205,P003,1,1,448,2024-05-17
474,P063,1,0,94,2025-03-05
400,P067,1,0,558,2024-07-22
131,P015,1,0,516,2025-03-08
191,P052,1,0,269,2024-05-29
556,P092,1,0,324,2025-01-14
226,P061,1,1,390,2025-02-15
417,P054,1,1,179,2025-02-09
514,P089,1,0,422,2024-05-27
388,P099,1,0,324,2024-05-01
331,P079,1,1,392,2024-08-11
122,P031,1,0,359,2024-02-22
114,P028,1,0,403,2025-02-06
121,P005,1,0,541,2024-11-16
268,P008,1,0,578,2024-10-13
448,P057,1,0,16,2025-03-05
365,P084,1,1,515,2024-07-17
499,P010,1,0,263,2025-03-17
330,P020,1,0,90,2024-02-29
577,P087,1,0,41,2024-10-23
574,P046,1,1,485,2024-12-29
440,P014,1,0,41,2024-04-21
185,P002,1,0,238,2024-01-24
529,P070,1,0,394,2024-07-24
596,P037,1,1,127,2024-03-25
111,P098,1,0,30,2024-05-17
496,P060,1,0,348,2025-03-24
508,P059,1,0,453,2024-03-26
539,P078,1,0,554,2024-11-12
500,P032,1,0,125,2024-06-15
595,P064,1,0,368,2025-01-01
510,P070,1,1,160,2024-10-24
200,P039,1,1,166,2024-05-26
369,P001,1,1,349,2025-04-03
295,P022,1,1,226,2025-01-29
188,P031,1,1,94,2025-02-23
467,P014,1,0,357,2024-01-03
174,P040,1,1,361,2024-11-21
501,P097,1,0,354,2025-02-04
364,P058,1,1,62,2025-06-21
375,P006,1,0,221,2024-12-24
537,P062,1,0,525,2024-05-30
123,P045,1,0,105,2024-09-02
340,P095,1,0,569,2024-07-01
415,P013,1,0,459,2024-03-26
305,P037,1,0,123,2025-02-15
418,P043,1,1,571,2024-03-01
131,P053,1,1,281,2024-03-17
490,P088,1,0,447,2024-02-04
547,P022,1,1,65,2024-03-05
187,P019,1,0,150,2024-12-29
377,P040,1,0,166,2024-08-30
369,P059,1,0,537,2024-10-19
360,P074,1,1,242,2025-02-22
393,P065,1,0,141,2024-06-19
273,P006,1,1,117,2024-08-10
292,P085,1,1,488,2024-04-03
211,P061,1,1,283,2024-07-04
514,P014,1,0,90,2024-11-20
485,P061,1,0,591,2025-01-18
168,P016,1,0,282,2025-02-17
509,P001,1,0,559,2024-06-16
308,P016,1,0,34,2024-11-01
525,P038,1,1,507,2025-02-26
443,P090,1,0,302,2024-09-29
203,P038,1,0,365,2024-03-04
141,P030,1,0,522,2024-04-13
526,P078,1,0,389,2025-04-10
512,P041,1,0,381,2024-06-21
213,P041,1,0,534,2025-04-23
165,P075,1,0,383,2024-01-04
280,P047,1,0,297,2024-03-11
151,P001,1,1,508,2024-03-30
267,P040,1,0,587,2024-06-22
189,P080,1,1,209,2024-10-23
310,P052,1,0,471,2024-06-12
288,P093,1,0,576,2024-08-17
281,P036,1,0,334,2025-04-10
196,P056,1,0,317,2025-06-15
481,P048,1,0,18,2024-02-19
180,P032,1,1,41,2025-04-17
583,P021,1,1,397,2025-04-12
497,P069,1,0,564,2025-02-10
294,P011,1,1,529,2024-05-20
551,P066,1,0,35,2024-10-02
122,P054,1,0,64,2024-11-09
542,P029,1,0,127,2024-01-11
568,P020,1,0,27,2024-04-18
502,P085,1,0,62,2024-04-22
508,P009,1,0,152,2025-02-02
586,P031,1,0,561,2025-02-23
364,P039,1,1,427,2025-03-12
314,P068,1,0,504,2024-07-24
595,P036,1,1,534,2024-05-07
546,P046,1,1,255,2024-03-29
194,P022,1,0,24,2024-09-17
199,P090,1,1,420,2024-02-03
567,P041,1,0,594,2024-02-26
238,P098,1,0,432,2024-11-06
458,P094,1,0,273,2025-01-24
486,P079,1,0,319,2024-05-20
432,P009,1,1,87,2024-01-15
311,P057,1,0,55,2025-01-03
207,P082,1,0,244,2024-06-24
310,P100,1,1,101,2024-12-12
149,P081,1,1,482,2024-04-15
117,P033,1,0,322,2024-10-10
577,P055,1,0,420,2024-08-22
373,P074,1,1,165,2024-05-24
365,P040,1,0,77,2024-11-11
473,P033,1,1,506,2024-02-16
457,P083,1,1,356,2025-05-20
590,P083,1,0,343,2025-06-02
132,P043,1,0,122,2025-03-17
225,P014,1,1,173,2025-03-30
574,P046,1,0,11,2025-02-27
438,P087,1,1,172,2024-04-15
272,P025,1,1,35,2024-01-16
589,P042,1,0,436,2025-05-10
466,P091,1,0,525,2024-05-06
497,P058,1,1,560,2024-02-26
204,P087,1,1,249,2024-02-03
551,P031,1,1,250,2025-05-09
284,P100,1,1,533,2024-04-17
498,P028,1,1,11,2024-04-12
530,P018,1,0,480,2024-01-24
413,P075,1,1,301,2024-10-17
402,P042,1,0,81,2024-03-07
206,P033,1,0,72,2024-07-07
541,P077,1,0,456,2024-04-30
561,P050,1,1,110,2024-12-06
209,P054,1,0,68,2025-02-28
356,P004,1,0,415,2025-01-21
347,P001,1,0,342,2025-06-25
419,P016,1,0,496,2024-04-17
