order_id,user_id,product_id,quantity,amount,date,status
5000,428,P015,1,16546.71,2024-10-08,delivered
5002,117,P004,1,56571.5,2024-08-11,delivered
5004,213,P058,5,228458.6,2024-10-11,delivered
5005,489,P021,4,12974.2,2024-12-14,delivered
5006,180,P028,3,35857.86,2024-04-14,delivered
5007,295,P013,3,140609.43,2024-12-18,delivered
5009,141,P071,3,234528.66,2025-01-05,delivered
5010,461,P009,1,53137.98,2024-08-21,delivered
5011,141,P030,1,77212.98,2025-01-24,delivered
5012,333,P082,3,183019.74,2024-06-15,delivered
5013,282,P027,3,10265.01,2024-03-14,delivered
5015,295,P035,5,182168.55,2024-08-12,delivered
5016,532,P099,1,48315.54,2024-08-22,delivered
5017,513,P041,4,98814.4,2024-10-01,delivered
5019,303,P083,4,255381.24,2024-05-26,delivered
5021,560,P075,4,181618.4,2025-01-05,delivered
5022,171,P066,4,208534.04,2024-04-03,delivered
5025,371,P033,5,255828.4,2024-01-12,delivered
5026,450,P069,3,239859.48,2024-12-14,delivered
5027,251,P056,2,98931.98,2025-04-09,delivered
5028,589,P093,3,93437.37,2025-05-27,delivered
5029,360,P014,3,208424.64,2025-06-03,delivered
5030,179,P048,2,71111.28,2025-06-27,delivered
5031,407,P042,4,225615.96,2024-01-20,delivered
5032,576,P047,3,161522.73,2024-09-02,delivered
5034,518,P009,5,265689.9,2024-05-08,delivered
5035,438,P061,5,275965.95,2024-06-18,delivered
5036,371,P078,4,129563.24,2024-08-04,delivered
5038,561,P067,4,34467.12,2024-05-03,delivered
5039,216,P009,3,159413.94,2024-01-22,delivered
5040,402,P029,1,78931.75,2024-03-13,delivered
5041,218,P009,1,53137.98,2024-12-04,delivered
5042,364,P031,3,1484.1,2025-05-12,delivered
5043,377,P017,5,108264.95,2025-04-29,delivered
5044,502,P061,4,220772.76,2024-07-13,delivered
5046,311,P060,1,74482.8,2024-04-10,delivered
5047,307,P094,3,107851.86,2024-04-21,delivered
5048,199,P025,5,126804.35,2025-04-04,delivered
5049,317,P024,3,224149.83,2025-04-18,delivered
5050,548,P010,4,152092.04,2024-04-10,delivered
5051,434,P070,1,3952.14,2024-04-05,delivered
5052,186,P053,4,302298.72,2025-05-07,delivered
5054,102,P050,3,42762.81,2025-04-10,delivered
5055,317,P090,5,146901.4,2025-05-13,delivered
5056,198,P038,2,106764.9,2024-02-29,delivered
5058,358,P068,2,105323.68,2024-02-28,delivered
5059,536,P024,1,74716.61,2024-03-10,delivered
5060,307,P016,5,45211.9,2024-09-09,delivered
5061,418,P011,4,270196.88,2025-06-19,delivered
5062,579,P034,2,138893.34,2024-11-17,delivered
5065,419,P073,1,69673.2,2024-03-16,delivered
5066,360,P034,2,138893.34,2024-12-23,delivered
5067,551,P032,3,228449.28,2024-10-18,delivered
5068,325,P070,3,11856.42,2025-06-25,delivered
5069,442,P071,3,234528.66,2024-04-16,delivered
5070,236,P015,1,16546.71,2024-06-08,delivered
5071,245,P078,2,64781.62,2024-12-17,delivered
5073,229,P007,1,3030.05,2025-03-09,delivered
5074,123,P001,3,103583.73,2024-05-13,delivered
5075,183,P095,4,76319.12,2025-03-13,delivered
5076,158,P010,2,76046.02,2024-02-06,delivered
5077,399,P071,2,156352.44,2025-03-16,delivered
5078,122,P040,3,7484.67,2024-02-10,delivered
5079,208,P088,2,1120.24,2024-04-15,delivered
5080,500,P072,4,130447.8,2024-06-07,delivered
5081,543,P021,2,6487.1,2025-02-26,delivered
5082,192,P095,3,57239.34,2025-02-25,delivered
5083,237,P021,1,3243.55,2025-01-26,delivered
5085,280,P040,2,4989.78,2024-08-16,delivered
5086,438,P025,4,101443.48,2024-12-02,delivered
5088,448,P069,3,239859.48,2024-01-29,delivered
5089,550,P034,2,138893.34,2024-09-28,delivered
5090,156,P077,4,281173.56,2024-12-19,delivered
5092,561,P074,2,125225.2,2024-09-17,delivered
5093,463,P056,1,49465.99,2025-06-16,delivered
5094,287,P056,1,49465.99,2024-12-04,delivered
5095,440,P016,3,27127.14,2025-06-03,delivered
5096,442,P053,3,226724.04,2025-02-16,delivered
5099,381,P001,3,103583.73,2024-10-20,delivered
5102,507,P095,2,38159.56,2024-03-27,delivered
5103,364,P085,5,327224.75,2024-12-09,delivered
5104,520,P097,2,36517.68,2024-11-13,delivered
5105,513,P026,2,81256.12,2024-01-26,delivered
5108,354,P052,2,134130.82,2024-05-31,delivered
5109,558,P097,1,18258.84,2025-03-11,delivered
5110,191,P090,5,146901.4,2025-04-20,delivered
5111,386,P032,1,76149.76,2025-04-12,delivered
5114,560,P021,4,12974.2,2025-04-05,delivered
5116,421,P031,3,1484.1,2025-03-26,delivered
5117,466,P037,2,78317.68,2024-10-05,delivered
5118,264,P070,1,3952.14,2024-05-21,delivered
5119,219,P050,2,28508.54,2024-08-07,delivered
5121,132,P027,4,13686.68,2025-02-02,delivered
5125,213,P035,4,145734.84,2025-05-12,delivered
5127,571,P017,5,108264.95,2025-06-30,delivered
5128,565,P051,5,277204.05,2024-01-28,delivered
5129,430,P055,2,79648.52,2025-04-17,delivered
5130,126,P034,4,277786.68,2024-12-01,delivered
5131,333,P042,3,169211.97,2025-01-23,delivered
5133,110,P096,5,149614.1,2024-02-23,delivered
5134,215,P084,1,34903.11,2024-02-11,delivered
5135,587,P032,2,152299.52,2024-01-21,delivered
5136,223,P017,4,86611.96,2024-04-27,delivered
5137,339,P090,3,88140.84,2025-01-12,delivered
5138,411,P078,1,32390.81,2024-06-16,delivered
5140,304,P092,2,111335.66,2024-03-18,delivered
5141,153,P090,3,88140.84,2024-05-03,delivered
5142,278,P069,4,319812.64,2025-01-14,delivered
5144,522,P063,1,17332.44,2025-03-19,delivered
5145,426,P059,2,5055.86,2025-03-21,delivered
5147,324,P094,5,179753.1,2024-10-01,delivered
5149,225,P097,4,73035.36,2025-01-23,delivered
5151,209,P046,3,22808.01,2024-12-14,delivered
5152,551,P077,3,210880.17,2024-01-11,delivered
5153,144,P031,4,1978.8,2025-05-15,delivered
5154,454,P061,4,220772.76,2025-04-03,delivered
5155,148,P038,2,106764.9,2025-02-18,delivered
5157,384,P068,3,157985.52,2025-03-11,delivered
5158,281,P090,4,117521.12,2024-10-04,delivered
5159,229,P030,1,77212.98,2024-07-16,delivered
5160,162,P096,5,149614.1,2024-07-08,delivered
5161,211,P095,4,76319.12,2024-10-10,delivered
5162,152,P025,3,76082.61,2024-08-20,delivered
5163,192,P039,1,11258.14,2025-06-30,delivered
5164,241,P006,1,13492.78,2024-10-26,delivered
5165,427,P097,4,73035.36,2024-04-15,delivered
5168,159,P009,4,212551.92,2025-05-18,delivered
5169,396,P081,1,64646.89,2024-06-04,delivered
5170,516,P073,3,209019.6,2024-03-28,delivered
5172,331,P057,3,208576.53,2025-03-15,delivered
5173,392,P080,1,53440.71,2024-04-11,delivered
5174,421,P028,3,35857.86,2024-03-24,delivered
5175,223,P023,5,181153.5,2024-03-17,delivered
5176,102,P053,4,302298.72,2025-04-26,delivered
5178,137,P088,2,1120.24,2024-09-27,delivered
5179,318,P015,5,82733.55,2024-08-18,delivered
5180,566,P035,2,72867.42,2024-03-14,delivered
5182,164,P060,3,223448.4,2025-02-16,delivered
5183,357,P070,4,15808.56,2025-03-24,delivered
5184,407,P006,4,53971.12,2024-11-26,delivered
5185,114,P012,2,128946.1,2024-01-22,delivered
5189,271,P042,1,56403.99,2024-06-13,delivered
5192,146,P041,3,74110.8,2024-11-27,delivered
5193,597,P099,4,193262.16,2025-06-10,delivered
5194,437,P070,4,15808.56,2025-02-27,delivered
5196,490,P007,2,6060.1,2024-09-30,delivered
5197,575,P037,4,156635.36,2025-05-11,delivered
5198,115,P081,5,323234.45,2024-09-02,delivered
5199,260,P071,1,78176.22,2025-02-21,delivered
5200,216,P015,4,66186.84,2024-04-30,delivered
5201,356,P092,3,167003.49,2025-06-05,delivered
5203,383,P019,4,170161.8,2024-07-14,delivered
5204,543,P009,3,159413.94,2025-02-28,delivered
5205,579,P065,3,94709.31,2024-01-03,delivered
5206,472,P039,5,56290.7,2025-05-16,delivered
5207,329,P069,4,319812.64,2024-12-19,delivered
5210,220,P100,4,213960.8,2024-02-14,delivered
5211,482,P061,4,220772.76,2025-01-30,delivered
5212,354,P005,2,26893.3,2025-05-29,delivered
5214,108,P093,2,62291.58,2025-02-23,delivered
5217,589,P041,4,98814.4,2024-02-06,delivered
5218,221,P081,3,193940.67,2024-08-20,delivered
5219,323,P013,1,46869.81,2025-03-30,delivered
5220,456,P039,1,11258.14,2024-02-17,delivered
5221,508,P008,3,176815.56,2025-01-02,delivered
5223,390,P088,2,1120.24,2024-06-23,delivered
5226,427,P033,4,204662.72,2024-09-18,delivered
5227,561,P060,3,223448.4,2024-06-10,delivered
5229,454,P033,4,204662.72,2024-11-05,delivered
5231,393,P046,5,38013.35,2024-10-29,delivered
5232,112,P085,4,261779.8,2024-10-08,delivered
5233,390,P088,1,560.12,2025-05-23,delivered
5234,498,P030,5,386064.9,2024-12-26,delivered
5235,426,P025,5,126804.35,2024-09-13,delivered
5237,118,P075,3,136213.8,2024-05-14,delivered
5238,566,P038,3,160147.35,2025-03-01,delivered
5239,203,P017,5,108264.95,2025-01-09,delivered
5240,526,P022,3,29569.74,2025-05-08,delivered
5241,483,P044,1,53907.25,2025-04-24,delivered
5242,173,P097,2,36517.68,2025-02-10,delivered
5243,147,P051,1,55440.81,2024-09-27,delivered
5244,333,P048,3,106666.92,2025-01-25,delivered
5245,156,P087,2,87209.36,2025-04-27,delivered
5246,418,P072,3,97835.85,2024-08-14,delivered
5247,426,P060,3,223448.4,2025-02-22,delivered
5250,333,P048,5,177778.2,2025-03-05,delivered
5252,581,P036,1,41296.12,2025-01-14,delivered
5253,328,P057,2,139051.02,2025-01-06,delivered
5254,452,P048,5,177778.2,2025-01-02,delivered
5256,147,P085,2,130889.9,2024-01-22,delivered
5257,503,P043,2,32456.18,2024-05-08,delivered
5258,136,P098,5,29741.75,2024-07-31,delivered
5259,517,P030,3,231638.94,2024-05-31,delivered
5260,242,P019,2,85080.9,2024-09-13,delivered
5261,157,P085,1,65444.95,2024-05-14,delivered
5262,284,P031,5,2473.5,2024-11-27,delivered
5266,358,P029,5,394658.75,2024-02-14,delivered
5269,465,P057,1,69525.51,2024-03-23,delivered
5270,412,P019,1,42540.45,2024-05-09,delivered
5276,261,P086,3,29114.1,2025-01-18,delivered
5277,452,P061,1,55193.19,2024-04-03,delivered
5278,148,P056,1,49465.99,2025-01-16,delivered
5279,385,P008,5,294692.6,2024-12-03,delivered
5280,311,P046,4,30410.68,2024-02-22,delivered
5281,408,P040,3,7484.67,2024-04-16,delivered
5282,180,P085,4,261779.8,2024-08-17,delivered
5283,280,P072,3,97835.85,2024-04-27,delivered
5284,394,P029,4,315727.0,2024-01-27,delivered
5285,115,P024,3,224149.83,2024-11-12,delivered
5287,136,P019,1,42540.45,2024-04-03,delivered
5288,293,P054,4,218766.08,2024-12-15,delivered
5289,290,P040,3,7484.67,2024-03-27,delivered
5290,180,P021,5,16217.75,2024-02-20,delivered
5292,313,P035,2,72867.42,2025-06-08,delivered
5294,370,P086,3,29114.1,2024-02-16,delivered
5295,303,P077,1,70293.39,2024-01-08,delivered
5296,255,P028,2,23905.24,2024-09-18,delivered
5298,190,P017,4,86611.96,2025-06-29,delivered
5300,542,P095,1,19079.78,2025-03-22,delivered
5302,464,P082,4,244026.32,2024-10-23,delivered
5306,369,P011,4,270196.88,2024-11-13,delivered
5307,214,P043,2,32456.18,2024-03-19,delivered
5308,372,P066,2,104267.02,2024-12-23,delivered
5309,473,P083,2,127690.62,2024-08-29,delivered
5310,175,P033,2,102331.36,2024-06-26,delivered
5312,338,P097,5,91294.2,2025-04-04,delivered
5314,135,P061,4,220772.76,2024-11-06,delivered
5315,403,P008,3,176815.56,2025-06-03,delivered
5316,259,P060,4,297931.2,2024-02-08,delivered
5320,357,P020,1,74934.79,2025-04-06,delivered
5321,516,P044,1,53907.25,2025-05-31,delivered
5322,121,P032,4,304599.04,2025-03-25,delivered
5324,497,P044,5,269536.25,2024-02-23,delivered
5325,134,P043,1,16228.09,2025-01-30,delivered
5326,230,P093,5,155728.95,2024-06-02,delivered
5327,142,P075,2,90809.2,2024-12-24,delivered
5328,596,P084,4,139612.44,2024-05-12,delivered
5329,259,P072,4,130447.8,2024-12-02,delivered
5331,361,P047,1,53840.91,2025-01-06,delivered
5332,193,P028,3,35857.86,2025-05-12,delivered
5333,216,P018,2,9322.48,2024-03-20,delivered
5334,533,P013,5,234349.05,2025-06-23,delivered
5338,413,P037,4,156635.36,2024-08-27,delivered
5341,595,P021,2,6487.1,2024-05-21,delivered
5342,127,P083,4,255381.24,2025-01-15,delivered
5343,465,P067,1,8616.78,2024-10-18,delivered
5344,491,P021,3,9730.65,2025-04-05,delivered
5346,553,P045,1,77595.97,2025-02-28,delivered
5348,142,P048,2,71111.28,2024-01-29,delivered
5349,577,P013,3,140609.43,2024-05-29,delivered
5351,330,P079,1,26229.95,2024-03-22,delivered
5353,157,P100,3,160470.6,2024-08-31,delivered
5355,133,P015,4,66186.84,2024-01-17,delivered
5356,468,P019,3,127621.35,2025-03-15,delivered
5357,415,P046,2,15205.34,2025-03-02,delivered
5358,441,P086,1,9704.7,2025-06-20,delivered
5359,135,P068,5,263309.2,2025-06-03,delivered
5360,300,P061,1,55193.19,2025-01-31,delivered
5361,230,P096,1,29922.82,2024-12-31,delivered
5362,277,P031,1,494.7,2024-12-06,delivered
5363,123,P046,5,38013.35,2024-12-12,delivered
5364,526,P100,4,213960.8,2025-05-05,delivered
5365,516,P018,1,4661.24,2025-04-13,delivered
5366,251,P026,1,40628.06,2024-07-23,delivered
5368,230,P005,2,26893.3,2024-10-19,delivered
5369,542,P100,1,53490.2,2024-12-05,delivered
5372,455,P064,3,158234.85,2025-06-15,delivered
5374,409,P024,5,373583.05,2024-10-27,delivered
5375,153,P011,3,202647.66,2024-10-29,delivered
5379,287,P066,2,104267.02,2024-02-01,delivered
5380,535,P078,4,129563.24,2024-02-05,delivered
5383,586,P048,3,106666.92,2025-03-30,delivered
5385,261,P084,3,104709.33,2024-09-12,delivered
5387,568,P072,1,32611.95,2024-09-25,delivered
5390,189,P092,4,222671.32,2024-03-30,delivered
5391,442,P045,1,77595.97,2024-10-24,delivered
5392,536,P021,2,6487.1,2025-01-05,delivered
5395,512,P071,2,156352.44,2024-03-29,delivered
5397,494,P053,5,377873.4,2024-03-16,delivered
5399,449,P067,3,25850.34,2024-05-11,delivered
5400,494,P017,4,86611.96,2025-05-29,delivered
5401,526,P016,5,45211.9,2024-06-05,delivered
5402,185,P021,3,9730.65,2024-08-18,delivered
5403,586,P067,3,25850.34,2024-03-21,delivered
5404,201,P082,5,305032.9,2024-10-08,delivered
5405,421,P039,5,56290.7,2025-06-30,delivered
5406,358,P083,2,127690.62,2024-06-06,delivered
5407,438,P080,5,267203.55,2024-12-11,delivered
5408,523,P004,1,56571.5,2024-02-16,delivered
5409,434,P027,5,17108.35,2025-03-02,delivered
5410,355,P081,5,323234.45,2024-10-23,delivered
5413,313,P062,4,216613.68,2024-07-27,delivered
5414,411,P019,3,127621.35,2024-11-22,delivered
5415,600,P052,2,134130.82,2025-01-14,delivered
5416,264,P031,4,1978.8,2024-05-05,delivered
5417,331,P032,2,152299.52,2024-04-09,delivered
5418,249,P050,5,71271.35,2025-03-04,delivered
5419,593,P021,3,9730.65,2024-11-16,delivered
5421,356,P040,4,9979.56,2024-01-24,delivered
5422,584,P051,5,277204.05,2025-04-13,delivered
5423,211,P075,3,136213.8,2024-02-19,delivered
5424,245,P064,5,263724.75,2025-04-26,delivered
5425,375,P002,1,19972.27,2025-03-17,delivered
5426,552,P034,3,208340.01,2025-02-16,delivered
5427,124,P052,1,67065.41,2024-07-18,delivered
5429,492,P071,3,234528.66,2024-05-01,delivered
5430,600,P013,4,187479.24,2025-01-17,delivered
5432,357,P006,1,13492.78,2024-02-09,delivered
5434,177,P078,5,161954.05,2024-05-23,delivered
5437,463,P073,3,209019.6,2025-05-01,delivered
5438,289,P043,1,16228.09,2025-03-02,delivered
5439,508,P093,1,31145.79,2025-04-30,delivered
5440,596,P084,5,174515.55,2024-08-21,delivered
5442,176,P088,2,1120.24,2024-02-02,delivered
5445,547,P095,1,19079.78,2024-05-21,delivered
5447,261,P023,4,144922.8,2025-06-29,delivered
5448,380,P046,3,22808.01,2025-05-10,delivered
5449,591,P032,3,228449.28,2024-11-01,delivered
5451,263,P062,3,162460.26,2024-10-07,delivered
5453,520,P045,2,155191.94,2024-10-24,delivered
5455,436,P033,4,204662.72,2024-08-07,delivered
5456,524,P069,3,239859.48,2024-10-05,delivered
5457,156,P079,5,131149.75,2024-09-02,delivered
5458,126,P086,5,48523.5,2024-08-19,delivered
5460,152,P088,2,1120.24,2024-01-06,delivered
5461,309,P084,4,139612.44,2025-05-03,delivered
5462,488,P037,3,117476.52,2024-10-19,delivered
5463,565,P099,1,48315.54,2024-08-25,delivered
5464,568,P023,4,144922.8,2024-06-29,delivered
5465,529,P051,4,221763.24,2024-07-09,delivered
5466,549,P005,1,13446.65,2024-11-01,delivered
5468,556,P018,5,23306.2,2025-04-24,delivered
5470,432,P033,2,102331.36,2024-01-15,delivered
5471,505,P038,5,266912.25,2024-07-16,delivered
5472,413,P082,4,244026.32,2025-03-13,delivered
5473,145,P052,1,67065.41,2024-07-08,delivered
5474,345,P042,2,112807.98,2024-01-07,delivered
5475,297,P031,4,1978.8,2024-09-30,delivered
5476,255,P075,5,227023.0,2024-01-12,delivered
5477,435,P047,2,107681.82,2024-03-04,delivered
5478,339,P040,2,4989.78,2025-02-19,delivered
5479,454,P016,3,27127.14,2025-01-11,delivered
5482,488,P069,2,159906.32,2024-09-10,delivered
5483,370,P058,5,228458.6,2025-01-05,delivered
5484,570,P073,1,69673.2,2024-03-04,delivered
5485,394,P069,2,159906.32,2024-06-17,delivered
5486,538,P067,4,34467.12,2024-04-29,delivered
5489,334,P073,1,69673.2,2025-04-18,delivered
5490,471,P003,4,197639.52,2024-09-17,delivered
5491,482,P028,5,59763.1,2024-03-15,delivered
5492,317,P045,1,77595.97,2024-03-02,delivered
5494,193,P099,2,96631.08,2025-03-06,delivered
5496,142,P088,5,2800.6,2024-05-16,delivered
5497,161,P023,5,181153.5,2025-02-06,delivered
5498,473,P029,1,78931.75,2024-01-24,delivered
5500,522,P030,2,154425.96,2025-04-16,delivered
5501,180,P036,2,82592.24,2024-04-25,delivered
5502,515,P085,4,261779.8,2024-01-17,delivered
5504,407,P087,1,43604.68,2024-09-07,delivered
5505,306,P057,2,139051.02,2024-08-10,delivered
5506,172,P065,3,94709.31,2024-08-27,delivered
5507,396,P077,3,210880.17,2024-08-30,delivered
5515,386,P068,2,105323.68,2025-02-01,delivered
5517,534,P048,1,35555.64,2024-07-14,delivered
5518,238,P049,5,347322.85,2024-02-10,delivered
5520,207,P043,3,48684.27,2024-01-16,delivered
5521,580,P025,1,25360.87,2025-05-05,delivered
5522,457,P078,2,64781.62,2025-02-10,delivered
5524,374,P084,3,104709.33,2024-11-11,delivered
5525,285,P066,4,208534.04,2025-04-22,delivered
5526,512,P093,4,124583.16,2024-11-23,delivered
5527,290,P041,4,98814.4,2024-02-16,delivered
5529,252,P020,2,149869.58,2024-12-03,delivered
5530,295,P073,2,139346.4,2025-05-26,delivered
5532,187,P094,3,107851.86,2024-06-22,delivered
5533,469,P070,4,15808.56,2024-07-07,delivered
5534,369,P005,1,13446.65,2024-02-19,delivered
5535,312,P018,2,9322.48,2024-03-10,delivered
5536,105,P028,5,59763.1,2025-04-11,delivered
5538,109,P001,5,172639.55,2025-02-25,delivered
5539,109,P068,3,157985.52,2024-10-20,delivered
5540,358,P090,4,117521.12,2024-07-02,delivered
5541,571,P013,5,234349.05,2024-06-01,delivered
5542,199,P080,5,267203.55,2024-09-15,delivered
5544,336,P073,2,139346.4,2024-08-19,delivered
5546,295,P049,5,347322.85,2025-05-02,delivered
5548,533,P056,3,148397.97,2024-04-07,delivered
5549,218,P028,5,59763.1,2025-05-01,delivered
5550,124,P010,3,114069.03,2024-02-03,delivered
5551,576,P041,1,24703.6,2024-07-31,delivered
5552,486,P092,4,222671.32,2024-03-19,delivered
5553,184,P073,2,139346.4,2025-02-02,delivered
5554,297,P097,2,36517.68,2024-03-21,delivered
5555,128,P013,4,187479.24,2024-08-25,delivered
5556,275,P078,5,161954.05,2025-02-10,delivered
5559,196,P088,5,2800.6,2025-01-24,delivered
5560,496,P080,3,160322.13,2024-09-09,delivered
5561,143,P035,2,72867.42,2025-01-24,delivered
5562,479,P050,3,42762.81,2025-01-04,delivered
5563,147,P001,3,103583.73,2025-03-31,delivered
5564,490,P035,1,36433.71,2024-05-15,delivered
5566,153,P004,1,56571.5,2024-12-28,delivered
5567,406,P077,3,210880.17,2025-01-29,delivered
5568,250,P053,4,302298.72,2024-03-27,delivered
5569,393,P067,2,17233.56,2025-01-24,delivered
5571,175,P009,2,106275.96,2025-03-21,delivered
5572,316,P039,4,45032.56,2024-03-19,delivered
5576,272,P056,5,247329.95,2024-05-19,delivered
5577,265,P078,2,64781.62,2025-05-05,delivered
5580,244,P051,3,166322.43,2024-04-26,delivered
5582,583,P091,2,63508.4,2025-03-24,delivered
5584,172,P082,3,183019.74,2024-09-04,delivered
5585,438,P020,4,299739.16,2025-01-21,delivered
5587,379,P005,3,40339.95,2024-03-28,delivered
5588,494,P032,3,228449.28,2024-06-19,delivered
5590,155,P002,1,19972.27,2024-09-21,delivered
5592,292,P051,4,221763.24,2025-05-27,delivered
5593,277,P004,4,226286.0,2024-04-17,delivered
5594,313,P011,1,67549.22,2024-05-25,delivered
5597,264,P009,3,159413.94,2024-02-15,delivered
5598,112,P044,1,53907.25,2024-06-17,delivered
5599,365,P023,5,181153.5,2024-06-12,delivered
5603,404,P055,4,159297.04,2024-01-05,delivered
5604,206,P036,1,41296.12,2024-04-14,delivered
5605,288,P042,2,112807.98,2025-04-13,delivered
5606,235,P086,4,38818.8,2025-06-24,delivered
5607,406,P050,5,71271.35,2025-02-05,delivered
5608,279,P046,4,30410.68,2024-06-25,delivered
5609,571,P079,5,131149.75,2024-03-27,delivered
5610,261,P016,2,18084.76,2024-11-08,delivered
5613,196,P063,5,86662.2,2024-06-26,delivered
5614,351,P037,2,78317.68,2024-07-10,delivered
5615,532,P058,5,228458.6,2024-02-24,delivered
5616,588,P002,4,79889.08,2024-05-19,delivered
5619,351,P022,1,9856.58,2024-02-01,delivered
5620,250,P005,3,40339.95,2024-08-18,delivered
5621,187,P100,4,213960.8,2025-05-22,delivered
5622,394,P015,3,49640.13,2025-01-10,delivered
5624,153,P095,2,38159.56,2024-10-31,delivered
5626,544,P016,2,18084.76,2024-08-02,delivered
5627,541,P091,5,158771.0,2025-03-14,delivered
5628,416,P018,2,9322.48,2024-07-30,delivered
5629,392,P045,5,387979.85,2024-10-14,delivered
5630,266,P091,3,95262.6,2024-10-23,delivered
5632,571,P008,3,176815.56,2024-05-09,delivered
5637,587,P063,3,51997.32,2024-01-03,delivered
5639,212,P055,2,79648.52,2025-05-21,delivered
5641,504,P044,1,53907.25,2024-02-17,delivered
5642,421,P059,1,2527.93,2024-05-07,delivered
5643,326,P059,1,2527.93,2025-03-14,delivered
5644,453,P017,3,64958.97,2024-06-11,delivered
5645,148,P084,3,104709.33,2024-09-13,delivered
5647,421,P040,2,4989.78,2025-03-15,delivered
5651,456,P017,4,86611.96,2024-03-13,delivered
5652,297,P012,1,64473.05,2024-04-15,delivered
5653,289,P039,2,22516.28,2025-01-26,delivered
5654,429,P087,2,87209.36,2024-03-11,delivered
5655,413,P084,2,69806.22,2025-03-26,delivered
5657,541,P028,1,11952.62,2024-04-12,delivered
5658,486,P016,5,45211.9,2025-01-28,delivered
5659,594,P055,3,119472.78,2024-05-23,delivered
5660,242,P083,1,63845.31,2024-09-11,delivered
5661,499,P089,1,26034.41,2024-11-04,delivered
5664,298,P015,2,33093.42,2025-05-26,delivered
5665,371,P002,3,59916.81,2024-11-20,delivered
5666,299,P073,4,278692.8,2025-01-09,delivered
5667,491,P061,1,55193.19,2024-01-18,delivered
5668,108,P034,2,138893.34,2024-02-10,delivered
5670,317,P090,4,117521.12,2024-03-25,delivered
5671,243,P011,3,202647.66,2024-03-21,delivered
5674,474,P031,1,494.7,2024-09-07,delivered
5675,574,P056,1,49465.99,2025-04-09,delivered
5676,259,P086,2,19409.4,2024-05-02,delivered
5678,588,P045,5,387979.85,2025-06-13,delivered
5679,186,P048,2,71111.28,2024-10-02,delivered
5680,495,P004,3,169714.5,2025-03-15,delivered
5683,540,P073,2,139346.4,2025-01-11,delivered
5684,231,P099,1,48315.54,2024-04-28,delivered
5685,480,P066,1,52133.51,2024-02-15,delivered
5688,215,P042,2,112807.98,2025-03-02,delivered
5689,239,P010,5,190115.05,2025-01-16,delivered
5690,358,P087,1,43604.68,2024-07-02,delivered
5691,512,P067,1,8616.78,2025-02-14,delivered
5692,550,P060,3,223448.4,2024-11-14,delivered
5693,145,P071,4,312704.88,2024-01-09,delivered
5694,203,P038,5,266912.25,2024-11-07,delivered
5695,338,P048,5,177778.2,2025-05-20,delivered
5696,476,P070,2,7904.28,2024-06-03,delivered
5697,578,P053,1,75574.68,2024-08-26,delivered
5698,426,P089,1,26034.41,2024-12-09,delivered
5699,489,P085,4,261779.8,2024-11-10,delivered
5701,593,P008,2,117877.04,2024-10-13,delivered
5702,123,P030,5,386064.9,2025-02-26,delivered
5703,335,P096,1,29922.82,2024-04-07,delivered
5705,440,P017,2,43305.98,2024-10-25,delivered
5706,536,P041,4,98814.4,2024-11-30,delivered
5707,332,P035,2,72867.42,2024-03-17,delivered
5708,170,P100,5,267451.0,2024-04-21,delivered
5709,155,P022,4,39426.32,2025-04-22,delivered
5710,309,P016,5,45211.9,2025-01-01,delivered
5711,332,P040,4,9979.56,2024-09-28,delivered
5712,147,P021,3,9730.65,2024-02-11,delivered
5713,528,P042,2,112807.98,2024-04-03,delivered
5714,596,P046,4,30410.68,2025-06-09,delivered
5715,447,P039,3,33774.42,2024-06-27,delivered
5716,588,P052,4,268261.64,2024-09-12,delivered
5717,337,P014,2,138949.76,2024-05-04,delivered
5718,132,P100,2,106980.4,2024-05-13,delivered
5719,522,P052,3,201196.23,2024-03-27,delivered
5720,570,P010,1,38023.01,2024-03-07,delivered
5721,563,P083,4,255381.24,2024-05-11,delivered
5724,355,P004,4,226286.0,2025-03-12,delivered
5725,282,P028,2,23905.24,2024-10-08,delivered
5726,329,P020,1,74934.79,2024-09-08,delivered
5727,356,P053,5,377873.4,2025-05-05,delivered
5729,203,P083,5,319226.55,2024-09-12,delivered
5732,239,P024,1,74716.61,2024-11-22,delivered
5734,372,P046,5,38013.35,2024-08-26,delivered
5735,152,P032,2,152299.52,2024-09-29,delivered
5736,492,P029,5,394658.75,2025-02-01,delivered
5737,579,P023,2,72461.4,2024-08-30,delivered
5738,513,P095,3,57239.34,2024-01-29,delivered
5739,586,P073,5,348366.0,2024-05-25,delivered
5740,529,P064,5,263724.75,2024-11-12,delivered
5741,352,P005,1,13446.65,2024-02-27,delivered
5743,101,P043,5,81140.45,2024-07-25,delivered
5744,275,P092,2,111335.66,2024-11-27,delivered
5745,112,P019,5,212702.25,2024-05-25,delivered
5746,534,P068,3,157985.52,2024-03-15,delivered
5747,461,P085,4,261779.8,2024-04-13,delivered
5749,506,P082,4,244026.32,2024-11-20,delivered
5750,463,P072,5,163059.75,2024-12-31,delivered
5751,441,P076,2,118204.18,2025-01-22,delivered
5752,476,P089,3,78103.23,2024-05-10,delivered
5753,474,P001,5,172639.55,2025-02-04,delivered
5754,194,P078,3,97172.43,2024-08-14,delivered
5755,580,P064,2,105489.9,2024-12-05,delivered
5756,222,P045,3,232787.91,2024-06-20,delivered
5757,521,P091,3,95262.6,2025-04-02,delivered
5758,236,P027,2,6843.34,2024-03-10,delivered
5761,353,P049,3,208393.71,2025-01-19,delivered
5762,525,P062,5,270767.1,2024-08-18,delivered
5763,332,P010,1,38023.01,2024-10-28,delivered
5764,264,P034,1,69446.67,2024-03-16,delivered
5765,188,P049,2,138929.14,2024-03-17,delivered
5766,274,P077,5,351466.95,2025-05-09,delivered
5767,321,P084,2,69806.22,2025-03-20,delivered
5768,128,P013,3,140609.43,2024-07-29,delivered
5769,310,P090,5,146901.4,2024-09-28,delivered
5771,393,P071,4,312704.88,2024-06-06,delivered
5772,285,P001,4,138111.64,2024-03-30,delivered
5773,522,P085,5,327224.75,2025-05-06,delivered
5774,150,P004,2,113143.0,2024-06-23,delivered
5777,195,P048,4,142222.56,2025-01-13,delivered
5779,235,P029,3,236795.25,2024-03-04,delivered
5780,486,P090,1,29380.28,2024-03-28,delivered
5781,514,P070,4,15808.56,2024-08-20,delivered
5783,394,P031,4,1978.8,2024-11-02,delivered
5784,303,P092,1,55667.83,2025-05-29,delivered
5785,162,P097,4,73035.36,2024-06-26,delivered
5786,598,P028,2,23905.24,2024-05-09,delivered
5787,317,P011,4,270196.88,2024-07-25,delivered
5788,528,P077,3,210880.17,2024-11-23,delivered
5789,145,P050,5,71271.35,2025-02-10,delivered
5790,539,P036,5,206480.6,2025-04-14,delivered
5792,158,P054,2,109383.04,2024-05-31,delivered
5793,574,P014,5,347374.4,2024-04-13,delivered
5794,545,P069,3,239859.48,2025-02-24,delivered
5795,297,P084,4,139612.44,2025-04-29,delivered
5797,120,P051,3,166322.43,2024-08-31,delivered
5798,482,P061,3,165579.57,2025-01-16,delivered
5800,540,P090,1,29380.28,2024-08-21,delivered
5801,254,P096,4,119691.28,2024-11-24,delivered
5802,474,P054,5,273457.6,2024-04-01,delivered
5803,327,P028,4,47810.48,2025-05-11,delivered
5804,521,P008,5,294692.6,2024-06-11,delivered
5805,260,P091,5,158771.0,2025-02-17,delivered
5806,500,P068,5,263309.2,2024-01-30,delivered
5807,199,P026,1,40628.06,2024-09-12,delivered
5808,334,P007,3,9090.15,2024-07-22,delivered
5809,289,P060,5,372414.0,2025-02-10,delivered
5811,405,P058,2,91383.44,2025-04-30,delivered
5812,277,P021,3,9730.65,2024-04-02,delivered
5813,115,P050,1,14254.27,2024-06-15,delivered
5814,539,P029,2,157863.5,2024-07-30,delivered
5815,434,P053,5,377873.4,2024-01-21,delivered
5816,343,P017,2,43305.98,2024-01-09,delivered
5818,559,P049,3,208393.71,2025-04-15,delivered
5820,400,P014,1,69474.88,2025-06-07,delivered
5821,388,P083,5,319226.55,2024-10-16,delivered
5822,451,P014,4,277899.52,2024-03-06,delivered
5823,242,P082,3,183019.74,2024-10-10,delivered
5824,436,P092,3,167003.49,2024-07-11,delivered
5828,478,P005,5,67233.25,2024-07-13,delivered
5829,472,P092,2,111335.66,2025-05-02,delivered
5830,360,P039,2,22516.28,2024-07-04,delivered
5831,150,P061,2,110386.38,2024-09-21,delivered
5832,585,P088,3,1680.36,2024-04-01,delivered
5833,282,P029,3,236795.25,2025-03-06,delivered
5835,536,P016,4,36169.52,2024-02-24,delivered
5837,372,P039,4,45032.56,2024-02-25,delivered
5840,271,P081,2,129293.78,2024-11-16,delivered
5841,103,P058,3,137075.16,2024-08-02,delivered
5842,396,P098,2,11896.7,2025-05-16,delivered
5844,320,P062,4,216613.68,2024-01-05,delivered
5845,374,P026,3,121884.18,2024-01-15,delivered
5846,488,P068,2,105323.68,2024-01-19,delivered
5847,421,P094,2,71901.24,2024-08-19,delivered
5848,260,P017,1,21652.99,2025-01-27,delivered
5849,186,P009,1,53137.98,2024-11-01,delivered
5850,334,P094,5,179753.1,2025-06-20,delivered
5853,110,P030,2,154425.96,2024-05-14,delivered
5854,476,P003,5,247049.4,2025-05-31,delivered
5855,164,P047,1,53840.91,2025-01-19,delivered
5856,495,P069,5,399765.8,2024-02-19,delivered
5857,439,P014,1,69474.88,2024-02-19,delivered
5858,314,P057,4,278102.04,2024-05-06,delivered
5859,343,P090,2,58760.56,2024-07-29,delivered
5860,255,P054,1,54691.52,2025-06-16,delivered
5861,419,P078,2,64781.62,2025-03-04,delivered
5862,362,P093,5,155728.95,2024-04-30,delivered
5863,159,P014,4,277899.52,2024-07-22,delivered
5864,499,P034,5,347233.35,2024-07-25,delivered
5865,461,P053,3,226724.04,2024-06-13,delivered
5866,381,P064,2,105489.9,2025-05-07,delivered
5867,221,P001,1,34527.91,2024-04-01,delivered
5868,528,P074,4,250450.4,2024-06-01,delivered
5869,500,P066,1,52133.51,2024-04-13,delivered
5870,430,P030,4,308851.92,2024-10-30,delivered
5871,338,P007,1,3030.05,2024-06-27,delivered
5873,479,P015,1,16546.71,2024-02-16,delivered
5874,537,P018,2,9322.48,2024-12-02,delivered
5875,558,P057,5,347627.55,2024-10-01,delivered
5878,510,P054,2,109383.04,2024-04-25,delivered
5879,457,P093,1,31145.79,2024-06-12,delivered
5880,314,P076,4,236408.36,2025-03-24,delivered
5881,413,P049,3,208393.71,2024-01-30,delivered
5883,124,P009,3,159413.94,2024-11-17,delivered
5884,461,P087,5,218023.4,2024-08-17,delivered
5886,439,P094,2,71901.24,2025-05-08,delivered
5887,440,P087,4,174418.72,2024-06-01,delivered
5890,265,P031,3,1484.1,2024-10-11,delivered
5894,329,P041,1,24703.6,2025-05-24,delivered
5895,153,P052,4,268261.64,2024-02-06,delivered
5896,523,P012,5,322365.25,2024-11-07,delivered
5897,436,P086,4,38818.8,2024-12-15,delivered
5898,523,P007,2,6060.1,2025-04-10,delivered
5899,387,P099,5,241577.7,2025-04-29,delivered
5900,467,P058,1,45691.72,2024-04-09,delivered
5901,102,P044,3,161721.75,2024-10-25,delivered
5903,172,P092,4,222671.32,2024-04-19,delivered
5905,211,P059,2,5055.86,2024-12-12,delivered
5907,335,P085,5,327224.75,2025-05-31,delivered
5908,594,P064,1,52744.95,2025-06-27,delivered
5909,384,P056,5,247329.95,2025-05-09,delivered
5910,455,P075,2,90809.2,2024-05-11,delivered
5913,594,P044,3,161721.75,2025-04-08,delivered
5914,171,P053,5,377873.4,2025-06-08,delivered
5915,532,P090,5,146901.4,2024-11-17,delivered
5916,203,P027,5,17108.35,2024-10-24,delivered
5917,572,P087,2,87209.36,2024-07-01,delivered
5920,514,P002,5,99861.35,2024-04-19,delivered
5921,296,P019,1,42540.45,2024-02-27,delivered
5922,237,P097,2,36517.68,2024-10-20,delivered
5923,175,P008,3,176815.56,2024-07-27,delivered
5926,299,P054,3,164074.56,2024-02-25,delivered
5927,481,P033,2,102331.36,2025-03-29,delivered
5928,567,P082,3,183019.74,2024-07-20,delivered
5929,251,P058,2,91383.44,2024-03-17,delivered
5931,121,P055,3,119472.78,2024-09-27,delivered
5932,183,P075,3,136213.8,2024-01-06,delivered
5933,339,P091,2,63508.4,2024-02-10,delivered
5934,576,P042,5,282019.95,2024-02-22,delivered
5935,352,P074,5,313063.0,2025-01-01,delivered
5936,502,P091,3,95262.6,2025-06-22,delivered
5937,590,P024,5,373583.05,2024-03-10,delivered
5938,313,P070,5,19760.7,2025-02-17,delivered
5939,279,P029,2,157863.5,2024-12-05,delivered
5941,388,P097,1,18258.84,2024-04-27,delivered
5942,329,P031,5,2473.5,2024-09-06,delivered
5944,232,P070,3,11856.42,2024-01-26,delivered
5945,364,P066,4,208534.04,2025-05-13,delivered
5946,252,P084,2,69806.22,2024-11-24,delivered
5947,586,P013,2,93739.62,2025-06-30,delivered
5949,528,P014,2,138949.76,2025-03-21,delivered
5951,468,P043,1,16228.09,2024-03-30,delivered
5952,128,P023,3,108692.1,2024-03-13,delivered
5954,423,P052,4,268261.64,2024-11-19,delivered
5955,300,P087,1,43604.68,2024-01-07,delivered
5956,488,P096,5,149614.1,2024-02-16,delivered
5957,284,P065,1,31569.77,2024-10-23,delivered
5959,303,P085,1,65444.95,2025-04-30,delivered
5960,374,P029,2,157863.5,2025-02-04,delivered
5961,592,P082,2,122013.16,2024-11-01,delivered
5962,591,P002,5,99861.35,2024-05-24,delivered
5963,122,P001,5,172639.55,2025-02-07,delivered
5965,564,P083,5,319226.55,2024-05-25,delivered
5966,195,P029,5,394658.75,2024-09-15,delivered
5968,431,P071,1,78176.22,2024-10-24,delivered
5969,229,P013,2,93739.62,2025-05-13,delivered
5970,283,P017,2,43305.98,2024-04-12,delivered
5972,331,P043,5,81140.45,2024-11-09,delivered
5974,187,P001,3,103583.73,2024-09-09,delivered
5975,465,P095,4,76319.12,2024-10-10,delivered
5977,329,P046,3,22808.01,2025-05-13,delivered
5978,190,P083,5,319226.55,2024-03-24,delivered
5979,540,P018,5,23306.2,2024-07-20,delivered
5980,476,P081,1,64646.89,2024-03-18,delivered
5981,535,P065,1,31569.77,2025-02-18,delivered
5984,215,P099,5,241577.7,2024-10-24,delivered
5986,287,P065,1,31569.77,2024-09-01,delivered
5987,488,P066,2,104267.02,2025-04-01,delivered
5990,219,P009,3,159413.94,2025-01-13,delivered
5991,122,P086,2,19409.4,2025-06-14,delivered
5992,299,P061,4,220772.76,2024-02-17,delivered
5993,433,P042,1,56403.99,2025-06-17,delivered
5995,435,P049,3,208393.71,2024-03-20,delivered
5996,293,P029,5,394658.75,2025-02-19,delivered
5997,519,P045,4,310383.88,2025-05-08,delivered
5998,357,P018,4,18644.96,2024-06-18,delivered
5999,140,P066,3,156400.53,2024-08-04,delivered
6000,196,P021,3,9730.65,2024-05-01,delivered
6003,112,P032,1,76149.76,2024-05-10,delivered
6004,169,P081,5,323234.45,2024-02-10,delivered
6006,407,P073,1,69673.2,2024-10-17,delivered
6008,188,P029,4,315727.0,2024-05-26,delivered
6009,420,P085,5,327224.75,2024-09-27,delivered
6010,471,P088,3,1680.36,2025-04-09,delivered
6011,218,P049,4,277858.28,2024-05-15,delivered
6013,524,P020,5,374673.95,2024-04-08,delivered
6014,344,P079,5,131149.75,2024-02-09,delivered
6017,218,P062,4,216613.68,2024-12-24,delivered
6018,318,P018,3,13983.72,2025-05-03,delivered
6019,566,P011,3,202647.66,2025-02-22,delivered
6020,197,P001,1,34527.91,2025-06-19,delivered
6021,367,P001,4,138111.64,2024-07-29,delivered
6025,487,P027,4,13686.68,2025-05-09,delivered
6026,290,P072,5,163059.75,2025-05-10,delivered
6027,258,P074,3,187837.8,2025-02-11,delivered
6029,501,P090,2,58760.56,2024-04-12,delivered
6030,361,P052,3,201196.23,2024-02-23,delivered
6031,300,P082,1,61006.58,2024-04-03,delivered
6032,342,P077,4,281173.56,2024-03-31,delivered
6033,235,P029,3,236795.25,2024-03-22,delivered
6034,471,P050,4,57017.08,2025-06-17,delivered
6036,325,P002,2,39944.54,2025-06-14,delivered
6037,200,P005,5,67233.25,2025-06-06,delivered
6038,415,P022,1,9856.58,2025-01-03,delivered
6039,436,P001,2,69055.82,2024-03-29,delivered
6041,401,P026,5,203140.3,2024-01-16,delivered
6042,571,P012,5,322365.25,2024-10-18,delivered
6044,577,P052,5,335327.05,2024-01-05,delivered
6045,190,P053,5,377873.4,2024-04-19,delivered
6046,358,P038,3,160147.35,2024-04-29,delivered
6048,595,P049,5,347322.85,2025-05-10,delivered
6049,488,P044,4,215629.0,2025-04-16,delivered
6052,590,P046,5,38013.35,2024-01-10,delivered
6053,228,P037,1,39158.84,2025-02-12,delivered
6054,139,P071,2,156352.44,2025-05-02,delivered
6055,282,P028,5,59763.1,2024-10-02,delivered
6056,585,P096,2,59845.64,2025-05-25,delivered
6057,221,P095,2,38159.56,2024-09-28,delivered
6058,218,P026,2,81256.12,2024-12-30,delivered
6061,291,P080,3,160322.13,2025-05-19,delivered
6063,214,P097,5,91294.2,2024-05-11,delivered
6064,370,P055,4,159297.04,2024-02-03,delivered
6065,302,P088,2,1120.24,2025-04-13,delivered
6066,458,P067,4,34467.12,2024-11-19,delivered
6067,107,P087,2,87209.36,2025-01-23,delivered
6068,267,P047,5,269204.55,2024-09-22,delivered
6070,591,P079,3,78689.85,2025-01-09,delivered
6071,356,P055,2,79648.52,2025-03-05,delivered
6072,287,P052,3,201196.23,2025-04-06,delivered
6073,393,P017,5,108264.95,2024-08-22,delivered
6075,201,P019,2,85080.9,2025-04-29,delivered
6076,191,P054,4,218766.08,2024-05-17,delivered
6077,503,P063,3,51997.32,2024-09-13,delivered
6078,304,P013,2,93739.62,2024-03-02,delivered
6080,482,P043,3,48684.27,2025-01-04,delivered
6081,387,P072,3,97835.85,2024-12-18,delivered
6082,311,P016,3,27127.14,2024-07-22,delivered
6085,415,P037,4,156635.36,2024-05-28,delivered
6086,428,P044,4,215629.0,2025-02-18,delivered
6087,141,P021,3,9730.65,2024-08-21,delivered
6090,312,P022,2,19713.16,2024-01-24,delivered
6091,473,P031,3,1484.1,2024-03-22,delivered
6092,186,P051,1,55440.81,2024-04-07,delivered
6093,580,P061,5,275965.95,2024-02-25,delivered
6094,495,P051,5,277204.05,2024-03-26,delivered
6097,421,P017,2,43305.98,2025-06-23,delivered
6099,340,P070,3,11856.42,2025-03-31,delivered
6101,424,P096,5,149614.1,2025-03-21,delivered
6102,566,P045,4,310383.88,2024-08-20,delivered
6103,327,P040,3,7484.67,2025-02-26,delivered
6104,180,P039,1,11258.14,2024-01-01,delivered
6106,585,P097,4,73035.36,2024-11-02,delivered
6107,493,P056,3,148397.97,2024-08-24,delivered
6110,213,P034,1,69446.67,2025-03-08,delivered
6111,365,P098,5,29741.75,2024-10-05,delivered
6113,197,P009,2,106275.96,2024-05-19,delivered
6114,157,P082,4,244026.32,2025-04-08,delivered
6115,459,P080,4,213762.84,2024-07-11,delivered
6116,110,P020,1,74934.79,2024-01-23,delivered
6117,598,P014,3,208424.64,2024-10-02,delivered
6118,467,P057,1,69525.51,2024-08-26,delivered
6119,178,P002,4,79889.08,2024-08-10,delivered
6121,457,P005,3,40339.95,2024-03-23,delivered
6123,193,P025,3,76082.61,2025-01-25,delivered
6126,477,P099,1,48315.54,2025-06-17,delivered
6127,343,P050,3,42762.81,2024-11-26,delivered
6128,423,P094,1,35950.62,2025-06-17,delivered
6129,230,P062,3,162460.26,2024-07-22,delivered
6130,555,P007,2,6060.1,2024-04-25,delivered
6131,425,P056,3,148397.97,2024-01-16,delivered
6134,453,P077,2,140586.78,2025-01-15,delivered
6135,228,P021,4,12974.2,2024-04-03,delivered
6136,577,P098,1,5948.35,2024-03-02,delivered
6137,431,P020,5,374673.95,2024-04-19,delivered
6139,476,P025,1,25360.87,2025-01-21,delivered
6142,198,P073,2,139346.4,2024-12-22,delivered
6143,475,P060,3,223448.4,2024-06-13,delivered
6144,372,P020,4,299739.16,2024-10-29,delivered
6146,476,P024,1,74716.61,2025-01-07,delivered
6147,265,P093,1,31145.79,2025-01-31,delivered
6148,369,P088,4,2240.48,2024-06-06,delivered
6149,266,P053,3,226724.04,2024-04-23,delivered
6150,368,P085,1,65444.95,2024-02-14,delivered
6153,370,P080,5,267203.55,2024-09-19,delivered
6154,288,P029,5,394658.75,2024-03-13,delivered
6157,521,P048,1,35555.64,2024-09-29,delivered
6158,476,P010,3,114069.03,2024-03-20,delivered
6159,592,P067,1,8616.78,2024-04-13,delivered
6160,373,P050,2,28508.54,2024-07-16,delivered
6161,392,P081,2,129293.78,2025-03-01,delivered
6163,460,P086,4,38818.8,2024-04-16,delivered
6164,506,P024,5,373583.05,2025-02-15,delivered
6165,437,P021,5,16217.75,2025-03-29,delivered
6166,563,P041,5,123518.0,2024-11-28,delivered
6167,312,P098,4,23793.4,2024-11-27,delivered
6168,389,P070,2,7904.28,2025-01-19,delivered
6169,285,P058,4,182766.88,2025-02-10,delivered
6170,472,P005,3,40339.95,2024-01-17,delivered
6171,556,P039,1,11258.14,2024-11-03,delivered
6172,210,P041,1,24703.6,2024-10-09,delivered
6173,149,P005,4,53786.6,2024-12-30,delivered
6174,171,P034,3,208340.01,2024-09-12,delivered
6175,232,P039,1,11258.14,2025-02-13,delivered
6176,476,P010,3,114069.03,2025-05-09,delivered
6177,350,P089,5,130172.05,2024-04-07,delivered
6178,120,P094,5,179753.1,2025-01-25,delivered
6181,128,P040,5,12474.45,2024-02-12,delivered
6182,377,P073,2,139346.4,2024-11-30,delivered
6183,179,P007,4,12120.2,2025-04-01,delivered
6184,214,P056,3,148397.97,2025-02-07,delivered
6185,168,P044,1,53907.25,2025-05-02,delivered
6188,387,P026,4,162512.24,2025-02-08,delivered
6189,388,P079,5,131149.75,2024-09-09,delivered
6190,137,P035,4,145734.84,2024-11-27,delivered
6191,158,P086,4,38818.8,2025-03-09,delivered
6192,279,P025,3,76082.61,2024-12-18,delivered
6194,420,P019,4,170161.8,2024-02-15,delivered
6195,203,P088,3,1680.36,2024-06-08,delivered
6196,158,P095,1,19079.78,2024-09-05,delivered
6197,545,P037,1,39158.84,2024-12-17,delivered
6198,257,P058,4,182766.88,2024-01-24,delivered
6199,208,P095,5,95398.9,2024-08-04,delivered
6200,380,P067,3,25850.34,2025-05-09,delivered
6201,456,P090,1,29380.28,2025-01-20,delivered
6202,231,P022,1,9856.58,2024-10-17,delivered
6203,505,P090,5,146901.4,2024-10-04,delivered
6205,439,P035,3,109301.13,2024-04-20,delivered
6208,544,P077,5,351466.95,2024-03-31,delivered
6209,202,P065,4,126279.08,2024-01-23,delivered
6211,302,P096,2,59845.64,2024-01-19,delivered
6212,451,P046,3,22808.01,2024-11-05,delivered
6214,556,P004,5,282857.5,2024-10-13,delivered
6215,178,P044,4,215629.0,2024-05-20,delivered
6217,224,P074,2,125225.2,2025-03-12,delivered
6218,566,P078,3,97172.43,2025-04-04,delivered
6219,206,P084,2,69806.22,2024-07-26,delivered
6221,566,P099,2,96631.08,2024-06-10,delivered
6222,135,P072,5,163059.75,2024-05-01,delivered
6224,593,P053,3,226724.04,2025-03-29,delivered
6225,178,P100,2,106980.4,2024-04-19,delivered
6226,195,P004,5,282857.5,2024-09-30,delivered
6227,406,P030,2,154425.96,2024-01-27,delivered
6230,352,P061,2,110386.38,2024-06-16,delivered
6231,216,P005,4,53786.6,2024-01-16,delivered
6232,587,P053,2,151149.36,2024-07-26,delivered
6233,134,P023,4,144922.8,2025-05-16,delivered
6235,498,P006,5,67463.9,2025-01-24,delivered
6236,302,P079,5,131149.75,2025-06-21,delivered
6237,367,P014,4,277899.52,2025-04-12,delivered
6238,550,P032,5,380748.8,2025-02-09,delivered
6239,386,P050,5,71271.35,2024-02-20,delivered
6240,250,P057,4,278102.04,2024-11-07,delivered
6241,337,P022,4,39426.32,2024-10-28,delivered
6243,147,P093,5,155728.95,2024-04-25,delivered
6245,312,P042,4,225615.96,2024-01-26,delivered
6246,333,P076,2,118204.18,2025-04-10,delivered
6247,229,P042,2,112807.98,2024-05-06,delivered
6248,159,P091,4,127016.8,2025-01-06,delivered
6249,369,P091,4,127016.8,2025-06-07,delivered
6250,294,P071,4,312704.88,2024-02-14,delivered
6251,568,P043,5,81140.45,2024-06-02,delivered
6253,258,P040,4,9979.56,2024-10-22,delivered
6254,161,P017,2,43305.98,2024-01-04,delivered
6255,107,P059,4,10111.72,2025-05-25,delivered
6257,333,P053,4,302298.72,2024-03-22,delivered
6258,226,P071,3,234528.66,2024-07-31,delivered
6259,195,P019,1,42540.45,2024-12-23,delivered
6260,175,P005,5,67233.25,2024-11-01,delivered
6263,484,P075,3,136213.8,2024-02-06,delivered
6265,520,P009,4,212551.92,2024-03-07,delivered
6266,342,P018,1,4661.24,2024-10-08,delivered
6267,370,P053,5,377873.4,2024-08-02,delivered
6268,414,P008,1,58938.52,2025-06-25,delivered
6270,412,P041,3,74110.8,2025-06-22,delivered
6272,353,P024,5,373583.05,2024-08-26,delivered
6275,124,P043,3,48684.27,2024-08-05,delivered
6276,428,P026,3,121884.18,2024-09-17,delivered
6277,258,P039,5,56290.7,2024-11-27,delivered
6279,471,P073,5,348366.0,2024-01-30,delivered
6281,509,P005,2,26893.3,2025-05-08,delivered
6283,502,P053,1,75574.68,2025-06-17,delivered
6284,390,P093,3,93437.37,2024-01-20,delivered
6285,396,P088,3,1680.36,2024-12-28,delivered
6286,597,P020,3,224804.37,2024-02-01,delivered
6288,196,P077,1,70293.39,2024-11-11,delivered
6289,464,P005,3,40339.95,2025-02-27,delivered
6290,355,P031,3,1484.1,2025-04-07,delivered
6291,211,P068,3,157985.52,2024-06-28,delivered
6293,360,P004,4,226286.0,2025-05-27,delivered
6294,198,P044,4,215629.0,2025-06-20,delivered
6295,498,P042,2,112807.98,2024-04-10,delivered
6297,466,P067,1,8616.78,2024-01-05,delivered
6298,578,P006,5,67463.9,2024-03-30,delivered
6299,340,P006,1,13492.78,2025-06-17,delivered
6300,112,P074,3,187837.8,2024-08-02,delivered
6301,203,P025,3,76082.61,2024-10-10,delivered
6302,496,P057,1,69525.51,2024-10-06,delivered
6303,181,P036,1,41296.12,2024-01-16,delivered
6304,206,P070,3,11856.42,2024-11-22,delivered
6305,173,P091,3,95262.6,2024-09-07,delivered
6307,126,P017,1,21652.99,2025-04-27,delivered
6309,301,P023,5,181153.5,2025-04-01,delivered
6310,260,P043,2,32456.18,2025-06-30,delivered
6311,599,P097,4,73035.36,2024-05-14,delivered
6313,259,P088,4,2240.48,2025-04-26,delivered
6314,586,P029,2,157863.5,2024-09-21,delivered
6316,350,P004,1,56571.5,2025-05-01,delivered
6317,280,P062,4,216613.68,2024-06-23,delivered
6318,494,P045,5,387979.85,2024-05-10,delivered
6319,308,P092,1,55667.83,2024-11-29,delivered
6321,403,P053,2,151149.36,2024-09-06,delivered
6322,599,P062,4,216613.68,2024-03-08,delivered
6324,391,P044,5,269536.25,2024-08-29,delivered
6325,440,P086,1,9704.7,2025-05-13,delivered
6326,404,P077,4,281173.56,2024-11-29,delivered
6328,136,P077,1,70293.39,2025-01-23,delivered
6329,354,P083,1,63845.31,2024-04-02,delivered
6330,519,P018,5,23306.2,2024-01-01,delivered
6331,439,P020,4,299739.16,2025-06-28,delivered
6332,300,P079,5,131149.75,2025-04-02,delivered
6333,206,P088,3,1680.36,2024-11-02,delivered
6334,571,P056,3,148397.97,2024-04-01,delivered
6335,414,P066,4,208534.04,2024-05-10,delivered
6336,132,P048,5,177778.2,2024-02-24,delivered
6337,461,P072,3,97835.85,2024-04-22,delivered
6341,172,P025,5,126804.35,2025-01-28,delivered
6342,531,P054,2,109383.04,2024-10-22,delivered
6343,169,P002,1,19972.27,2024-01-17,delivered
6344,470,P063,4,69329.76,2024-05-19,delivered
6347,383,P058,4,182766.88,2024-12-29,delivered
6349,534,P094,2,71901.24,2025-05-28,delivered
6350,311,P070,5,19760.7,2025-01-10,delivered
6351,120,P073,4,278692.8,2025-01-12,delivered
6352,398,P062,1,54153.42,2024-05-25,delivered
6353,339,P067,1,8616.78,2025-06-19,delivered
6354,226,P061,1,55193.19,2024-11-15,delivered
6357,281,P038,3,160147.35,2024-06-20,delivered
6358,456,P077,3,210880.17,2024-09-23,delivered
6359,423,P061,5,275965.95,2024-06-22,delivered
6360,437,P038,5,266912.25,2024-01-28,delivered
6361,349,P011,2,135098.44,2025-06-01,delivered
6362,536,P036,3,123888.36,2024-05-15,delivered
6363,241,P033,1,51165.68,2024-04-24,delivered
6364,566,P076,2,118204.18,2025-04-02,delivered
6366,193,P068,1,52661.84,2024-12-17,delivered
6369,472,P082,2,122013.16,2024-08-03,delivered
6370,128,P083,3,191535.93,2024-04-28,delivered
6371,186,P060,4,297931.2,2025-05-02,delivered
6373,450,P091,4,127016.8,2025-04-30,delivered
6374,175,P068,4,210647.36,2024-01-13,delivered
6375,575,P058,4,182766.88,2024-11-19,delivered
6376,150,P069,3,239859.48,2025-03-18,delivered
6377,272,P035,3,109301.13,2024-04-10,delivered
6378,436,P075,4,181618.4,2025-04-17,delivered
6379,476,P087,5,218023.4,2024-07-18,delivered
6380,447,P089,2,52068.82,2024-11-16,delivered
6382,151,P068,1,52661.84,2025-04-01,delivered
6383,213,P093,3,93437.37,2024-09-14,delivered
6384,118,P004,5,282857.5,2024-04-04,delivered
6385,581,P077,2,140586.78,2024-05-04,delivered
6386,145,P078,2,64781.62,2025-01-19,delivered
6387,559,P015,2,33093.42,2024-09-16,delivered
6388,340,P085,1,65444.95,2025-04-09,delivered
6389,494,P055,3,119472.78,2024-09-20,delivered
6391,299,P043,1,16228.09,2024-09-21,delivered
6392,192,P057,1,69525.51,2025-05-18,delivered
6393,413,P051,2,110881.62,2025-05-18,delivered
6394,174,P070,4,15808.56,2024-08-11,delivered
6395,568,P057,3,208576.53,2024-04-15,delivered
6397,110,P064,2,105489.9,2024-01-01,delivered
6398,441,P050,3,42762.81,2024-06-04,delivered
6400,345,P056,4,197863.96,2024-03-12,delivered
6401,102,P050,4,57017.08,2024-05-04,delivered
6402,271,P088,3,1680.36,2025-02-14,delivered
6403,424,P083,1,63845.31,2025-01-09,delivered
6404,142,P059,3,7583.79,2024-07-26,delivered
6405,384,P006,4,53971.12,2024-07-14,delivered
6407,144,P081,4,258587.56,2024-07-13,delivered
6410,374,P058,1,45691.72,2024-02-07,delivered
6411,129,P044,1,53907.25,2025-02-19,delivered
6412,209,P084,5,174515.55,2025-04-14,delivered
6413,480,P075,2,90809.2,2024-03-14,delivered
6415,565,P080,1,53440.71,2024-09-05,delivered
6416,108,P023,1,36230.7,2024-11-10,delivered
6417,334,P079,2,52459.9,2024-03-06,delivered
6418,159,P064,5,263724.75,2024-08-13,delivered
6420,267,P016,5,45211.9,2024-05-20,delivered
6421,529,P028,1,11952.62,2024-06-26,delivered
6424,225,P075,1,45404.6,2024-05-16,delivered
6425,506,P081,5,323234.45,2025-01-20,delivered
6426,109,P063,1,17332.44,2024-01-07,delivered
6428,456,P099,4,193262.16,2024-05-09,delivered
6430,311,P031,2,989.4,2024-02-08,delivered
6431,468,P064,5,263724.75,2024-03-31,delivered
6432,279,P054,1,54691.52,2024-08-29,delivered
6433,161,P068,1,52661.84,2025-01-05,delivered
6434,338,P099,2,96631.08,2024-10-10,delivered
6436,191,P021,1,3243.55,2024-02-25,delivered
6437,246,P027,4,13686.68,2024-09-14,delivered
6438,416,P098,4,23793.4,2024-02-14,delivered
6439,480,P007,5,15150.25,2024-06-29,delivered
6440,503,P004,4,226286.0,2025-06-11,delivered
6442,202,P096,3,89768.46,2024-08-23,delivered
6444,546,P026,4,162512.24,2024-08-13,delivered
6446,175,P028,5,59763.1,2025-04-10,delivered
6447,299,P048,2,71111.28,2025-04-13,delivered
6448,424,P046,3,22808.01,2024-07-26,delivered
6449,166,P005,5,67233.25,2024-03-02,delivered
6451,188,P098,3,17845.05,2024-08-13,delivered
6452,410,P021,5,16217.75,2024-06-23,delivered
6453,145,P053,5,377873.4,2025-05-15,delivered
6454,403,P061,4,220772.76,2024-10-12,delivered
6455,474,P055,2,79648.52,2024-09-10,delivered
6456,323,P075,2,90809.2,2024-06-01,delivered
6457,314,P006,1,13492.78,2025-04-26,delivered
6458,318,P068,4,210647.36,2025-05-05,delivered
6459,332,P064,2,105489.9,2024-03-26,delivered
6460,455,P094,4,143802.48,2024-08-11,delivered
6461,284,P038,2,106764.9,2024-04-02,delivered
6464,338,P099,2,96631.08,2025-02-19,delivered
6465,505,P048,4,142222.56,2024-01-02,delivered
6466,298,P089,3,78103.23,2025-06-27,delivered
6467,252,P055,3,119472.78,2024-07-31,delivered
6468,418,P043,1,16228.09,2025-06-11,delivered
6469,555,P007,1,3030.05,2025-01-27,delivered
6470,339,P080,1,53440.71,2025-01-09,delivered
6471,190,P083,5,319226.55,2024-03-09,delivered
6473,478,P097,5,91294.2,2024-08-02,delivered
6475,242,P007,1,3030.05,2025-01-16,delivered
6476,332,P063,5,86662.2,2025-06-23,delivered
6477,341,P091,5,158771.0,2025-06-29,delivered
6478,332,P080,3,160322.13,2024-03-08,delivered
6480,560,P023,3,108692.1,2024-03-19,delivered
6482,178,P027,5,17108.35,2024-01-24,delivered
6484,278,P054,4,218766.08,2024-01-22,delivered
6485,197,P009,1,53137.98,2024-08-25,delivered
6488,256,P073,2,139346.4,2024-11-09,delivered
6489,505,P034,2,138893.34,2025-05-10,delivered
6490,598,P037,1,39158.84,2024-05-31,delivered
6491,246,P059,2,5055.86,2024-06-13,delivered
6492,194,P023,2,72461.4,2024-06-14,delivered
6494,234,P048,2,71111.28,2024-07-29,delivered
6495,441,P041,3,74110.8,2024-05-31,delivered
6496,330,P070,2,7904.28,2025-06-30,delivered
6497,163,P004,4,226286.0,2025-05-26,delivered
6498,586,P059,3,7583.79,2024-06-08,delivered
6499,597,P095,5,95398.9,2025-06-03,delivered
6500,432,P091,3,95262.6,2025-04-30,delivered
6502,274,P089,1,26034.41,2025-05-05,delivered
6503,172,P087,5,218023.4,2024-04-29,delivered
6505,283,P012,3,193419.15,2024-02-26,delivered
6506,399,P068,2,105323.68,2024-10-11,delivered
6507,112,P011,5,337746.1,2025-04-01,delivered
6509,263,P078,5,161954.05,2025-06-07,delivered
6510,566,P086,3,29114.1,2025-02-11,delivered
6511,467,P055,3,119472.78,2025-01-30,delivered
6512,107,P037,3,117476.52,2024-12-25,delivered
6514,480,P054,4,218766.08,2024-10-22,delivered
6515,513,P094,4,143802.48,2025-02-28,delivered
6516,528,P076,5,295510.45,2024-03-29,delivered
6517,207,P039,4,45032.56,2025-06-21,delivered
6518,134,P076,4,236408.36,2024-03-31,delivered
6519,310,P082,3,183019.74,2025-02-28,delivered
6520,385,P060,5,372414.0,2024-05-20,delivered
6521,196,P049,3,208393.71,2025-05-17,delivered
6523,387,P095,4,76319.12,2024-08-17,delivered
6524,506,P001,2,69055.82,2024-09-25,delivered
6525,590,P082,4,244026.32,2024-05-07,delivered
6526,314,P023,4,144922.8,2024-09-07,delivered
6527,162,P098,3,17845.05,2025-05-19,delivered
6529,545,P034,4,277786.68,2024-05-02,delivered
6530,363,P094,5,179753.1,2024-01-18,delivered
6531,184,P075,1,45404.6,2024-05-29,delivered
6532,337,P089,2,52068.82,2024-12-31,delivered
6533,128,P035,3,109301.13,2025-03-05,delivered
6534,125,P038,3,160147.35,2025-06-26,delivered
6535,364,P025,2,50721.74,2024-04-06,delivered
6536,379,P042,3,169211.97,2024-11-04,delivered
6537,451,P090,3,88140.84,2024-04-08,delivered
6538,522,P019,1,42540.45,2024-05-20,delivered
6539,291,P100,4,213960.8,2025-02-25,delivered
6540,572,P021,1,3243.55,2024-08-11,delivered
6541,358,P029,2,157863.5,2025-06-22,delivered
6542,314,P059,1,2527.93,2024-04-29,delivered
6543,573,P003,4,197639.52,2024-12-22,delivered
6544,454,P047,2,107681.82,2025-03-28,delivered
6545,189,P091,3,95262.6,2024-01-30,delivered
6546,214,P017,2,43305.98,2024-08-20,delivered
6548,454,P098,1,5948.35,2024-03-20,delivered
6549,497,P062,4,216613.68,2024-02-13,delivered
6551,161,P033,1,51165.68,2024-03-08,delivered
6552,442,P002,1,19972.27,2024-05-06,delivered
6553,401,P026,2,81256.12,2024-12-25,delivered
6554,147,P019,3,127621.35,2024-12-22,delivered
6555,183,P065,5,157848.85,2024-09-04,delivered
6556,151,P075,1,45404.6,2025-06-25,delivered
6557,467,P025,3,76082.61,2024-06-24,delivered
6563,157,P067,2,17233.56,2025-05-22,delivered
6564,461,P037,5,195794.2,2024-02-11,delivered
6565,268,P064,1,52744.95,2025-01-29,delivered
6566,334,P077,3,210880.17,2025-03-30,delivered
6567,384,P053,3,226724.04,2025-03-14,delivered
6568,539,P009,4,212551.92,2025-01-11,delivered
6570,325,P067,1,8616.78,2024-05-02,delivered
6571,303,P052,5,335327.05,2024-04-14,delivered
6572,134,P047,2,107681.82,2024-12-12,delivered
6576,362,P036,2,82592.24,2025-04-10,delivered
6577,163,P033,4,204662.72,2025-05-24,delivered
6578,422,P018,1,4661.24,2024-04-11,delivered
6579,526,P009,4,212551.92,2024-01-28,delivered
6580,296,P078,3,97172.43,2024-06-05,delivered
6583,352,P065,3,94709.31,2024-12-17,delivered
6584,588,P098,1,5948.35,2025-03-16,delivered
6586,336,P005,1,13446.65,2024-06-30,delivered
6588,169,P040,4,9979.56,2025-05-14,delivered
6591,235,P064,5,263724.75,2025-01-21,delivered
6592,493,P037,3,117476.52,2024-03-03,delivered
6593,403,P006,2,26985.56,2025-01-10,delivered
6594,515,P095,5,95398.9,2024-01-28,delivered
6595,295,P013,4,187479.24,2024-12-19,delivered
6596,311,P045,1,77595.97,2024-09-07,delivered
6597,221,P083,3,191535.93,2024-03-27,delivered
6598,545,P040,1,2494.89,2024-12-11,delivered
6601,237,P003,4,197639.52,2024-01-23,delivered
6602,294,P074,4,250450.4,2024-11-26,delivered
6603,514,P063,1,17332.44,2024-07-29,delivered
6604,355,P065,3,94709.31,2024-06-19,delivered
6605,287,P056,2,98931.98,2025-05-23,delivered
6606,531,P069,2,159906.32,2024-10-21,delivered
6607,125,P039,5,56290.7,2025-02-15,delivered
6608,420,P096,1,29922.82,2024-04-07,delivered
6610,319,P027,3,10265.01,2024-03-19,delivered
6611,359,P039,4,45032.56,2024-11-16,delivered
6613,444,P098,5,29741.75,2024-07-03,delivered
6616,579,P073,1,69673.2,2025-06-18,delivered
6617,287,P060,2,148965.6,2024-09-03,delivered
6619,264,P009,2,106275.96,2025-02-26,delivered
6620,522,P037,2,78317.68,2024-09-19,delivered
6621,308,P031,1,494.7,2024-06-02,delivered
6623,387,P056,4,197863.96,2024-02-07,delivered
6624,182,P035,2,72867.42,2024-01-30,delivered
6625,505,P036,5,206480.6,2024-06-29,delivered
6626,594,P093,4,124583.16,2024-01-21,delivered
6627,541,P011,3,202647.66,2024-11-01,delivered
6629,583,P093,2,62291.58,2024-08-29,delivered
6630,393,P095,5,95398.9,2024-05-03,delivered
6631,355,P012,2,128946.1,2024-05-05,delivered
6633,212,P019,1,42540.45,2024-06-28,delivered
6634,597,P036,4,165184.48,2025-02-22,delivered
6635,542,P076,1,59102.09,2025-05-17,delivered
6637,450,P032,3,228449.28,2024-05-28,delivered
6638,344,P092,3,167003.49,2024-11-11,delivered
6639,431,P078,1,32390.81,2024-02-25,delivered
6640,230,P071,4,312704.88,2024-11-12,delivered
6642,299,P002,4,79889.08,2024-09-18,delivered
6643,147,P097,2,36517.68,2024-10-31,delivered
6647,549,P013,2,93739.62,2024-09-24,delivered
6651,203,P081,3,193940.67,2024-11-17,delivered
6652,157,P021,2,6487.1,2025-06-12,delivered
6654,345,P095,2,38159.56,2024-09-23,delivered
6655,452,P076,3,177306.27,2024-10-15,delivered
6657,549,P049,5,347322.85,2024-08-17,delivered
6658,586,P003,5,247049.4,2024-08-22,delivered
6659,599,P060,2,148965.6,2024-09-25,delivered
6660,126,P052,5,335327.05,2025-03-15,delivered
6661,177,P012,3,193419.15,2024-06-23,delivered
6663,524,P087,4,174418.72,2024-05-01,delivered
6664,466,P027,2,6843.34,2024-09-29,delivered
6666,539,P027,5,17108.35,2024-08-08,delivered
6667,473,P087,2,87209.36,2025-03-04,delivered
6668,310,P019,1,42540.45,2024-10-24,delivered
6669,221,P080,4,213762.84,2024-09-11,delivered
6670,399,P088,4,2240.48,2024-03-28,delivered
6671,341,P018,3,13983.72,2025-02-11,delivered
6672,466,P050,4,57017.08,2024-09-19,delivered
6673,149,P072,1,32611.95,2024-02-23,delivered
6674,577,P031,4,1978.8,2024-12-28,delivered
6675,103,P033,5,255828.4,2025-01-25,delivered
6676,303,P086,3,29114.1,2024-05-15,delivered
6678,577,P044,4,215629.0,2024-05-15,delivered
6679,263,P091,5,158771.0,2025-03-19,delivered
6680,234,P015,3,49640.13,2024-02-15,delivered
6681,356,P036,3,123888.36,2025-03-16,delivered
6682,563,P034,5,347233.35,2024-09-27,delivered
6683,324,P022,3,29569.74,2025-05-18,delivered
6684,385,P085,4,261779.8,2024-02-24,delivered
6685,177,P007,2,6060.1,2024-07-06,delivered
6687,160,P064,1,52744.95,2025-03-28,delivered
6689,158,P093,2,62291.58,2024-05-06,delivered
6690,148,P027,3,10265.01,2024-07-03,delivered
6691,484,P066,3,156400.53,2024-08-05,delivered
6693,572,P010,2,76046.02,2025-05-25,delivered
6694,555,P043,1,16228.09,2024-10-18,delivered
6695,302,P048,5,177778.2,2024-04-18,delivered
6697,333,P081,3,193940.67,2024-01-06,delivered
6698,597,P006,5,67463.9,2025-04-08,delivered
6699,586,P094,5,179753.1,2024-05-12,delivered
6700,542,P007,3,9090.15,2024-11-26,delivered
6701,481,P010,5,190115.05,2025-01-25,delivered
6704,500,P052,3,201196.23,2024-06-06,delivered
6705,253,P063,4,69329.76,2024-11-13,delivered
6706,284,P086,1,9704.7,2025-01-11,delivered
6707,351,P058,4,182766.88,2025-05-02,delivered
6710,423,P055,1,39824.26,2024-02-11,delivered
6712,370,P081,5,323234.45,2024-03-26,delivered
6713,340,P056,1,49465.99,2025-05-04,delivered
6715,252,P073,1,69673.2,2024-03-19,delivered
6717,149,P060,5,372414.0,2024-09-16,delivered
6718,231,P075,1,45404.6,2025-05-30,delivered
6719,159,P095,4,76319.12,2024-07-02,delivered
6722,488,P086,4,38818.8,2024-09-28,delivered
6723,595,P024,2,149433.22,2024-07-08,delivered
6725,374,P003,1,49409.88,2025-02-08,delivered
6727,545,P085,5,327224.75,2025-05-13,delivered
6728,417,P079,3,78689.85,2025-02-08,delivered
6729,145,P017,2,43305.98,2024-01-15,delivered
6730,158,P003,2,98819.76,2024-01-28,delivered
6732,532,P081,5,323234.45,2024-07-14,delivered
6734,317,P003,1,49409.88,2024-06-19,delivered
6736,111,P058,5,228458.6,2024-09-05,delivered
6737,251,P073,4,278692.8,2024-02-22,delivered
6739,478,P075,5,227023.0,2024-10-24,delivered
6741,219,P092,1,55667.83,2025-06-24,delivered
6742,317,P074,3,187837.8,2024-03-06,delivered
6743,558,P083,4,255381.24,2025-04-29,delivered
6746,277,P057,2,139051.02,2025-06-03,delivered
6747,401,P088,3,1680.36,2025-04-24,delivered
6748,553,P038,4,213529.8,2025-03-02,delivered
6749,508,P061,2,110386.38,2024-07-31,delivered
6750,454,P096,1,29922.82,2025-05-09,delivered
6751,189,P026,2,81256.12,2025-05-18,delivered
6752,507,P054,4,218766.08,2024-11-06,delivered
6753,208,P072,1,32611.95,2024-01-19,delivered
6754,552,P034,3,208340.01,2024-06-11,delivered
6755,524,P065,1,31569.77,2024-03-06,delivered
6756,321,P015,5,82733.55,2024-08-20,delivered
6757,388,P029,4,315727.0,2024-09-21,delivered
6758,502,P046,1,7602.67,2024-09-30,delivered
6759,537,P089,5,130172.05,2024-04-16,delivered
6760,575,P057,4,278102.04,2024-04-23,delivered
6761,501,P079,5,131149.75,2024-04-14,delivered
6762,360,P014,2,138949.76,2024-04-30,delivered
6764,491,P065,4,126279.08,2024-04-11,delivered
6765,432,P047,3,161522.73,2024-05-21,delivered
6766,535,P026,4,162512.24,2025-03-01,delivered
6767,226,P061,3,165579.57,2024-10-20,delivered
6768,144,P035,3,109301.13,2025-02-28,delivered
6771,571,P053,4,302298.72,2025-06-12,delivered
6772,584,P004,4,226286.0,2024-05-29,delivered
6773,468,P067,1,8616.78,2024-03-27,delivered
6774,262,P052,2,134130.82,2025-03-20,delivered
6775,302,P098,1,5948.35,2024-06-03,delivered
6777,306,P088,5,2800.6,2024-11-07,delivered
6778,566,P045,1,77595.97,2024-10-13,delivered
6780,458,P045,4,310383.88,2024-07-21,delivered
6782,472,P093,2,62291.58,2025-06-16,delivered
6783,210,P012,5,322365.25,2024-11-15,delivered
6784,488,P082,2,122013.16,2024-01-24,delivered
6785,556,P070,5,19760.7,2024-09-21,delivered
6786,527,P100,3,160470.6,2025-03-08,delivered
6787,475,P008,3,176815.56,2024-09-22,delivered
6788,164,P007,1,3030.05,2025-04-04,delivered
6789,394,P095,1,19079.78,2025-04-09,delivered
6790,221,P096,5,149614.1,2025-06-30,delivered
6792,367,P095,2,38159.56,2024-04-17,delivered
6794,151,P019,4,170161.8,2025-02-25,delivered
6797,402,P072,5,163059.75,2025-02-08,delivered
6799,475,P054,2,109383.04,2024-05-27,delivered
6800,349,P092,4,222671.32,2024-05-12,delivered
6801,456,P028,4,47810.48,2025-04-29,delivered
6802,483,P021,5,16217.75,2025-01-13,delivered
6803,409,P053,1,75574.68,2024-05-03,delivered
6804,393,P038,1,53382.45,2025-06-19,delivered
6805,161,P048,3,106666.92,2025-01-18,delivered
6806,251,P063,1,17332.44,2024-05-26,delivered
6807,502,P076,4,236408.36,2024-02-19,delivered
6809,102,P016,5,45211.9,2024-12-23,delivered
6810,546,P006,4,53971.12,2025-05-07,delivered
6812,528,P093,5,155728.95,2024-05-15,delivered
6815,299,P030,4,308851.92,2024-12-13,delivered
6816,591,P086,4,38818.8,2024-10-11,delivered
6817,544,P022,1,9856.58,2024-11-12,delivered
6818,430,P072,1,32611.95,2024-07-16,delivered
6820,358,P003,1,49409.88,2025-06-28,delivered
6821,593,P003,3,148229.64,2024-07-29,delivered
6822,525,P091,5,158771.0,2025-03-30,delivered
6824,402,P006,4,53971.12,2024-01-24,delivered
6825,324,P024,4,298866.44,2024-01-25,delivered
6826,296,P033,1,51165.68,2024-04-27,delivered
6827,378,P022,3,29569.74,2024-05-27,delivered
6828,231,P099,1,48315.54,2024-06-06,delivered
6829,588,P053,2,151149.36,2024-03-01,delivered
6831,151,P041,2,49407.2,2025-02-26,delivered
6832,233,P049,1,69464.57,2024-02-23,delivered
6834,361,P097,5,91294.2,2025-01-29,delivered
6836,134,P062,1,54153.42,2025-02-21,delivered
6837,568,P003,3,148229.64,2024-04-13,delivered
6839,329,P011,5,337746.1,2024-07-27,delivered
6841,593,P072,4,130447.8,2024-02-12,delivered
6842,517,P060,5,372414.0,2024-10-23,delivered
6843,101,P008,4,235754.08,2024-10-06,delivered
6844,530,P088,4,2240.48,2024-12-25,delivered
6845,400,P066,3,156400.53,2024-02-16,delivered
6846,479,P069,5,399765.8,2024-03-12,delivered
6847,146,P051,1,55440.81,2024-05-23,delivered
6848,550,P056,2,98931.98,2025-05-31,delivered
6850,240,P032,3,228449.28,2024-12-15,delivered
6851,336,P077,3,210880.17,2024-01-17,delivered
6852,431,P001,5,172639.55,2025-05-02,delivered
6854,491,P051,5,277204.05,2024-03-24,delivered
6855,376,P004,4,226286.0,2024-05-06,delivered
6858,290,P025,4,101443.48,2024-01-10,delivered
6859,481,P003,3,148229.64,2025-01-01,delivered
6860,147,P079,3,78689.85,2024-08-14,delivered
6862,564,P091,5,158771.0,2024-08-02,delivered
6863,201,P082,4,244026.32,2024-04-23,delivered
6864,392,P065,4,126279.08,2024-06-23,delivered
6865,438,P095,5,95398.9,2024-06-28,delivered
6866,402,P017,1,21652.99,2024-05-10,delivered
6867,578,P073,2,139346.4,2025-06-19,delivered
6868,199,P087,1,43604.68,2025-06-29,delivered
6872,354,P047,5,269204.55,2024-02-14,delivered
6874,262,P001,4,138111.64,2024-07-18,delivered
6876,591,P010,2,76046.02,2024-07-20,delivered
6877,269,P040,1,2494.89,2024-04-09,delivered
6878,346,P056,1,49465.99,2024-12-08,delivered
6879,227,P014,4,277899.52,2024-09-01,delivered
6880,527,P007,3,9090.15,2025-06-16,delivered
6881,584,P010,5,190115.05,2025-03-25,delivered
6882,421,P058,5,228458.6,2024-05-07,delivered
6883,599,P008,1,58938.52,2025-01-21,delivered
6884,556,P089,1,26034.41,2024-05-10,delivered
6886,134,P014,1,69474.88,2024-02-23,delivered
6889,297,P060,4,297931.2,2024-04-13,delivered
6890,434,P087,1,43604.68,2025-04-09,delivered
6891,401,P025,1,25360.87,2024-04-15,delivered
6892,405,P092,1,55667.83,2024-07-17,delivered
6894,347,P093,5,155728.95,2025-03-31,delivered
6895,225,P018,1,4661.24,2024-03-02,delivered
6896,260,P075,4,181618.4,2025-06-09,delivered
6897,260,P075,5,227023.0,2024-05-29,delivered
6898,341,P040,5,12474.45,2024-12-17,delivered
6899,289,P002,5,99861.35,2024-05-28,delivered
6901,277,P026,2,81256.12,2024-07-25,delivered
6902,275,P025,4,101443.48,2025-04-23,delivered
6903,537,P075,5,227023.0,2024-12-09,delivered
6905,549,P006,4,53971.12,2024-08-12,delivered
6906,428,P029,2,157863.5,2025-04-22,delivered
6907,223,P062,3,162460.26,2025-01-19,delivered
6908,305,P024,1,74716.61,2025-01-06,delivered
6909,138,P046,1,7602.67,2024-04-27,delivered
6910,249,P057,2,139051.02,2025-01-03,delivered
6911,600,P004,2,113143.0,2024-07-21,delivered
6912,190,P029,3,236795.25,2024-06-27,delivered
6913,534,P071,2,156352.44,2024-07-01,delivered
6914,112,P023,3,108692.1,2024-04-13,delivered
6915,526,P087,2,87209.36,2025-01-23,delivered
6916,274,P027,3,10265.01,2025-04-12,delivered
6918,550,P092,1,55667.83,2024-05-01,delivered
6920,456,P048,3,106666.92,2025-03-15,delivered
6921,572,P006,5,67463.9,2024-07-12,delivered
6922,505,P020,3,224804.37,2024-09-10,delivered
6924,208,P094,1,35950.62,2025-04-26,delivered
6925,186,P066,4,208534.04,2025-06-05,delivered
6926,356,P067,4,34467.12,2024-07-02,delivered
6928,343,P035,5,182168.55,2025-02-14,delivered
6929,207,P029,2,157863.5,2025-04-07,delivered
6931,393,P021,3,9730.65,2024-09-17,delivered
6936,263,P035,4,145734.84,2024-01-26,delivered
6937,327,P030,3,231638.94,2024-03-18,delivered
6938,562,P011,3,202647.66,2025-05-28,delivered
6939,503,P036,2,82592.24,2024-04-10,delivered
6940,137,P047,1,53840.91,2024-07-24,delivered
6941,201,P087,3,130814.04,2024-09-13,delivered
6942,482,P099,3,144946.62,2024-07-14,delivered
6943,538,P097,5,91294.2,2024-09-24,delivered
6946,435,P066,2,104267.02,2025-02-11,delivered
6947,217,P093,2,62291.58,2025-04-30,delivered
6951,331,P072,1,32611.95,2025-01-18,delivered
6953,515,P085,3,196334.85,2024-12-13,delivered
6954,315,P055,4,159297.04,2024-11-02,delivered
6955,401,P003,5,247049.4,2024-02-02,delivered
6957,205,P051,1,55440.81,2025-01-30,delivered
6958,344,P014,3,208424.64,2025-04-07,delivered
6959,148,P022,1,9856.58,2024-06-30,delivered
6960,524,P089,5,130172.05,2025-05-15,delivered
6961,196,P026,1,40628.06,2025-01-30,delivered
6962,206,P030,3,231638.94,2025-06-20,delivered
6963,333,P008,3,176815.56,2025-06-14,delivered
6964,188,P042,4,225615.96,2025-02-04,delivered
6966,481,P009,4,212551.92,2024-07-30,delivered
6968,182,P078,5,161954.05,2024-11-13,delivered
6969,358,P092,4,222671.32,2024-10-09,delivered
6972,336,P060,5,372414.0,2024-02-10,delivered
6973,248,P083,4,255381.24,2024-12-21,delivered
6974,301,P079,2,52459.9,2025-03-01,delivered
6977,458,P006,2,26985.56,2024-06-10,delivered
6978,552,P081,5,323234.45,2024-10-25,delivered
6980,491,P071,1,78176.22,2025-01-12,delivered
6982,331,P022,3,29569.74,2024-07-31,delivered
6985,120,P002,3,59916.81,2024-04-27,delivered
6988,172,P061,3,165579.57,2024-06-14,delivered
6989,530,P003,5,247049.4,2024-04-12,delivered
6990,251,P016,5,45211.9,2025-02-04,delivered
6991,140,P086,1,9704.7,2024-10-06,delivered
6992,326,P046,2,15205.34,2024-08-09,delivered
6995,454,P040,4,9979.56,2024-02-23,delivered
6996,125,P099,4,193262.16,2024-07-25,delivered
6997,292,P031,2,989.4,2024-04-03,delivered
6998,316,P004,1,56571.5,2024-12-11,delivered
6999,449,P086,1,9704.7,2024-08-13,delivered
7000,509,P086,2,19409.4,2024-06-20,delivered
7001,313,P066,1,52133.51,2024-11-30,delivered
7003,581,P055,1,39824.26,2024-08-25,delivered
7004,155,P046,3,22808.01,2024-06-26,delivered
7006,209,P059,2,5055.86,2024-03-08,delivered
7007,433,P080,3,160322.13,2024-02-14,delivered
7009,153,P092,5,278339.15,2024-06-24,delivered
7011,448,P099,2,96631.08,2024-12-06,delivered
7012,426,P098,3,17845.05,2025-05-08,delivered
7014,362,P082,2,122013.16,2025-05-30,delivered
7015,220,P003,5,247049.4,2024-05-07,delivered
7016,222,P095,4,76319.12,2024-09-06,delivered
7017,131,P018,3,13983.72,2025-05-25,delivered
7018,204,P020,4,299739.16,2024-07-28,delivered
7019,222,P093,5,155728.95,2025-03-30,delivered
7021,432,P037,1,39158.84,2024-08-22,delivered
7022,276,P032,2,152299.52,2024-02-25,delivered
7023,511,P088,2,1120.24,2025-01-25,delivered
7025,136,P025,1,25360.87,2024-05-24,delivered
7026,165,P012,2,128946.1,2024-07-28,delivered
7027,360,P011,4,270196.88,2025-04-23,delivered
7029,191,P078,2,64781.62,2024-11-06,delivered
7031,141,P047,4,215363.64,2025-01-21,delivered
7034,319,P011,3,202647.66,2024-06-05,delivered
7036,246,P049,5,347322.85,2025-05-07,delivered
7037,271,P018,4,18644.96,2024-07-19,delivered
7038,570,P025,1,25360.87,2024-01-14,delivered
7039,352,P052,4,268261.64,2025-02-08,delivered
7041,554,P005,1,13446.65,2025-01-29,delivered
7042,200,P098,4,23793.4,2024-09-18,delivered
7043,361,P091,4,127016.8,2025-01-12,delivered
7044,434,P050,4,57017.08,2024-09-09,delivered
7045,345,P005,3,40339.95,2024-01-29,delivered
7046,234,P078,4,129563.24,2024-05-30,delivered
7047,227,P078,5,161954.05,2024-06-14,delivered
7049,462,P076,1,59102.09,2025-06-14,delivered
7050,549,P055,2,79648.52,2025-03-13,delivered
7052,401,P040,4,9979.56,2024-04-01,delivered
7053,426,P074,3,187837.8,2024-05-26,delivered
7054,484,P027,4,13686.68,2024-11-11,delivered
7055,187,P063,1,17332.44,2024-04-09,delivered
7057,436,P037,4,156635.36,2024-06-23,delivered
7059,194,P065,1,31569.77,2025-04-06,delivered
7060,196,P026,1,40628.06,2024-07-06,delivered
7061,233,P053,4,302298.72,2024-04-21,delivered
7062,141,P038,1,53382.45,2025-01-21,delivered
7063,242,P009,3,159413.94,2024-01-31,delivered
7064,345,P063,1,17332.44,2024-01-10,delivered
7065,237,P097,1,18258.84,2024-02-12,delivered
7066,209,P067,1,8616.78,2025-01-19,delivered
7068,273,P048,3,106666.92,2024-11-18,delivered
7069,582,P047,4,215363.64,2025-01-22,delivered
7070,600,P046,3,22808.01,2024-04-12,delivered
7071,334,P090,4,117521.12,2024-05-22,delivered
7072,409,P016,5,45211.9,2024-10-13,delivered
7074,439,P025,1,25360.87,2024-11-25,delivered
7076,220,P078,4,129563.24,2025-02-13,delivered
7078,251,P078,2,64781.62,2024-05-26,delivered
7080,187,P058,1,45691.72,2025-05-08,delivered
7081,225,P028,2,23905.24,2024-04-01,delivered
7082,323,P092,1,55667.83,2024-06-13,delivered
7083,563,P050,3,42762.81,2024-08-13,delivered
7085,147,P089,3,78103.23,2024-08-17,delivered
7087,514,P030,2,154425.96,2024-09-22,delivered
7088,249,P012,1,64473.05,2024-04-01,delivered
7089,480,P076,2,118204.18,2024-04-28,delivered
7090,166,P041,4,98814.4,2024-01-02,delivered
7092,317,P041,3,74110.8,2024-05-09,delivered
7093,155,P051,1,55440.81,2025-04-16,delivered
7095,176,P077,3,210880.17,2024-05-29,delivered
7096,407,P041,3,74110.8,2025-05-29,delivered
7097,241,P091,5,158771.0,2025-05-04,delivered
7098,354,P038,4,213529.8,2024-03-01,delivered
7099,179,P092,2,111335.66,2024-08-18,delivered
7103,301,P010,5,190115.05,2024-10-16,delivered
7104,457,P025,5,126804.35,2025-02-07,delivered
7105,168,P042,5,282019.95,2024-02-25,delivered
7107,457,P062,3,162460.26,2024-05-28,delivered
7108,212,P096,2,59845.64,2024-01-10,delivered
7110,587,P055,2,79648.52,2024-02-27,delivered
7111,283,P061,2,110386.38,2024-02-23,delivered
7112,364,P084,3,104709.33,2025-03-20,delivered
7113,422,P093,4,124583.16,2024-09-07,delivered
7114,161,P031,4,1978.8,2025-05-15,delivered
7115,453,P077,2,140586.78,2025-01-19,delivered
7117,289,P002,1,19972.27,2024-04-29,delivered
7118,163,P063,5,86662.2,2024-08-18,delivered
7119,401,P074,5,313063.0,2025-05-06,delivered
7121,348,P083,4,255381.24,2024-11-01,delivered
7124,133,P067,5,43083.9,2024-05-07,delivered
7125,595,P085,1,65444.95,2024-07-04,delivered
7126,103,P072,4,130447.8,2024-11-17,delivered
7127,121,P017,5,108264.95,2024-07-30,delivered
7128,145,P072,3,97835.85,2024-02-05,delivered
7129,164,P065,3,94709.31,2025-01-07,delivered
7130,317,P085,1,65444.95,2024-09-11,delivered
7132,172,P074,4,250450.4,2024-11-16,delivered
7133,411,P069,5,399765.8,2024-08-02,delivered
7134,440,P006,2,26985.56,2024-02-07,delivered
7135,173,P039,2,22516.28,2024-05-17,delivered
7138,433,P021,4,12974.2,2025-04-12,delivered
7139,584,P033,4,204662.72,2024-05-26,delivered
7140,137,P081,3,193940.67,2024-07-16,delivered
7143,114,P078,2,64781.62,2024-03-20,delivered
7144,164,P069,1,79953.16,2025-02-20,delivered
7145,269,P082,1,61006.58,2025-01-06,delivered
7146,499,P035,2,72867.42,2024-08-19,delivered
7148,588,P014,1,69474.88,2024-06-28,delivered
7149,402,P063,1,17332.44,2025-06-25,delivered
7150,459,P074,3,187837.8,2024-10-04,delivered
7153,404,P017,3,64958.97,2024-01-10,delivered
7154,437,P017,2,43305.98,2025-01-22,delivered
7156,462,P059,2,5055.86,2025-03-25,delivered
7157,509,P060,5,372414.0,2024-10-20,delivered
7158,588,P055,5,199121.3,2024-08-22,delivered
7159,426,P012,3,193419.15,2025-02-20,delivered
7160,533,P012,1,64473.05,2024-03-19,delivered
7161,584,P012,2,128946.1,2024-02-28,delivered
7162,481,P037,5,195794.2,2025-05-19,delivered
7166,460,P069,3,239859.48,2024-09-07,delivered
7167,411,P058,2,91383.44,2025-06-20,delivered
7168,190,P010,3,114069.03,2024-05-16,delivered
7170,188,P048,1,35555.64,2024-12-12,delivered
7171,526,P070,1,3952.14,2024-10-24,delivered
7172,348,P038,3,160147.35,2024-08-06,delivered
7173,478,P081,5,323234.45,2025-02-07,delivered
7175,557,P080,4,213762.84,2024-02-28,delivered
7176,104,P079,4,104919.8,2024-12-02,delivered
7177,282,P014,1,69474.88,2024-12-24,delivered
7179,352,P026,1,40628.06,2025-06-25,delivered
7180,311,P016,4,36169.52,2024-01-08,delivered
7183,557,P024,5,373583.05,2024-10-02,delivered
7184,325,P085,4,261779.8,2024-06-14,delivered
7185,282,P096,4,119691.28,2024-01-06,delivered
7186,553,P091,2,63508.4,2024-04-23,delivered
7188,481,P043,1,16228.09,2024-06-13,delivered
7190,351,P071,4,312704.88,2024-05-10,delivered
7192,168,P015,1,16546.71,2024-01-22,delivered
7193,180,P045,5,387979.85,2024-01-14,delivered
7194,127,P087,3,130814.04,2025-03-15,delivered
7196,143,P098,4,23793.4,2024-09-10,delivered
7197,474,P066,2,104267.02,2024-09-12,delivered
7199,202,P061,1,55193.19,2025-05-29,delivered
7200,197,P076,2,118204.18,2024-08-22,delivered
7201,168,P052,1,67065.41,2024-10-07,delivered
7202,576,P019,4,170161.8,2024-01-19,delivered
7203,147,P007,4,12120.2,2025-02-21,delivered
7204,459,P082,2,122013.16,2024-08-15,delivered
7206,430,P007,3,9090.15,2024-04-22,delivered
7207,287,P036,3,123888.36,2025-03-04,delivered
7208,264,P007,2,6060.1,2024-02-11,delivered
7209,127,P085,3,196334.85,2024-08-05,delivered
7211,195,P033,4,204662.72,2025-01-07,delivered
7212,256,P015,1,16546.71,2024-01-14,delivered
7213,270,P047,3,161522.73,2025-06-25,delivered
7215,145,P014,2,138949.76,2024-05-03,delivered
7217,574,P013,1,46869.81,2024-12-17,delivered
7218,472,P061,2,110386.38,2025-06-30,delivered
7219,123,P017,2,43305.98,2025-03-04,delivered
7220,557,P098,5,29741.75,2024-12-21,delivered
7221,330,P081,1,64646.89,2025-03-22,delivered
7222,348,P054,5,273457.6,2025-05-30,delivered
7223,186,P077,3,210880.17,2024-05-12,delivered
7225,354,P088,5,2800.6,2025-06-09,delivered
7227,306,P078,3,97172.43,2024-07-30,delivered
7228,102,P021,5,16217.75,2024-08-11,delivered
7229,551,P066,4,208534.04,2025-05-30,delivered
7230,256,P029,3,236795.25,2024-10-01,delivered
7231,188,P029,1,78931.75,2025-06-30,delivered
7232,250,P006,2,26985.56,2024-10-11,delivered
7233,239,P007,2,6060.1,2024-08-03,delivered
7234,101,P084,3,104709.33,2025-01-12,delivered
7235,143,P091,5,158771.0,2024-09-27,delivered
7236,310,P079,3,78689.85,2024-11-28,delivered
7237,421,P002,3,59916.81,2024-08-12,delivered
7241,180,P058,2,91383.44,2025-03-20,delivered
7242,176,P062,1,54153.42,2025-05-22,delivered
7244,583,P094,2,71901.24,2024-10-15,delivered
7245,259,P021,2,6487.1,2025-02-07,delivered
7246,136,P019,1,42540.45,2025-03-12,delivered
7247,333,P083,4,255381.24,2024-04-12,delivered
7249,297,P003,1,49409.88,2024-01-14,delivered
7250,168,P032,1,76149.76,2024-10-01,delivered
7251,581,P081,5,323234.45,2024-01-14,delivered
7252,591,P014,5,347374.4,2024-12-12,delivered
7253,204,P018,4,18644.96,2025-03-30,delivered
7254,258,P043,4,64912.36,2024-06-07,delivered
7255,129,P070,3,11856.42,2024-05-06,delivered
7256,523,P006,1,13492.78,2024-10-30,delivered
7257,362,P054,2,109383.04,2024-01-02,delivered
7258,113,P030,4,308851.92,2025-01-29,delivered
7260,452,P092,1,55667.83,2025-05-18,delivered
7261,157,P029,1,78931.75,2024-10-15,delivered
7262,140,P079,3,78689.85,2024-05-01,delivered
7263,573,P011,1,67549.22,2024-06-03,delivered
7265,177,P086,3,29114.1,2024-10-20,delivered
7266,549,P014,3,208424.64,2025-05-26,delivered
7267,578,P034,1,69446.67,2024-01-03,delivered
7268,499,P084,2,69806.22,2024-11-23,delivered
7269,300,P058,4,182766.88,2024-03-09,delivered
7270,396,P055,3,119472.78,2024-05-28,delivered
7271,266,P017,2,43305.98,2025-01-29,delivered
7273,409,P082,3,183019.74,2024-05-21,delivered
7275,373,P069,2,159906.32,2025-01-28,delivered
7276,398,P092,4,222671.32,2025-06-23,delivered
7277,460,P012,2,128946.1,2025-01-05,delivered
7278,205,P003,3,148229.64,2025-04-30,delivered
7279,572,P015,1,16546.71,2024-12-23,delivered
7281,174,P071,4,312704.88,2024-09-05,delivered
7282,524,P029,1,78931.75,2024-05-21,delivered
7283,593,P090,2,58760.56,2025-01-21,delivered
7284,457,P055,3,119472.78,2024-02-25,delivered
7285,440,P075,1,45404.6,2025-05-03,delivered
7286,116,P019,3,127621.35,2024-05-24,delivered
7287,226,P010,1,38023.01,2025-03-02,delivered
7288,492,P024,4,298866.44,2024-05-23,delivered
7289,341,P053,3,226724.04,2025-03-30,delivered
7290,247,P015,2,33093.42,2024-03-02,delivered
7291,410,P097,2,36517.68,2025-05-30,delivered
7292,106,P051,4,221763.24,2025-04-10,delivered
7293,571,P074,5,313063.0,2024-11-09,delivered
7295,587,P017,2,43305.98,2025-02-14,delivered
7297,345,P041,4,98814.4,2025-01-24,delivered
7298,128,P048,4,142222.56,2024-07-18,delivered
7299,156,P014,1,69474.88,2025-01-06,delivered
7300,115,P031,3,1484.1,2024-06-15,delivered
7301,134,P028,5,59763.1,2024-01-12,delivered
7302,197,P071,2,156352.44,2024-02-03,delivered
7304,124,P007,3,9090.15,2024-04-05,delivered
7305,105,P046,3,22808.01,2025-02-11,delivered
7306,262,P097,4,73035.36,2024-12-30,delivered
7308,560,P095,5,95398.9,2024-04-13,delivered
7309,113,P076,4,236408.36,2025-05-03,delivered
7310,249,P021,2,6487.1,2025-04-19,delivered
7311,554,P081,1,64646.89,2024-08-25,delivered
7312,514,P088,2,1120.24,2024-06-13,delivered
7313,330,P017,3,64958.97,2024-10-24,delivered
7314,420,P056,1,49465.99,2025-01-31,delivered
7315,207,P079,5,131149.75,2024-03-17,delivered
7316,391,P081,4,258587.56,2024-04-09,delivered
7318,149,P059,3,7583.79,2024-06-22,delivered
7319,183,P009,3,159413.94,2025-01-07,delivered
7320,146,P010,2,76046.02,2025-04-16,delivered
7321,343,P033,4,204662.72,2024-05-23,delivered
7322,598,P073,4,278692.8,2024-02-10,delivered
7323,540,P037,4,156635.36,2025-02-22,delivered
7324,326,P047,5,269204.55,2024-11-17,delivered
7326,235,P088,1,560.12,2024-02-28,delivered
7327,459,P072,1,32611.95,2024-06-07,delivered
7328,249,P049,2,138929.14,2025-02-12,delivered
7329,215,P050,4,57017.08,2024-04-05,delivered
7330,339,P060,5,372414.0,2025-04-21,delivered
7332,203,P052,3,201196.23,2024-03-07,delivered
7334,159,P036,4,165184.48,2024-02-09,delivered
7335,586,P061,2,110386.38,2024-08-06,delivered
7336,391,P005,5,67233.25,2025-01-24,delivered
7337,580,P047,4,215363.64,2025-04-29,delivered
7338,128,P028,1,11952.62,2025-03-09,delivered
7339,230,P082,2,122013.16,2024-03-26,delivered
7340,136,P036,4,165184.48,2024-03-24,delivered
7341,548,P092,4,222671.32,2025-03-05,delivered
7342,443,P034,2,138893.34,2024-02-25,delivered
7343,559,P055,3,119472.78,2024-10-31,delivered
7345,375,P089,2,52068.82,2025-03-23,delivered
7346,568,P089,5,130172.05,2025-02-02,delivered
7347,388,P077,2,140586.78,2024-03-20,delivered
7348,266,P086,3,29114.1,2024-01-15,delivered
7349,560,P059,2,5055.86,2025-05-26,delivered
7350,159,P087,4,174418.72,2024-09-26,delivered
7351,331,P017,4,86611.96,2024-04-09,delivered
7352,212,P096,2,59845.64,2025-03-06,delivered
7353,408,P049,2,138929.14,2024-12-22,delivered
7354,588,P025,5,126804.35,2024-01-15,delivered
7355,517,P047,1,53840.91,2024-11-05,delivered
7357,311,P046,3,22808.01,2025-03-12,delivered
7358,159,P023,4,144922.8,2025-03-14,delivered
7360,296,P037,4,156635.36,2024-10-17,delivered
7364,209,P029,4,315727.0,2025-01-25,delivered
7366,312,P083,4,255381.24,2024-01-08,delivered
7367,501,P029,5,394658.75,2024-10-17,delivered
7369,445,P031,1,494.7,2025-02-28,delivered
7370,108,P004,2,113143.0,2025-01-18,delivered
7371,272,P022,5,49282.9,2025-03-16,delivered
7372,385,P051,2,110881.62,2025-02-06,delivered
7374,473,P023,4,144922.8,2024-11-21,delivered
7375,324,P030,1,77212.98,2024-05-09,delivered
7376,424,P074,4,250450.4,2024-09-23,delivered
7377,586,P042,2,112807.98,2024-04-05,delivered
7378,114,P056,1,49465.99,2024-06-05,delivered
7380,113,P096,2,59845.64,2025-04-09,delivered
7381,196,P031,2,989.4,2024-10-31,delivered
7382,375,P032,4,304599.04,2024-09-23,delivered
7383,241,P011,2,135098.44,2024-01-24,delivered
7384,157,P059,5,12639.65,2024-05-05,delivered
7385,173,P037,3,117476.52,2024-07-03,delivered
7387,152,P063,1,17332.44,2025-02-27,delivered
7389,293,P041,4,98814.4,2024-06-13,delivered
7390,253,P002,2,39944.54,2024-02-02,delivered
7391,600,P044,3,161721.75,2025-05-10,delivered
7392,182,P067,3,25850.34,2024-05-04,delivered
7393,411,P004,5,282857.5,2024-01-24,delivered
7394,211,P047,1,53840.91,2024-08-10,delivered
7395,268,P018,2,9322.48,2024-03-26,delivered
7396,238,P036,4,165184.48,2024-07-23,delivered
7399,573,P025,3,76082.61,2024-06-26,delivered
7400,452,P092,3,167003.49,2025-02-06,delivered
7401,399,P099,5,241577.7,2024-11-15,delivered
7403,317,P077,3,210880.17,2024-11-22,delivered
7404,411,P050,4,57017.08,2024-07-23,delivered
7405,292,P081,1,64646.89,2025-04-05,delivered
7409,505,P024,3,224149.83,2024-09-08,delivered
7410,211,P085,3,196334.85,2025-01-15,delivered
7411,500,P041,1,24703.6,2024-01-10,delivered
7414,246,P078,2,64781.62,2025-06-23,delivered
7416,450,P097,4,73035.36,2024-11-21,delivered
7418,124,P036,4,165184.48,2024-05-02,delivered
7420,222,P074,1,62612.6,2024-10-18,delivered
7421,430,P074,1,62612.6,2025-04-17,delivered
7422,168,P052,1,67065.41,2025-06-30,delivered
7424,149,P054,3,164074.56,2024-10-08,delivered
7425,486,P045,4,310383.88,2024-03-22,delivered
7426,353,P079,1,26229.95,2025-02-06,delivered
7427,457,P059,4,10111.72,2024-05-04,delivered
7428,581,P080,1,53440.71,2024-01-30,delivered
7429,125,P002,2,39944.54,2024-04-17,delivered
7430,542,P089,4,104137.64,2024-08-19,delivered
7431,146,P025,3,76082.61,2024-01-06,delivered
7432,233,P006,1,13492.78,2024-02-19,delivered
7433,139,P034,3,208340.01,2025-01-23,delivered
7434,458,P022,2,19713.16,2025-04-16,delivered
7436,443,P016,5,45211.9,2025-06-24,delivered
7437,396,P062,4,216613.68,2024-10-14,delivered
7438,496,P094,4,143802.48,2024-08-19,delivered
7439,236,P099,3,144946.62,2024-03-25,delivered
7440,386,P032,2,152299.52,2024-03-20,delivered
7441,598,P064,1,52744.95,2024-08-05,delivered
7442,444,P028,4,47810.48,2025-01-29,delivered
7443,350,P014,3,208424.64,2024-08-01,delivered
7444,490,P040,4,9979.56,2024-06-06,delivered
7446,600,P058,5,228458.6,2025-06-09,delivered
7447,500,P052,2,134130.82,2024-03-11,delivered
7448,317,P022,3,29569.74,2024-04-14,delivered
7449,337,P014,1,69474.88,2024-09-03,delivered
7450,558,P059,2,5055.86,2024-09-30,delivered
7451,344,P085,5,327224.75,2025-04-08,delivered
7452,236,P016,5,45211.9,2024-03-27,delivered
7454,361,P043,1,16228.09,2025-03-27,delivered
7456,200,P038,2,106764.9,2025-02-16,delivered
7458,156,P088,1,560.12,2024-09-11,delivered
7459,213,P015,1,16546.71,2024-02-06,delivered
7460,223,P009,5,265689.9,2024-04-13,delivered
7462,152,P029,3,236795.25,2025-05-22,delivered
7463,188,P027,3,10265.01,2024-10-21,delivered
7465,479,P040,2,4989.78,2024-06-23,delivered
7466,449,P009,2,106275.96,2024-07-10,delivered
7468,320,P043,1,16228.09,2024-06-30,delivered
7469,552,P010,2,76046.02,2024-01-10,delivered
7471,548,P032,4,304599.04,2024-04-22,delivered
7472,520,P003,5,247049.4,2024-10-24,delivered
7473,369,P065,2,63139.54,2024-05-30,delivered
7476,230,P047,4,215363.64,2024-01-14,delivered
7478,158,P035,5,182168.55,2024-01-22,delivered
7480,116,P032,5,380748.8,2025-03-17,delivered
7482,428,P014,3,208424.64,2025-04-05,delivered
7484,402,P054,3,164074.56,2024-11-12,delivered
7485,122,P075,5,227023.0,2024-12-17,delivered
7486,322,P059,5,12639.65,2024-12-21,delivered
7488,449,P020,5,374673.95,2024-10-23,delivered
7489,256,P063,3,51997.32,2024-03-07,delivered
7490,108,P059,1,2527.93,2024-08-10,delivered
7492,257,P001,4,138111.64,2024-12-26,delivered
7493,126,P033,2,102331.36,2024-12-24,delivered
7494,503,P065,5,157848.85,2024-06-07,delivered
7496,400,P011,3,202647.66,2024-08-12,delivered
7498,305,P013,3,140609.43,2024-11-05,delivered
7499,189,P073,4,278692.8,2024-11-26,delivered
7500,450,P099,2,96631.08,2024-09-13,delivered
7501,314,P071,2,156352.44,2024-11-04,delivered
7502,144,P039,5,56290.7,2025-04-17,delivered
7507,146,P097,2,36517.68,2024-11-05,delivered
7508,398,P066,3,156400.53,2024-05-10,delivered
7511,530,P007,1,3030.05,2024-02-26,delivered
7512,525,P084,1,34903.11,2024-12-07,delivered
7513,521,P038,5,266912.25,2025-05-08,delivered
7514,543,P008,1,58938.52,2025-06-07,delivered
7516,170,P029,2,157863.5,2024-11-04,delivered
7517,469,P001,4,138111.64,2024-07-24,delivered
7518,135,P001,2,69055.82,2024-05-03,delivered
7519,227,P027,1,3421.67,2025-04-30,delivered
7520,527,P065,4,126279.08,2025-02-04,delivered
7524,175,P082,1,61006.58,2024-07-08,delivered
7525,520,P096,2,59845.64,2024-06-23,delivered
7526,344,P062,3,162460.26,2024-10-23,delivered
7527,592,P076,4,236408.36,2025-01-11,delivered
7529,517,P055,2,79648.52,2024-01-29,delivered
7530,335,P016,5,45211.9,2025-02-02,delivered
7531,398,P039,1,11258.14,2025-03-31,delivered
7533,242,P002,2,39944.54,2025-01-01,delivered
7534,279,P091,5,158771.0,2025-02-03,delivered
7535,190,P084,2,69806.22,2024-12-26,delivered
7536,336,P092,2,111335.66,2024-10-12,delivered
7538,593,P061,5,275965.95,2024-07-03,delivered
7540,135,P006,1,13492.78,2024-06-11,delivered
7542,266,P098,2,11896.7,2024-08-30,delivered
7543,561,P023,4,144922.8,2025-03-06,delivered
7544,132,P079,3,78689.85,2024-04-27,delivered
7545,534,P096,1,29922.82,2025-03-28,delivered
7546,411,P081,1,64646.89,2024-06-27,delivered
7547,156,P090,4,117521.12,2025-01-21,delivered
7548,427,P074,5,313063.0,2024-07-23,delivered
7549,230,P063,4,69329.76,2024-10-19,delivered
7550,204,P095,2,38159.56,2025-03-20,delivered
7551,145,P075,1,45404.6,2024-04-08,delivered
7553,391,P070,1,3952.14,2024-12-14,delivered
7554,450,P094,5,179753.1,2025-05-23,delivered
7555,527,P027,5,17108.35,2025-04-30,delivered
7556,283,P080,5,267203.55,2024-05-21,delivered
7557,325,P055,4,159297.04,2024-03-13,delivered
7558,166,P067,3,25850.34,2024-04-13,delivered
7559,356,P030,1,77212.98,2024-12-04,delivered
7560,215,P038,3,160147.35,2025-02-03,delivered
7561,135,P021,3,9730.65,2024-03-17,delivered
7562,537,P067,5,43083.9,2025-05-27,delivered
7564,580,P034,1,69446.67,2024-02-03,delivered
7565,316,P034,2,138893.34,2024-12-08,delivered
7566,172,P027,5,17108.35,2024-12-03,delivered
7567,221,P064,1,52744.95,2024-02-06,delivered
7569,585,P017,3,64958.97,2024-02-12,delivered
7570,119,P064,5,263724.75,2024-08-18,delivered
7571,321,P062,3,162460.26,2024-08-21,delivered
7573,450,P088,1,560.12,2025-05-08,delivered
7575,460,P055,5,199121.3,2024-05-21,delivered
7576,325,P016,5,45211.9,2025-01-11,delivered
7577,200,P044,4,215629.0,2024-02-29,delivered
7578,219,P012,5,322365.25,2024-01-11,delivered
7579,312,P096,5,149614.1,2024-02-16,delivered
7580,548,P093,2,62291.58,2024-02-28,delivered
7581,130,P017,4,86611.96,2024-07-03,delivered
7582,123,P041,3,74110.8,2024-09-07,delivered
7583,167,P078,4,129563.24,2025-05-05,delivered
7584,437,P010,1,38023.01,2024-09-13,delivered
7586,466,P039,3,33774.42,2024-10-26,delivered
7587,370,P035,3,109301.13,2025-05-30,delivered
7588,128,P045,4,310383.88,2025-05-12,delivered
7589,141,P027,2,6843.34,2025-06-17,delivered
7590,257,P095,5,95398.9,2024-08-03,delivered
7591,291,P093,2,62291.58,2024-02-06,delivered
7592,458,P057,4,278102.04,2024-04-26,delivered
7596,123,P029,2,157863.5,2025-01-23,delivered
7597,438,P056,5,247329.95,2024-02-23,delivered
7598,117,P070,3,11856.42,2024-01-27,delivered
7599,573,P034,5,347233.35,2024-08-09,delivered
7603,394,P093,5,155728.95,2025-06-15,delivered
7604,184,P049,4,277858.28,2024-08-31,delivered
7605,565,P002,3,59916.81,2024-10-07,delivered
7606,228,P099,5,241577.7,2024-10-29,delivered
7607,393,P051,1,55440.81,2024-10-07,delivered
7608,238,P085,3,196334.85,2024-01-13,delivered
7609,258,P073,3,209019.6,2024-09-27,delivered
7610,328,P060,1,74482.8,2025-03-26,delivered
7611,339,P005,3,40339.95,2025-05-06,delivered
7612,310,P008,5,294692.6,2024-03-22,delivered
7613,560,P079,5,131149.75,2024-11-17,delivered
7614,326,P024,3,224149.83,2024-10-09,delivered
7615,545,P064,2,105489.9,2024-08-20,delivered
7616,176,P080,1,53440.71,2024-08-26,delivered
7618,397,P041,1,24703.6,2024-08-21,delivered
7619,588,P092,3,167003.49,2024-09-20,delivered
7620,448,P046,5,38013.35,2024-02-15,delivered
7622,158,P066,1,52133.51,2024-08-30,delivered
7623,267,P074,3,187837.8,2025-03-01,delivered
7624,429,P055,3,119472.78,2024-05-26,delivered
7626,560,P084,3,104709.33,2025-04-26,delivered
7627,419,P004,2,113143.0,2025-01-12,delivered
7628,249,P020,5,374673.95,2024-01-27,delivered
7629,412,P028,3,35857.86,2025-06-07,delivered
7630,582,P028,4,47810.48,2024-02-03,delivered
7631,296,P098,1,5948.35,2024-03-20,delivered
7632,390,P065,5,157848.85,2025-03-04,delivered
7634,263,P035,2,72867.42,2024-10-27,delivered
7637,476,P053,3,226724.04,2024-03-22,delivered
7639,410,P030,4,308851.92,2025-03-04,delivered
7641,446,P075,2,90809.2,2024-09-23,delivered
7643,316,P065,2,63139.54,2025-05-21,delivered
7644,561,P024,4,298866.44,2024-01-16,delivered
7645,162,P054,3,164074.56,2025-04-26,delivered
7646,165,P005,4,53786.6,2024-01-25,delivered
7649,457,P072,2,65223.9,2024-10-27,delivered
7650,273,P044,5,269536.25,2024-04-20,delivered
7653,459,P018,2,9322.48,2025-06-05,delivered
7655,295,P042,4,225615.96,2024-06-29,delivered
7656,584,P099,1,48315.54,2024-08-25,delivered
7658,247,P042,4,225615.96,2024-11-22,delivered
7660,366,P036,5,206480.6,2024-11-17,delivered
7661,278,P037,2,78317.68,2024-05-01,delivered
7662,241,P063,4,69329.76,2024-08-17,delivered
7663,248,P034,5,347233.35,2024-04-18,delivered
7664,442,P036,2,82592.24,2024-04-08,delivered
7665,383,P066,2,104267.02,2024-01-29,delivered
7666,592,P070,5,19760.7,2024-07-18,delivered
7667,351,P004,3,169714.5,2024-07-27,delivered
7668,583,P074,4,250450.4,2025-03-31,delivered
7669,526,P059,3,7583.79,2024-04-22,delivered
7670,328,P056,4,197863.96,2024-09-26,delivered
7671,543,P018,3,13983.72,2024-04-29,delivered
7672,512,P011,2,135098.44,2024-03-17,delivered
7674,423,P095,5,95398.9,2024-03-16,delivered
7675,557,P005,4,53786.6,2024-04-12,delivered
7676,198,P072,1,32611.95,2024-01-09,delivered
7677,171,P076,4,236408.36,2024-08-13,delivered
7678,236,P061,2,110386.38,2025-05-11,delivered
7679,476,P064,3,158234.85,2024-05-14,delivered
7680,426,P012,5,322365.25,2024-08-07,delivered
7681,323,P009,4,212551.92,2024-08-01,delivered
7682,120,P054,3,164074.56,2025-01-24,delivered
7683,427,P045,4,310383.88,2025-06-27,delivered
7686,252,P013,2,93739.62,2024-04-25,delivered
7688,160,P023,4,144922.8,2024-11-22,delivered
7690,531,P063,5,86662.2,2025-02-25,delivered
7691,115,P038,3,160147.35,2025-06-03,delivered
7692,556,P053,1,75574.68,2024-11-26,delivered
7694,318,P052,3,201196.23,2024-02-25,delivered
7695,349,P094,2,71901.24,2024-12-13,delivered
7696,258,P058,4,182766.88,2024-08-14,delivered
7697,375,P027,1,3421.67,2024-12-03,delivered
7699,147,P100,3,160470.6,2024-12-27,delivered
7700,436,P007,5,15150.25,2024-08-03,delivered
7701,375,P026,2,81256.12,2025-02-09,delivered
7703,211,P071,2,156352.44,2024-01-14,delivered
7705,506,P063,1,17332.44,2024-06-09,delivered
7706,255,P004,2,113143.0,2024-09-10,delivered
7708,168,P095,3,57239.34,2024-03-27,delivered
7709,138,P065,4,126279.08,2024-01-21,delivered
7710,481,P070,5,19760.7,2024-06-04,delivered
7711,477,P076,4,236408.36,2024-07-17,delivered
7712,502,P042,4,225615.96,2025-06-08,delivered
7713,255,P036,4,165184.48,2024-07-26,delivered
7716,388,P036,4,165184.48,2024-10-18,delivered
7717,296,P003,4,197639.52,2025-02-07,delivered
7718,491,P070,1,3952.14,2025-04-08,delivered
7720,290,P062,5,270767.1,2024-04-21,delivered
7721,271,P019,1,42540.45,2024-04-07,delivered
7722,207,P063,5,86662.2,2024-09-12,delivered
7723,173,P052,5,335327.05,2025-04-29,delivered
7725,260,P095,3,57239.34,2024-06-03,delivered
7726,265,P089,5,130172.05,2025-02-20,delivered
7729,463,P062,5,270767.1,2024-03-24,delivered
7730,318,P090,1,29380.28,2025-01-19,delivered
7731,488,P002,2,39944.54,2025-06-16,delivered
7732,186,P026,4,162512.24,2024-04-26,delivered
7735,105,P038,1,53382.45,2025-03-21,delivered
7736,469,P087,3,130814.04,2025-06-19,delivered
7737,415,P048,5,177778.2,2024-06-18,delivered
7738,249,P067,2,17233.56,2025-01-15,delivered
7739,342,P060,2,148965.6,2024-12-04,delivered
7740,185,P068,4,210647.36,2024-01-11,delivered
7741,314,P023,2,72461.4,2025-04-26,delivered
7742,103,P040,2,4989.78,2024-07-23,delivered
7743,376,P059,3,7583.79,2024-04-06,delivered
7744,420,P060,5,372414.0,2024-06-09,delivered
7745,280,P082,5,305032.9,2024-08-19,delivered
7746,422,P002,2,39944.54,2024-10-08,delivered
7747,521,P055,5,199121.3,2024-11-09,delivered
7748,420,P099,4,193262.16,2024-09-17,delivered
7749,140,P076,2,118204.18,2024-04-15,delivered
7750,244,P023,3,108692.1,2024-04-14,delivered
7751,509,P067,5,43083.9,2025-01-27,delivered
7753,208,P022,1,9856.58,2024-08-25,delivered
7754,147,P079,2,52459.9,2024-05-26,delivered
7755,344,P001,3,103583.73,2024-03-20,delivered
7757,268,P039,5,56290.7,2024-04-30,delivered
7759,282,P040,5,12474.45,2024-11-20,delivered
7760,553,P078,2,64781.62,2024-06-19,delivered
7762,456,P033,1,51165.68,2025-03-21,delivered
7763,192,P004,3,169714.5,2025-04-22,delivered
7766,285,P068,2,105323.68,2024-01-06,delivered
7767,269,P013,3,140609.43,2024-09-16,delivered
7769,304,P006,3,40478.34,2024-10-07,delivered
7771,352,P023,4,144922.8,2024-04-16,delivered
7772,290,P004,5,282857.5,2024-06-05,delivered
7773,546,P017,1,21652.99,2025-03-05,delivered
7774,129,P057,1,69525.51,2024-11-17,delivered
7775,540,P070,3,11856.42,2024-07-17,delivered
7776,271,P087,3,130814.04,2024-06-22,delivered
7777,365,P002,4,79889.08,2025-03-02,delivered
7778,134,P025,5,126804.35,2024-05-31,delivered
7779,143,P023,4,144922.8,2024-02-15,delivered
7780,412,P026,5,203140.3,2025-02-23,delivered
7781,426,P096,1,29922.82,2024-11-14,delivered
7783,391,P090,1,29380.28,2025-04-19,delivered
7784,160,P012,2,128946.1,2024-03-29,delivered
7785,263,P076,1,59102.09,2024-06-22,delivered
7786,212,P082,3,183019.74,2025-04-16,delivered
7787,550,P093,2,62291.58,2024-11-11,delivered
7788,483,P097,2,36517.68,2024-11-13,delivered
7789,295,P091,3,95262.6,2024-07-01,delivered
7790,172,P073,3,209019.6,2025-02-27,delivered
7791,528,P025,3,76082.61,2024-07-23,delivered
7792,252,P034,4,277786.68,2024-09-27,delivered
7793,351,P046,5,38013.35,2025-01-07,delivered
7794,496,P083,5,319226.55,2025-04-05,delivered
7795,119,P075,4,181618.4,2024-06-08,delivered
7796,460,P056,3,148397.97,2024-10-22,delivered
7797,276,P090,5,146901.4,2024-10-02,delivered
7798,363,P099,2,96631.08,2024-09-21,delivered
7799,340,P034,1,69446.67,2024-04-28,delivered
7800,344,P018,4,18644.96,2024-11-26,delivered
7801,389,P049,5,347322.85,2024-02-04,delivered
7802,460,P014,3,208424.64,2024-01-09,delivered
7803,316,P061,3,165579.57,2024-12-10,delivered
7807,528,P032,3,228449.28,2025-01-17,delivered
7808,348,P087,4,174418.72,2024-11-03,delivered
7810,319,P100,3,160470.6,2025-02-14,delivered
7811,184,P066,2,104267.02,2024-11-03,delivered
7812,588,P073,2,139346.4,2024-05-13,delivered
7813,504,P007,1,3030.05,2024-11-12,delivered
7814,511,P045,4,310383.88,2025-02-09,delivered
7815,336,P001,2,69055.82,2024-07-24,delivered
7816,255,P040,1,2494.89,2024-07-08,delivered
7817,540,P027,4,13686.68,2024-04-02,delivered
7818,179,P088,5,2800.6,2025-01-18,delivered
7821,443,P049,4,277858.28,2024-09-05,delivered
7824,374,P010,3,114069.03,2025-05-15,delivered
7825,214,P078,2,64781.62,2024-08-28,delivered
7831,118,P034,4,277786.68,2024-07-02,delivered
7834,512,P002,2,39944.54,2024-11-22,delivered
7835,395,P065,4,126279.08,2025-04-10,delivered
7836,349,P084,4,139612.44,2025-03-08,delivered
7838,358,P048,4,142222.56,2024-12-09,delivered
7840,546,P087,1,43604.68,2024-06-02,delivered
7841,273,P091,5,158771.0,2024-09-21,delivered
7842,364,P079,4,104919.8,2025-03-21,delivered
7844,336,P047,1,53840.91,2025-01-13,delivered
7845,318,P044,3,161721.75,2024-01-25,delivered
7846,192,P038,3,160147.35,2025-03-03,delivered
7847,329,P042,3,169211.97,2024-02-06,delivered
7849,228,P023,1,36230.7,2024-04-06,delivered
7850,473,P019,4,170161.8,2025-03-17,delivered
7852,121,P010,3,114069.03,2025-01-16,delivered
7853,176,P078,1,32390.81,2025-01-26,delivered
7856,595,P015,2,33093.42,2024-09-24,delivered
7857,416,P066,5,260667.55,2024-09-06,delivered
7859,241,P096,2,59845.64,2024-10-10,delivered
7860,410,P052,2,134130.82,2024-10-18,delivered
7863,407,P082,3,183019.74,2024-04-09,delivered
7864,216,P003,3,148229.64,2024-08-14,delivered
7867,577,P072,1,32611.95,2024-12-17,delivered
7869,538,P096,4,119691.28,2024-08-03,delivered
7870,445,P050,3,42762.81,2025-02-16,delivered
7871,439,P074,1,62612.6,2025-05-13,delivered
7872,143,P027,5,17108.35,2025-01-13,delivered
7874,116,P020,5,374673.95,2024-06-19,delivered
7875,390,P056,4,197863.96,2024-01-24,delivered
7877,572,P069,2,159906.32,2025-01-22,delivered
7878,150,P051,2,110881.62,2024-08-04,delivered
7881,562,P077,3,210880.17,2024-11-23,delivered
7883,216,P052,4,268261.64,2025-04-20,delivered
7887,599,P054,4,218766.08,2024-07-12,delivered
7888,417,P029,2,157863.5,2025-05-30,delivered
7889,407,P074,4,250450.4,2024-01-24,delivered
7890,413,P032,2,152299.52,2025-04-28,delivered
7891,588,P048,1,35555.64,2025-02-02,delivered
7892,536,P021,4,12974.2,2025-01-12,delivered
7893,190,P061,2,110386.38,2024-11-26,delivered
7895,336,P032,5,380748.8,2025-03-30,delivered
7896,508,P023,4,144922.8,2025-05-27,delivered
7897,512,P078,3,97172.43,2024-06-12,delivered
7898,337,P093,1,31145.79,2024-01-08,delivered
7900,542,P050,1,14254.27,2025-03-03,delivered
7901,553,P092,5,278339.15,2024-05-03,delivered
7904,467,P066,4,208534.04,2025-03-14,delivered
7905,154,P019,3,127621.35,2024-04-24,delivered
7906,288,P053,3,226724.04,2024-05-25,delivered
7907,508,P062,2,108306.84,2024-09-27,delivered
7909,486,P032,3,228449.28,2024-12-16,delivered
7910,453,P057,3,208576.53,2025-04-06,delivered
7911,391,P036,5,206480.6,2024-02-06,delivered
7912,176,P067,3,25850.34,2024-01-27,delivered
7913,551,P048,5,177778.2,2025-01-06,delivered
7915,466,P057,3,208576.53,2024-06-07,delivered
7916,176,P078,3,97172.43,2025-01-28,delivered
7917,427,P030,1,77212.98,2024-08-04,delivered
7918,176,P075,1,45404.6,2024-09-22,delivered
7920,417,P022,3,29569.74,2024-06-08,delivered
7921,368,P048,4,142222.56,2025-05-11,delivered
7923,560,P049,1,69464.57,2024-03-07,delivered
7924,216,P040,2,4989.78,2024-08-17,delivered
7925,243,P078,1,32390.81,2024-07-20,delivered
7926,356,P059,5,12639.65,2024-01-13,delivered
7928,421,P013,3,140609.43,2025-06-03,delivered
7929,239,P071,5,390881.1,2024-03-22,delivered
7930,329,P073,5,348366.0,2024-09-10,delivered
7931,232,P095,2,38159.56,2024-09-07,delivered
7932,454,P092,4,222671.32,2024-06-30,delivered
7933,412,P035,5,182168.55,2024-10-11,delivered
7934,481,P025,1,25360.87,2024-05-15,delivered
7936,338,P013,5,234349.05,2024-02-22,delivered
7938,160,P057,1,69525.51,2025-05-02,delivered
7940,254,P073,1,69673.2,2025-03-16,delivered
7941,469,P057,2,139051.02,2025-04-12,delivered
7944,364,P037,3,117476.52,2024-09-27,delivered
7945,275,P036,5,206480.6,2025-05-30,delivered
7948,184,P023,1,36230.7,2025-03-18,delivered
7949,149,P057,3,208576.53,2024-07-06,delivered
7950,499,P014,2,138949.76,2024-08-06,delivered
7952,153,P088,3,1680.36,2024-08-03,delivered
7953,266,P021,2,6487.1,2025-02-09,delivered
7954,537,P021,5,16217.75,2024-06-09,delivered
7955,590,P067,4,34467.12,2025-03-02,delivered
7956,218,P034,4,277786.68,2024-11-06,delivered
7957,175,P040,3,7484.67,2024-12-28,delivered
7960,282,P083,2,127690.62,2025-04-12,delivered
7961,110,P091,2,63508.4,2024-08-01,delivered
7963,505,P049,3,208393.71,2024-07-23,delivered
7964,417,P065,4,126279.08,2024-10-07,delivered
7966,583,P093,5,155728.95,2025-04-26,delivered
7967,500,P085,4,261779.8,2025-05-13,delivered
7968,244,P078,5,161954.05,2025-01-19,delivered
7969,152,P008,3,176815.56,2024-10-09,delivered
7970,325,P037,1,39158.84,2025-04-28,delivered
7972,523,P020,2,149869.58,2024-11-02,delivered
7973,388,P012,4,257892.2,2024-09-08,delivered
7974,394,P070,3,11856.42,2025-06-27,delivered
7975,454,P003,2,98819.76,2024-03-10,delivered
7976,591,P047,4,215363.64,2024-08-07,delivered
7977,265,P060,2,148965.6,2025-04-16,delivered
7978,271,P026,3,121884.18,2024-09-18,delivered
7980,513,P063,1,17332.44,2025-06-25,delivered
7982,117,P065,3,94709.31,2025-05-18,delivered
7983,395,P043,1,16228.09,2024-03-18,delivered
7984,599,P072,1,32611.95,2025-06-28,delivered
7985,509,P066,1,52133.51,2025-04-24,delivered
7987,332,P095,2,38159.56,2024-12-04,delivered
7990,395,P038,1,53382.45,2025-02-03,delivered
7991,105,P029,3,236795.25,2025-03-13,delivered
7993,435,P086,2,19409.4,2024-12-29,delivered
7994,197,P099,2,96631.08,2024-07-30,delivered
7995,193,P013,1,46869.81,2025-06-30,delivered
7996,500,P017,5,108264.95,2024-12-22,delivered
7997,268,P041,2,49407.2,2024-08-01,delivered
7998,256,P021,4,12974.2,2024-10-04,delivered
7999,580,P028,3,35857.86,2024-01-28,delivered
8000,550,P057,1,69525.51,2025-01-19,delivered
8001,328,P096,2,59845.64,2025-01-24,delivered
8002,329,P057,4,278102.04,2024-07-22,delivered
8003,495,P049,5,347322.85,2024-05-07,delivered
8004,597,P023,5,181153.5,2025-06-12,delivered
8007,198,P027,1,3421.67,2025-06-03,delivered
8010,593,P013,3,140609.43,2025-01-04,delivered
8011,529,P009,4,212551.92,2024-11-03,delivered
8012,460,P011,4,270196.88,2025-04-27,delivered
8013,588,P036,3,123888.36,2024-02-16,delivered
8014,534,P032,2,152299.52,2024-01-10,delivered
8015,366,P020,2,149869.58,2025-04-26,delivered
8016,132,P077,2,140586.78,2024-10-27,delivered
8017,417,P054,2,109383.04,2025-03-05,delivered
8018,190,P067,2,17233.56,2024-07-04,delivered
8020,205,P040,4,9979.56,2025-01-17,delivered
8021,419,P042,1,56403.99,2024-01-27,delivered
8023,124,P070,4,15808.56,2025-06-21,delivered
8024,181,P013,1,46869.81,2024-12-23,delivered
8026,338,P054,5,273457.6,2025-03-26,delivered
8028,341,P033,2,102331.36,2024-11-26,delivered
8030,484,P074,2,125225.2,2024-05-08,delivered
8031,364,P017,2,43305.98,2024-08-18,delivered
8032,481,P013,4,187479.24,2024-10-16,delivered
8033,228,P029,3,236795.25,2024-07-08,delivered
8034,269,P091,4,127016.8,2025-06-16,delivered
8035,490,P017,3,64958.97,2025-03-08,delivered
8037,424,P007,2,6060.1,2024-07-05,delivered
8038,174,P082,1,61006.58,2024-08-31,delivered
8042,161,P096,3,89768.46,2025-06-10,delivered
8044,496,P071,4,312704.88,2024-04-08,delivered
8045,491,P067,3,25850.34,2024-03-05,delivered
8046,319,P083,1,63845.31,2024-05-09,delivered
8047,217,P059,1,2527.93,2024-05-03,delivered
8050,520,P066,2,104267.02,2024-05-25,delivered
8051,498,P003,2,98819.76,2024-12-28,delivered
8052,389,P068,5,263309.2,2024-02-18,delivered
8053,377,P030,5,386064.9,2024-06-19,delivered
8054,182,P013,2,93739.62,2024-08-19,delivered
8055,377,P079,4,104919.8,2024-07-26,delivered
8057,558,P061,4,220772.76,2024-11-25,delivered
8058,470,P039,1,11258.14,2024-03-17,delivered
8059,463,P072,3,97835.85,2024-08-01,delivered
8060,131,P097,4,73035.36,2024-05-23,delivered
8061,347,P021,2,6487.1,2025-02-04,delivered
8062,431,P054,4,218766.08,2024-07-17,delivered
8063,528,P045,1,77595.97,2024-08-19,delivered
8064,172,P052,1,67065.41,2024-06-04,delivered
8065,328,P019,3,127621.35,2024-12-01,delivered
8066,427,P016,5,45211.9,2024-11-14,delivered
8067,496,P081,5,323234.45,2025-04-27,delivered
8069,179,P010,3,114069.03,2024-10-05,delivered
8071,400,P022,4,39426.32,2024-10-25,delivered
8072,368,P014,1,69474.88,2025-01-06,delivered
8074,130,P082,1,61006.58,2024-10-13,delivered
8076,442,P033,3,153497.04,2024-03-26,delivered
8078,214,P076,4,236408.36,2024-09-29,delivered
8080,122,P078,1,32390.81,2024-04-10,delivered
8083,537,P059,5,12639.65,2025-06-19,delivered
8084,582,P052,4,268261.64,2024-01-27,delivered
8085,391,P024,1,74716.61,2024-12-02,delivered
8086,250,P053,1,75574.68,2025-04-12,delivered
8087,284,P088,3,1680.36,2024-12-26,delivered
8089,458,P082,3,183019.74,2024-06-13,delivered
8091,486,P045,2,155191.94,2025-05-26,delivered
8092,271,P046,5,38013.35,2024-08-21,delivered
8095,204,P034,4,277786.68,2024-12-25,delivered
8096,513,P057,3,208576.53,2024-06-12,delivered
8097,266,P003,1,49409.88,2024-07-13,delivered
8098,566,P065,5,157848.85,2024-10-30,delivered
8099,304,P080,1,53440.71,2024-07-22,delivered
8100,147,P092,5,278339.15,2025-02-18,delivered
8101,175,P092,3,167003.49,2025-06-29,delivered
8102,304,P018,4,18644.96,2024-04-16,delivered
8103,415,P073,1,69673.2,2024-11-27,delivered
8104,327,P006,2,26985.56,2024-06-07,delivered
8105,114,P064,2,105489.9,2024-08-12,delivered
8106,549,P029,4,315727.0,2024-08-09,delivered
8111,290,P047,2,107681.82,2024-11-23,delivered
8112,140,P089,2,52068.82,2024-11-25,delivered
8113,508,P069,5,399765.8,2024-05-11,delivered
8114,570,P065,4,126279.08,2024-11-17,delivered
8115,514,P078,2,64781.62,2024-12-22,delivered
8117,417,P057,4,278102.04,2025-03-22,delivered
8118,589,P022,1,9856.58,2025-04-04,delivered
8119,559,P045,4,310383.88,2024-05-31,delivered
8120,450,P046,1,7602.67,2024-10-09,delivered
8122,461,P098,2,11896.7,2025-02-09,delivered
8123,439,P058,3,137075.16,2024-11-07,delivered
8124,220,P073,5,348366.0,2025-02-20,delivered
8125,493,P070,5,19760.7,2024-11-18,delivered
8126,598,P079,1,26229.95,2025-01-01,delivered
8128,474,P021,2,6487.1,2024-09-11,delivered
8129,528,P024,1,74716.61,2025-05-21,delivered
8131,513,P053,4,302298.72,2025-04-30,delivered
8132,534,P044,2,107814.5,2024-04-08,delivered
8134,147,P024,3,224149.83,2025-02-15,delivered
8136,485,P013,5,234349.05,2024-09-20,delivered
8137,551,P078,1,32390.81,2024-03-01,delivered
8138,149,P022,1,9856.58,2025-06-25,delivered
8139,103,P042,4,225615.96,2024-11-09,delivered
8140,510,P073,5,348366.0,2025-01-18,delivered
8141,590,P023,2,72461.4,2025-05-25,delivered
8142,375,P028,3,35857.86,2024-04-09,delivered
8144,462,P099,2,96631.08,2025-06-03,delivered
8145,517,P057,1,69525.51,2024-02-09,delivered
8146,514,P040,3,7484.67,2024-04-20,delivered
8147,450,P024,5,373583.05,2025-06-14,delivered
8148,561,P013,4,187479.24,2024-07-16,delivered
8150,584,P015,5,82733.55,2024-03-08,delivered
8152,197,P052,1,67065.41,2025-01-01,delivered
8153,570,P062,5,270767.1,2024-04-11,delivered
8155,488,P070,2,7904.28,2024-10-16,delivered
8159,413,P050,3,42762.81,2025-05-24,delivered
8160,495,P088,1,560.12,2025-06-24,delivered
8161,197,P012,3,193419.15,2024-06-26,delivered
8162,479,P007,5,15150.25,2024-01-29,delivered
8163,595,P039,4,45032.56,2024-07-11,delivered
8164,594,P069,1,79953.16,2025-03-20,delivered
8165,361,P048,1,35555.64,2024-08-07,delivered
8166,335,P024,2,149433.22,2024-11-23,delivered
8167,466,P027,4,13686.68,2024-07-30,delivered
8168,124,P049,2,138929.14,2024-04-29,delivered
8170,524,P030,3,231638.94,2025-02-15,delivered
8171,180,P019,5,212702.25,2024-09-09,delivered
8172,552,P055,5,199121.3,2024-11-13,delivered
8173,582,P084,3,104709.33,2025-02-23,delivered
8174,313,P053,4,302298.72,2024-10-11,delivered
8175,519,P100,4,213960.8,2024-09-16,delivered
8177,166,P085,2,130889.9,2024-03-13,delivered
8178,160,P021,4,12974.2,2024-03-09,delivered
8180,246,P069,3,239859.48,2024-10-18,delivered
8181,156,P098,1,5948.35,2025-02-08,delivered
8182,587,P012,5,322365.25,2025-05-24,delivered
8187,406,P099,1,48315.54,2025-05-30,delivered
8188,494,P027,3,10265.01,2024-02-14,delivered
8189,586,P020,3,224804.37,2024-09-13,delivered
8191,295,P020,3,224804.37,2025-06-01,delivered
8193,113,P057,1,69525.51,2024-09-08,delivered
8194,386,P021,2,6487.1,2024-11-21,delivered
8195,158,P088,1,560.12,2025-02-23,delivered
8196,417,P093,2,62291.58,2024-11-25,delivered
8197,120,P019,1,42540.45,2024-08-27,delivered
8199,494,P073,1,69673.2,2024-08-17,delivered
8202,331,P096,2,59845.64,2025-05-17,delivered
8203,277,P082,4,244026.32,2025-05-05,delivered
8204,333,P069,3,239859.48,2024-08-17,delivered
8205,247,P082,2,122013.16,2025-02-01,delivered
8211,588,P050,4,57017.08,2025-01-07,delivered
8212,267,P086,4,38818.8,2024-05-16,delivered
8213,226,P028,2,23905.24,2024-07-18,delivered
8214,561,P060,5,372414.0,2025-02-22,delivered
8215,430,P040,2,4989.78,2025-02-06,delivered
8216,341,P014,5,347374.4,2025-04-08,delivered
8217,564,P100,5,267451.0,2025-02-26,delivered
8220,113,P089,2,52068.82,2025-01-30,delivered
8222,395,P026,2,81256.12,2025-02-25,delivered
8223,340,P032,2,152299.52,2025-05-13,delivered
8224,413,P098,5,29741.75,2025-06-27,delivered
8225,447,P013,1,46869.81,2024-03-28,delivered
8226,105,P007,3,9090.15,2024-04-02,delivered
8227,577,P046,2,15205.34,2024-06-03,delivered
8229,344,P044,2,107814.5,2024-10-23,delivered
8230,152,P072,2,65223.9,2024-06-04,delivered
8231,313,P016,5,45211.9,2025-02-23,delivered
8232,388,P071,4,312704.88,2024-10-14,delivered
8233,600,P015,2,33093.42,2025-03-31,delivered
8235,295,P062,2,108306.84,2024-01-21,delivered
8237,558,P003,4,197639.52,2024-12-18,delivered
8238,144,P048,1,35555.64,2024-06-30,delivered
8239,420,P039,4,45032.56,2024-06-02,delivered
8240,579,P086,2,19409.4,2024-11-24,delivered
8241,465,P011,3,202647.66,2025-05-21,delivered
8242,419,P076,4,236408.36,2024-06-22,delivered
8243,536,P033,2,102331.36,2025-06-09,delivered
8244,367,P004,4,226286.0,2024-11-22,delivered
8245,127,P084,2,69806.22,2024-11-09,delivered
8246,330,P056,3,148397.97,2024-02-11,delivered
8247,484,P098,4,23793.4,2024-03-23,delivered
8248,383,P005,2,26893.3,2024-01-11,delivered
8250,299,P005,3,40339.95,2025-01-19,delivered
8251,288,P066,4,208534.04,2025-02-20,delivered
8253,245,P035,1,36433.71,2025-04-05,delivered
8254,513,P086,3,29114.1,2025-06-05,delivered
8255,112,P017,1,21652.99,2024-09-05,delivered
8256,191,P048,1,35555.64,2024-06-06,delivered
8257,499,P012,1,64473.05,2024-01-10,delivered
8258,478,P044,5,269536.25,2024-03-13,delivered
8259,399,P081,4,258587.56,2024-12-04,delivered
8260,414,P016,1,9042.38,2024-05-22,delivered
8261,571,P096,1,29922.82,2024-07-09,delivered
8262,468,P012,1,64473.05,2025-03-19,delivered
8263,208,P007,1,3030.05,2025-01-31,delivered
8264,421,P068,2,105323.68,2025-05-02,delivered
8267,195,P065,1,31569.77,2024-03-22,delivered
8268,599,P026,3,121884.18,2024-05-27,delivered
8269,459,P016,1,9042.38,2024-07-11,delivered
8271,426,P076,3,177306.27,2025-02-26,delivered
8272,212,P055,3,119472.78,2024-12-19,delivered
8273,372,P001,3,103583.73,2024-10-15,delivered
8274,134,P008,1,58938.52,2025-05-20,delivered
8275,563,P094,1,35950.62,2025-03-16,delivered
8276,446,P098,4,23793.4,2024-01-13,delivered
8277,264,P076,3,177306.27,2024-03-08,delivered
8279,290,P064,3,158234.85,2025-05-15,delivered
8280,380,P096,2,59845.64,2024-08-21,delivered
8283,545,P060,4,297931.2,2024-06-05,delivered
8284,478,P097,4,73035.36,2025-03-05,delivered
8285,548,P018,3,13983.72,2025-01-25,delivered
8286,305,P047,1,53840.91,2025-03-20,delivered
8287,178,P076,2,118204.18,2024-08-10,delivered
8288,109,P051,4,221763.24,2024-06-02,delivered
8290,182,P039,5,56290.7,2024-10-11,delivered
8292,323,P021,4,12974.2,2024-03-02,delivered
8295,512,P028,4,47810.48,2025-05-17,delivered
8296,590,P040,2,4989.78,2024-12-12,delivered
8297,451,P080,4,213762.84,2024-05-04,delivered
8298,372,P037,3,117476.52,2025-01-17,delivered
8299,290,P073,4,278692.8,2024-03-05,delivered
8300,329,P048,4,142222.56,2024-09-09,delivered
8302,503,P036,5,206480.6,2024-12-14,delivered
8303,458,P025,2,50721.74,2024-11-25,delivered
8304,463,P076,5,295510.45,2024-08-30,delivered
8305,351,P073,4,278692.8,2024-01-20,delivered
8306,362,P013,4,187479.24,2024-05-31,delivered
8307,142,P068,4,210647.36,2025-04-18,delivered
8308,135,P058,4,182766.88,2024-07-16,delivered
8310,227,P029,1,78931.75,2024-12-01,delivered
8311,523,P080,4,213762.84,2024-05-29,delivered
8312,590,P041,4,98814.4,2024-11-17,delivered
8313,522,P083,2,127690.62,2024-05-03,delivered
8314,476,P008,2,117877.04,2025-06-20,delivered
8315,228,P049,4,277858.28,2024-01-12,delivered
8316,234,P027,2,6843.34,2024-10-30,delivered
8317,115,P084,4,139612.44,2024-03-21,delivered
8319,385,P021,5,16217.75,2025-03-30,delivered
8320,156,P036,4,165184.48,2024-10-09,delivered
8321,462,P078,4,129563.24,2024-10-18,delivered
8322,401,P017,3,64958.97,2024-01-18,delivered
8323,127,P042,5,282019.95,2025-05-03,delivered
8325,431,P042,4,225615.96,2024-07-01,delivered
8326,414,P098,1,5948.35,2024-10-16,delivered
8327,390,P097,5,91294.2,2024-02-10,delivered
8328,471,P092,2,111335.66,2025-05-23,delivered
8329,575,P009,2,106275.96,2024-06-04,delivered
8330,368,P021,2,6487.1,2024-04-04,delivered
8334,456,P020,5,374673.95,2024-04-01,delivered
8335,330,P021,1,3243.55,2024-09-24,delivered
8336,223,P008,5,294692.6,2024-01-25,delivered
8337,430,P090,2,58760.56,2025-05-05,delivered
8338,122,P029,2,157863.5,2024-06-05,delivered
8340,110,P066,3,156400.53,2025-05-19,delivered
8341,443,P092,4,222671.32,2024-03-10,delivered
8342,203,P076,1,59102.09,2024-08-01,delivered
8343,399,P063,1,17332.44,2024-12-23,delivered
8345,209,P020,5,374673.95,2024-01-08,delivered
8347,182,P026,5,203140.3,2024-09-19,delivered
8348,201,P042,3,169211.97,2025-02-06,delivered
8350,409,P084,5,174515.55,2025-02-19,delivered
8351,195,P015,1,16546.71,2025-01-31,delivered
8352,481,P027,2,6843.34,2024-11-01,delivered
8354,128,P083,2,127690.62,2024-09-15,delivered
8355,362,P004,3,169714.5,2024-01-13,delivered
8359,388,P077,3,210880.17,2024-09-11,delivered
8360,416,P014,1,69474.88,2024-02-01,delivered
8361,539,P002,3,59916.81,2024-01-01,delivered
8362,328,P049,5,347322.85,2024-06-12,delivered
8365,435,P003,3,148229.64,2024-02-05,delivered
8366,255,P019,3,127621.35,2025-04-12,delivered
8367,162,P082,1,61006.58,2025-05-02,delivered
8369,546,P075,5,227023.0,2024-10-06,delivered
8370,112,P090,5,146901.4,2025-05-06,delivered
8371,475,P089,2,52068.82,2024-08-08,delivered
8372,304,P087,4,174418.72,2024-01-31,delivered
8373,355,P056,4,197863.96,2025-02-26,delivered
8374,599,P002,5,99861.35,2024-02-15,delivered
8376,204,P035,1,36433.71,2024-10-05,delivered
8377,221,P089,4,104137.64,2024-01-02,delivered
8378,548,P073,4,278692.8,2025-05-15,delivered
8379,467,P096,1,29922.82,2024-10-20,delivered
8381,379,P021,3,9730.65,2025-01-15,delivered
8382,265,P095,3,57239.34,2025-02-20,delivered
8383,398,P052,3,201196.23,2025-04-23,delivered
8385,285,P056,1,49465.99,2024-09-16,delivered
8386,271,P046,4,30410.68,2025-04-06,delivered
8387,556,P006,3,40478.34,2025-06-02,delivered
8388,407,P044,5,269536.25,2024-06-12,delivered
8390,551,P015,5,82733.55,2024-02-12,delivered
8391,395,P001,3,103583.73,2024-06-17,delivered
8392,451,P091,3,95262.6,2025-05-15,delivered
8394,213,P074,3,187837.8,2025-02-21,delivered
8395,216,P082,4,244026.32,2024-06-08,delivered
8398,256,P027,5,17108.35,2024-04-08,delivered
8399,113,P003,1,49409.88,2024-10-29,delivered
8400,207,P024,1,74716.61,2024-03-09,delivered
8402,106,P090,5,146901.4,2024-11-03,delivered
8405,117,P064,3,158234.85,2024-12-25,delivered
8406,231,P090,4,117521.12,2025-01-27,delivered
8408,114,P049,1,69464.57,2025-05-14,delivered
8409,344,P033,5,255828.4,2024-04-04,delivered
8411,484,P044,2,107814.5,2025-04-25,delivered
8412,266,P040,5,12474.45,2025-04-07,delivered
8413,415,P053,1,75574.68,2024-01-11,delivered
8415,136,P065,2,63139.54,2025-04-19,delivered
8416,457,P073,4,278692.8,2024-02-19,delivered
8417,400,P016,5,45211.9,2025-05-17,delivered
8418,562,P058,3,137075.16,2024-06-15,delivered
8419,249,P077,3,210880.17,2025-03-12,delivered
8421,349,P032,1,76149.76,2025-01-31,delivered
8422,496,P049,1,69464.57,2024-11-05,delivered
8423,215,P044,5,269536.25,2025-05-20,delivered
8424,466,P057,1,69525.51,2024-04-13,delivered
8426,355,P047,4,215363.64,2024-01-22,delivered
8428,118,P036,4,165184.48,2025-03-08,delivered
8430,306,P065,2,63139.54,2024-05-20,delivered
8431,113,P021,1,3243.55,2024-07-10,delivered
8432,329,P085,5,327224.75,2025-01-17,delivered
8433,345,P009,2,106275.96,2025-02-27,delivered
8434,387,P006,2,26985.56,2024-07-26,delivered
8435,254,P018,4,18644.96,2024-01-12,delivered
8436,131,P066,1,52133.51,2024-04-25,delivered
8437,400,P068,1,52661.84,2024-11-06,delivered
8438,264,P032,4,304599.04,2024-08-06,delivered
8439,440,P061,4,220772.76,2025-05-05,delivered
8440,151,P023,4,144922.8,2024-03-13,delivered
8441,442,P017,5,108264.95,2024-05-28,delivered
8442,345,P066,1,52133.51,2024-06-17,delivered
8443,421,P097,4,73035.36,2025-01-05,delivered
8445,122,P042,4,225615.96,2024-01-29,delivered
8448,431,P097,2,36517.68,2024-09-04,delivered
8449,355,P099,1,48315.54,2025-03-19,delivered
8450,314,P009,5,265689.9,2024-03-27,delivered
8451,496,P083,1,63845.31,2025-01-13,delivered
8452,302,P036,4,165184.48,2024-12-15,delivered
8453,529,P069,5,399765.8,2024-11-30,delivered
8456,273,P012,4,257892.2,2024-12-16,delivered
8457,229,P081,3,193940.67,2024-10-04,delivered
8458,405,P066,2,104267.02,2024-11-16,delivered
8459,565,P031,5,2473.5,2024-07-14,delivered
8461,243,P034,5,347233.35,2025-03-10,delivered
8462,494,P079,2,52459.9,2024-10-29,delivered
8463,452,P088,3,1680.36,2024-11-24,delivered
8464,509,P060,5,372414.0,2025-06-16,delivered
8465,161,P093,3,93437.37,2024-09-09,delivered
8467,292,P032,4,304599.04,2025-05-10,delivered
8468,578,P073,4,278692.8,2024-12-15,delivered
8469,231,P078,1,32390.81,2024-09-15,delivered
8470,595,P049,5,347322.85,2025-02-06,delivered
8475,261,P016,2,18084.76,2024-07-04,delivered
8476,286,P098,1,5948.35,2024-02-12,delivered
8477,243,P014,5,347374.4,2024-10-01,delivered
8478,502,P013,4,187479.24,2024-07-28,delivered
8479,557,P085,5,327224.75,2024-03-02,delivered
8480,158,P044,5,269536.25,2024-10-10,delivered
8481,321,P031,2,989.4,2024-08-13,delivered
8482,576,P071,3,234528.66,2024-08-30,delivered
8483,112,P071,5,390881.1,2024-11-20,delivered
8484,188,P050,2,28508.54,2024-01-18,delivered
8486,164,P013,2,93739.62,2025-02-20,delivered
8487,224,P059,5,12639.65,2024-06-18,delivered
8488,570,P029,3,236795.25,2024-04-19,delivered
8490,329,P028,2,23905.24,2024-04-12,delivered
8491,310,P092,4,222671.32,2025-03-29,delivered
8492,479,P050,5,71271.35,2025-01-24,delivered
8494,324,P068,3,157985.52,2024-11-25,delivered
8496,411,P027,3,10265.01,2024-05-27,delivered
8500,408,P061,1,55193.19,2024-09-06,delivered
8501,332,P092,1,55667.83,2025-02-02,delivered
8504,231,P045,2,155191.94,2024-10-02,delivered
8505,567,P034,4,277786.68,2024-06-10,delivered
8506,213,P075,5,227023.0,2025-06-27,delivered
8507,534,P005,4,53786.6,2025-01-08,delivered
8508,490,P030,1,77212.98,2024-06-11,delivered
8509,416,P090,5,146901.4,2024-02-21,delivered
8510,141,P068,3,157985.52,2025-04-08,delivered
8511,251,P019,4,170161.8,2024-10-12,delivered
8512,218,P053,3,226724.04,2024-06-19,delivered
8513,219,P012,5,322365.25,2024-02-23,delivered
8514,248,P071,4,312704.88,2025-03-09,delivered
8515,221,P003,2,98819.76,2024-03-19,delivered
8516,496,P013,3,140609.43,2024-07-02,delivered
8517,499,P060,5,372414.0,2025-01-12,delivered
8518,179,P069,2,159906.32,2024-09-08,delivered
8519,267,P022,3,29569.74,2025-06-09,delivered
8520,357,P065,1,31569.77,2025-02-07,delivered
8521,186,P007,4,12120.2,2024-06-08,delivered
8523,226,P059,2,5055.86,2024-04-22,delivered
8524,183,P082,5,305032.9,2024-02-13,delivered
8528,485,P033,5,255828.4,2025-02-21,delivered
8529,358,P064,2,105489.9,2024-02-07,delivered
8530,138,P077,3,210880.17,2024-11-01,delivered
8531,410,P053,4,302298.72,2025-01-19,delivered
8532,292,P004,3,169714.5,2025-05-13,delivered
8533,485,P003,2,98819.76,2025-03-21,delivered
8538,592,P007,2,6060.1,2024-05-29,delivered
8540,566,P050,4,57017.08,2024-03-20,delivered
8541,282,P066,5,260667.55,2025-05-03,delivered
8542,579,P062,1,54153.42,2024-12-26,delivered
8543,200,P040,5,12474.45,2024-06-18,delivered
8544,152,P019,5,212702.25,2024-10-03,delivered
8545,113,P066,2,104267.02,2025-06-17,delivered
8547,278,P080,3,160322.13,2024-10-18,delivered
8549,489,P063,4,69329.76,2025-06-10,delivered
8550,442,P100,5,267451.0,2025-06-02,delivered
8552,475,P093,3,93437.37,2024-05-27,delivered
8553,491,P026,1,40628.06,2025-01-28,delivered
8554,302,P029,1,78931.75,2024-02-15,delivered
8555,107,P018,2,9322.48,2025-03-04,delivered
8556,314,P020,4,299739.16,2024-09-18,delivered
8557,101,P009,2,106275.96,2024-02-08,delivered
8559,569,P022,4,39426.32,2024-04-26,delivered
8561,590,P034,5,347233.35,2024-12-04,delivered
8562,370,P020,5,374673.95,2025-06-16,delivered
8563,513,P077,2,140586.78,2024-08-19,delivered
8564,323,P062,3,162460.26,2024-12-02,delivered
8565,356,P093,4,124583.16,2024-02-22,delivered
8566,511,P033,1,51165.68,2024-05-31,delivered
8567,533,P029,2,157863.5,2025-04-20,delivered
8568,575,P013,5,234349.05,2025-06-01,delivered
8569,312,P096,4,119691.28,2025-03-05,delivered
8571,586,P085,1,65444.95,2024-11-17,delivered
8573,343,P004,3,169714.5,2025-01-14,delivered
8575,402,P028,4,47810.48,2025-03-16,delivered
8576,247,P032,5,380748.8,2024-06-17,delivered
8577,182,P077,3,210880.17,2025-01-20,delivered
8578,152,P011,1,67549.22,2024-01-09,delivered
8579,377,P055,4,159297.04,2024-04-04,delivered
8580,127,P001,4,138111.64,2024-06-30,delivered
8581,169,P038,3,160147.35,2024-12-31,delivered
8582,121,P022,3,29569.74,2024-12-04,delivered
8583,120,P075,1,45404.6,2024-02-10,delivered
8585,156,P035,5,182168.55,2024-10-25,delivered
8586,526,P079,3,78689.85,2024-05-21,delivered
8587,337,P078,3,97172.43,2024-06-10,delivered
8588,355,P078,2,64781.62,2024-10-17,delivered
8591,315,P031,3,1484.1,2024-11-30,delivered
8592,224,P060,2,148965.6,2024-06-07,delivered
8593,141,P008,5,294692.6,2024-04-30,delivered
8594,156,P058,2,91383.44,2024-06-01,delivered
8595,245,P099,3,144946.62,2024-11-23,delivered
8596,468,P062,4,216613.68,2025-02-23,delivered
8597,577,P083,5,319226.55,2024-11-05,delivered
8598,559,P061,1,55193.19,2025-01-07,delivered
8599,301,P025,3,76082.61,2024-03-08,delivered
8602,169,P042,4,225615.96,2024-11-18,delivered
8603,104,P022,3,29569.74,2025-03-01,delivered
8604,350,P043,2,32456.18,2024-02-13,delivered
8605,223,P066,5,260667.55,2025-05-22,delivered
8606,565,P026,2,81256.12,2025-03-03,delivered
8607,495,P002,3,59916.81,2024-12-17,delivered
8608,273,P001,1,34527.91,2025-05-09,delivered
8609,209,P019,3,127621.35,2025-06-01,delivered
8611,495,P094,1,35950.62,2025-04-10,delivered
8612,376,P097,4,73035.36,2024-02-15,delivered
8614,525,P054,4,218766.08,2024-08-24,delivered
8615,528,P076,2,118204.18,2025-04-05,delivered
8616,254,P084,1,34903.11,2024-08-22,delivered
8617,303,P034,1,69446.67,2025-06-27,delivered
8619,102,P056,1,49465.99,2024-03-18,delivered
8620,375,P070,4,15808.56,2024-01-17,delivered
8621,494,P077,1,70293.39,2025-05-23,delivered
8622,374,P085,5,327224.75,2024-10-21,delivered
8623,538,P031,4,1978.8,2024-12-02,delivered
8625,141,P043,2,32456.18,2025-05-06,delivered
8626,151,P017,3,64958.97,2024-06-22,delivered
8628,205,P094,2,71901.24,2025-01-05,delivered
8629,492,P037,3,117476.52,2024-03-11,delivered
8630,180,P016,1,9042.38,2024-09-02,delivered
8631,499,P099,3,144946.62,2024-07-02,delivered
8633,362,P016,4,36169.52,2024-10-11,delivered
8635,513,P025,5,126804.35,2024-09-13,delivered
8636,567,P080,1,53440.71,2024-03-05,delivered
8637,175,P044,2,107814.5,2025-06-18,delivered
8638,346,P097,3,54776.52,2024-01-31,delivered
8640,209,P022,2,19713.16,2025-05-10,delivered
8642,299,P042,3,169211.97,2024-07-22,delivered
8643,119,P058,2,91383.44,2024-01-04,delivered
8645,484,P001,3,103583.73,2025-04-19,delivered
8646,169,P013,5,234349.05,2025-06-17,delivered
8647,404,P018,4,18644.96,2025-05-21,delivered
8648,162,P080,1,53440.71,2024-11-20,delivered
8649,260,P069,4,319812.64,2024-10-27,delivered
8650,540,P014,1,69474.88,2024-11-03,delivered
8651,457,P034,4,277786.68,2024-06-05,delivered
8652,275,P053,1,75574.68,2025-06-27,delivered
8654,112,P004,3,169714.5,2024-12-01,delivered
8655,465,P012,2,128946.1,2025-06-21,delivered
8656,286,P015,1,16546.71,2024-09-27,delivered
8657,263,P016,2,18084.76,2024-08-05,delivered
8658,219,P007,3,9090.15,2024-11-14,delivered
8659,516,P092,5,278339.15,2024-10-31,delivered
8661,148,P085,3,196334.85,2024-10-02,delivered
8662,171,P009,1,53137.98,2024-01-05,delivered
8663,557,P062,1,54153.42,2025-04-25,delivered
8664,308,P070,1,3952.14,2024-09-27,delivered
8665,403,P072,2,65223.9,2024-03-24,delivered
8666,187,P024,5,373583.05,2024-04-16,delivered
8667,341,P028,2,23905.24,2024-06-22,delivered
8668,309,P001,5,172639.55,2024-10-06,delivered
8670,209,P079,4,104919.8,2024-07-16,delivered
8671,277,P018,4,18644.96,2025-02-25,delivered
8673,231,P083,5,319226.55,2025-05-24,delivered
8674,159,P052,5,335327.05,2024-07-14,delivered
8675,454,P017,5,108264.95,2024-07-07,delivered
8676,596,P086,2,19409.4,2024-05-15,delivered
8678,169,P028,3,35857.86,2024-04-25,delivered
8680,155,P044,2,107814.5,2025-04-02,delivered
8681,176,P093,1,31145.79,2025-01-12,delivered
8685,586,P036,4,165184.48,2024-02-20,delivered
8686,102,P056,4,197863.96,2024-06-11,delivered
8687,501,P008,4,235754.08,2025-06-20,delivered
8688,205,P053,1,75574.68,2024-10-21,delivered
8689,246,P036,2,82592.24,2025-03-12,delivered
8691,279,P039,2,22516.28,2025-04-05,delivered
8692,453,P036,4,165184.48,2025-02-03,delivered
8693,183,P062,2,108306.84,2025-03-24,delivered
8695,213,P071,5,390881.1,2024-05-28,delivered
8696,238,P093,3,93437.37,2025-06-18,delivered
8697,454,P013,3,140609.43,2025-06-12,delivered
8698,483,P052,1,67065.41,2024-03-05,delivered
8699,224,P037,3,117476.52,2024-09-07,delivered
8700,422,P064,5,263724.75,2024-01-04,delivered
8701,591,P003,3,148229.64,2025-03-05,delivered
8702,101,P062,2,108306.84,2024-07-10,delivered
8703,476,P040,4,9979.56,2024-09-14,delivered
8704,401,P026,4,162512.24,2024-12-31,delivered
8705,295,P061,5,275965.95,2024-07-19,delivered
8708,217,P056,5,247329.95,2024-01-17,delivered
8712,468,P018,2,9322.48,2024-08-07,delivered
8713,290,P013,1,46869.81,2024-09-19,delivered
8714,571,P076,4,236408.36,2024-05-03,delivered
8715,430,P076,4,236408.36,2024-08-02,delivered
8716,275,P031,5,2473.5,2024-05-01,delivered
8717,513,P033,5,255828.4,2024-09-03,delivered
8718,344,P089,3,78103.23,2024-06-20,delivered
8719,575,P063,2,34664.88,2025-02-25,delivered
8720,152,P012,5,322365.25,2024-08-22,delivered
8722,385,P090,2,58760.56,2024-01-28,delivered
8723,422,P074,1,62612.6,2024-10-08,delivered
8724,189,P021,2,6487.1,2024-02-16,delivered
8725,201,P027,2,6843.34,2024-05-15,delivered
8726,336,P008,4,235754.08,2024-08-19,delivered
8727,117,P016,2,18084.76,2025-01-10,delivered
8728,528,P088,4,2240.48,2024-06-06,delivered
8729,527,P021,4,12974.2,2025-01-22,delivered
8730,188,P048,1,35555.64,2025-06-29,delivered
8731,451,P054,1,54691.52,2024-03-27,delivered
8732,209,P010,2,76046.02,2025-03-01,delivered
8733,323,P030,2,154425.96,2024-09-29,delivered
8734,554,P058,2,91383.44,2025-06-29,delivered
8736,243,P041,3,74110.8,2024-08-07,delivered
8738,575,P012,5,322365.25,2024-04-28,delivered
8739,562,P007,2,6060.1,2025-06-30,delivered
8740,387,P062,4,216613.68,2024-05-18,delivered
8741,366,P024,5,373583.05,2024-08-25,delivered
8742,224,P007,5,15150.25,2024-03-16,delivered
8743,376,P071,1,78176.22,2024-12-13,delivered
8744,233,P034,3,208340.01,2024-05-19,delivered
8745,123,P055,4,159297.04,2024-07-29,delivered
8746,512,P029,1,78931.75,2025-06-14,delivered
8747,420,P057,1,69525.51,2025-03-08,delivered
8748,478,P098,3,17845.05,2025-04-16,delivered
8749,449,P036,3,123888.36,2024-01-31,delivered
8750,492,P002,1,19972.27,2024-01-25,delivered
8751,143,P042,2,112807.98,2024-03-24,delivered
8753,502,P069,3,239859.48,2024-02-28,delivered
8755,445,P015,5,82733.55,2024-10-23,delivered
8757,248,P063,5,86662.2,2024-03-19,delivered
8758,190,P098,3,17845.05,2025-05-28,delivered
8760,340,P004,1,56571.5,2024-02-20,delivered
8761,439,P034,2,138893.34,2025-01-21,delivered
8762,426,P044,1,53907.25,2025-01-05,delivered
8763,372,P020,4,299739.16,2025-01-21,delivered
8764,221,P053,2,151149.36,2024-10-02,delivered
8765,265,P048,1,35555.64,2025-01-09,delivered
8766,521,P022,5,49282.9,2025-01-19,delivered
8767,383,P092,1,55667.83,2025-04-26,delivered
8769,417,P046,1,7602.67,2025-06-22,delivered
8770,165,P009,1,53137.98,2024-10-01,delivered
8771,576,P016,4,36169.52,2024-09-15,delivered
8772,556,P072,5,163059.75,2024-01-06,delivered
8775,468,P098,2,11896.7,2025-06-25,delivered
8776,305,P035,2,72867.42,2024-06-07,delivered
8777,173,P090,4,117521.12,2024-10-29,delivered
8778,368,P074,3,187837.8,2025-02-21,delivered
8779,182,P003,2,98819.76,2025-03-05,delivered
8780,289,P093,5,155728.95,2025-03-17,delivered
8783,181,P046,3,22808.01,2024-10-24,delivered
8784,196,P052,2,134130.82,2025-01-12,delivered
8785,379,P088,2,1120.24,2024-10-27,delivered
8787,294,P040,4,9979.56,2024-10-13,delivered
8788,363,P074,5,313063.0,2025-06-01,delivered
8789,496,P029,1,78931.75,2025-01-12,delivered
8790,385,P090,5,146901.4,2025-06-15,delivered
8792,413,P090,1,29380.28,2024-12-14,delivered
8793,249,P088,1,560.12,2024-10-25,delivered
8794,205,P028,2,23905.24,2024-12-29,delivered
8795,525,P068,3,157985.52,2024-11-18,delivered
8796,303,P094,2,71901.24,2024-05-24,delivered
8798,470,P016,5,45211.9,2024-02-19,delivered
8800,211,P018,4,18644.96,2024-11-26,delivered
8801,121,P053,1,75574.68,2024-03-19,delivered
8804,592,P065,4,126279.08,2025-06-21,delivered
8805,106,P024,2,149433.22,2024-01-28,delivered
8806,401,P014,3,208424.64,2025-02-28,delivered
8807,382,P017,5,108264.95,2025-06-20,delivered
8809,427,P090,4,117521.12,2024-09-27,delivered
8810,522,P077,1,70293.39,2025-03-01,delivered
8811,552,P080,2,106881.42,2025-02-05,delivered
8812,413,P045,2,155191.94,2024-02-29,delivered
8813,260,P078,1,32390.81,2024-05-06,delivered
8814,156,P070,3,11856.42,2024-08-19,delivered
8815,304,P068,4,210647.36,2024-12-17,delivered
8816,401,P018,4,18644.96,2024-07-18,delivered
8817,518,P093,2,62291.58,2024-08-08,delivered
8818,138,P031,4,1978.8,2024-10-08,delivered
8819,273,P054,1,54691.52,2024-04-04,delivered
8821,582,P096,1,29922.82,2025-01-10,delivered
8823,320,P056,1,49465.99,2025-06-15,delivered
8824,160,P096,2,59845.64,2025-03-12,delivered
8825,581,P006,2,26985.56,2024-02-26,delivered
8826,285,P050,4,57017.08,2024-03-31,delivered
8827,298,P020,4,299739.16,2024-03-15,delivered
8828,582,P096,2,59845.64,2024-04-12,delivered
8829,494,P028,3,35857.86,2024-12-14,delivered
8832,491,P072,2,65223.9,2024-08-03,delivered
8833,249,P096,1,29922.82,2024-04-28,delivered
8835,500,P025,3,76082.61,2024-11-01,delivered
8836,345,P086,5,48523.5,2025-06-25,delivered
8837,309,P006,2,26985.56,2024-08-27,delivered
8838,415,P093,1,31145.79,2024-02-24,delivered
8839,442,P048,4,142222.56,2024-01-19,delivered
8840,360,P048,5,177778.2,2024-03-07,delivered
8843,493,P080,5,267203.55,2025-01-19,delivered
8844,526,P071,5,390881.1,2025-04-12,delivered
8845,556,P067,3,25850.34,2024-05-28,delivered
8846,397,P050,5,71271.35,2024-09-11,delivered
8847,270,P073,1,69673.2,2024-10-28,delivered
8848,496,P065,3,94709.31,2024-07-18,delivered
8849,556,P025,1,25360.87,2024-07-08,delivered
8851,389,P072,1,32611.95,2025-02-21,delivered
8852,386,P061,2,110386.38,2025-02-11,delivered
8854,190,P096,2,59845.64,2024-11-12,delivered
8855,367,P078,2,64781.62,2024-11-29,delivered
8856,433,P032,5,380748.8,2024-05-21,delivered
8862,277,P053,1,75574.68,2024-08-09,delivered
8863,388,P062,4,216613.68,2024-04-10,delivered
8864,493,P025,5,126804.35,2024-11-17,delivered
8865,573,P097,1,18258.84,2024-09-14,delivered
8866,498,P035,4,145734.84,2024-06-01,delivered
8867,401,P099,3,144946.62,2025-06-05,delivered
8870,408,P051,4,221763.24,2024-03-05,delivered
8871,160,P098,4,23793.4,2025-05-30,delivered
8872,139,P011,2,135098.44,2024-12-08,delivered
8873,125,P009,4,212551.92,2025-06-24,delivered
8874,414,P083,3,191535.93,2024-03-23,delivered
8875,423,P078,1,32390.81,2024-11-25,delivered
8876,333,P053,2,151149.36,2025-06-18,delivered
8877,547,P075,4,181618.4,2025-02-25,delivered
8878,126,P094,3,107851.86,2024-08-13,delivered
8880,407,P037,4,156635.36,2024-06-15,delivered
8882,444,P017,5,108264.95,2024-05-20,delivered
8884,573,P050,1,14254.27,2024-06-13,delivered
8886,580,P068,5,263309.2,2024-09-26,delivered
8888,219,P012,2,128946.1,2024-11-17,delivered
8891,106,P027,2,6843.34,2024-04-14,delivered
8892,409,P021,1,3243.55,2025-01-23,delivered
8893,213,P097,4,73035.36,2024-08-31,delivered
8895,163,P025,2,50721.74,2025-04-03,delivered
8896,557,P086,5,48523.5,2024-10-30,delivered
8897,236,P076,1,59102.09,2024-06-21,delivered
8898,125,P019,4,170161.8,2024-10-28,delivered
8899,599,P013,4,187479.24,2024-10-09,delivered
8900,128,P031,4,1978.8,2024-07-28,delivered
8901,526,P014,4,277899.52,2025-04-26,delivered
8902,575,P019,4,170161.8,2025-05-26,delivered
8903,569,P024,1,74716.61,2024-01-15,delivered
8904,428,P012,4,257892.2,2024-07-05,delivered
8907,502,P094,5,179753.1,2025-03-24,delivered
8908,489,P055,2,79648.52,2024-09-05,delivered
8910,115,P044,2,107814.5,2025-04-05,delivered
8912,449,P016,4,36169.52,2025-05-04,delivered
8913,307,P064,2,105489.9,2025-02-18,delivered
8915,377,P019,1,42540.45,2024-06-24,delivered
8916,215,P081,3,193940.67,2024-12-01,delivered
8917,145,P051,3,166322.43,2024-01-16,delivered
8919,392,P020,1,74934.79,2025-06-19,delivered
8921,597,P059,5,12639.65,2024-02-10,delivered
8922,221,P056,5,247329.95,2024-10-22,delivered
8923,588,P021,2,6487.1,2024-02-08,delivered
8925,600,P093,5,155728.95,2024-09-13,delivered
8926,432,P017,3,64958.97,2024-12-11,delivered
8928,421,P070,5,19760.7,2025-04-13,delivered
8929,456,P084,4,139612.44,2024-04-03,delivered
8931,300,P062,2,108306.84,2024-07-10,delivered
8936,468,P020,2,149869.58,2024-11-23,delivered
8937,353,P096,1,29922.82,2025-06-28,delivered
8938,449,P068,1,52661.84,2025-02-12,delivered
8939,450,P081,2,129293.78,2025-01-12,delivered
8942,392,P005,1,13446.65,2024-05-07,delivered
8943,244,P070,2,7904.28,2024-12-16,delivered
8945,336,P076,4,236408.36,2024-07-19,delivered
8946,281,P079,3,78689.85,2024-07-09,delivered
8948,526,P029,2,157863.5,2024-04-15,delivered
8949,308,P022,3,29569.74,2024-03-22,delivered
8950,196,P069,3,239859.48,2025-05-09,delivered
8951,568,P044,4,215629.0,2024-06-20,delivered
8952,307,P076,2,118204.18,2024-08-15,delivered
8953,372,P078,3,97172.43,2024-04-14,delivered
8954,541,P065,1,31569.77,2025-02-04,delivered
8955,288,P004,4,226286.0,2025-06-15,delivered
8956,590,P050,5,71271.35,2024-11-28,delivered
8957,413,P042,4,225615.96,2024-10-21,delivered
8958,215,P001,2,69055.82,2024-11-09,delivered
8959,550,P087,5,218023.4,2024-03-17,delivered
8960,568,P062,5,270767.1,2025-05-10,delivered
8961,125,P026,5,203140.3,2024-12-07,delivered
8962,238,P005,1,13446.65,2025-01-07,delivered
8963,302,P040,1,2494.89,2024-11-29,delivered
8964,333,P014,3,208424.64,2024-12-01,delivered
8965,155,P028,2,23905.24,2025-01-09,delivered
8966,519,P054,4,218766.08,2025-06-21,delivered
8967,222,P055,4,159297.04,2024-11-20,delivered
8968,109,P080,3,160322.13,2024-06-02,delivered
8969,246,P099,1,48315.54,2024-02-06,delivered
8970,191,P059,4,10111.72,2025-06-25,delivered
8971,457,P076,5,295510.45,2025-04-29,delivered
8972,410,P094,2,71901.24,2025-05-04,delivered
8973,240,P047,2,107681.82,2024-08-28,delivered
8976,506,P097,4,73035.36,2025-03-28,delivered
8977,253,P022,2,19713.16,2025-05-19,delivered
8979,594,P047,3,161522.73,2024-10-21,delivered
8980,358,P017,3,64958.97,2024-05-01,delivered
8981,516,P089,4,104137.64,2024-12-06,delivered
8982,170,P001,1,34527.91,2024-02-13,delivered
8983,511,P040,3,7484.67,2024-08-23,delivered
8984,138,P031,2,989.4,2024-04-28,delivered
8985,545,P041,1,24703.6,2024-08-01,delivered
8986,266,P044,4,215629.0,2024-02-04,delivered
8987,425,P082,4,244026.32,2024-07-05,delivered
8989,298,P076,5,295510.45,2025-05-17,delivered
8992,177,P096,1,29922.82,2024-05-12,delivered
8993,534,P066,2,104267.02,2025-01-12,delivered
8994,208,P009,5,265689.9,2024-08-11,delivered
8995,463,P070,1,3952.14,2024-05-16,delivered
8996,529,P009,2,106275.96,2024-07-23,delivered
8997,550,P083,1,63845.31,2024-11-08,delivered
8998,131,P049,1,69464.57,2024-04-02,delivered
8999,313,P034,4,277786.68,2024-06-12,delivered
9000,468,P071,4,312704.88,2024-12-19,delivered
9001,373,P022,4,39426.32,2025-02-17,delivered
9002,441,P059,2,5055.86,2024-07-04,delivered
9003,346,P060,3,223448.4,2024-09-23,delivered
9004,388,P081,3,193940.67,2025-05-10,delivered
9005,295,P020,5,374673.95,2024-02-03,delivered
9007,296,P085,5,327224.75,2024-09-03,delivered
9009,592,P016,4,36169.52,2024-06-28,delivered
9011,504,P092,2,111335.66,2024-07-09,delivered
9012,267,P024,2,149433.22,2024-06-07,delivered
9014,510,P042,5,282019.95,2024-03-18,delivered
9015,221,P071,5,390881.1,2024-05-27,delivered
9016,560,P022,3,29569.74,2025-01-07,delivered
9017,505,P074,5,313063.0,2024-07-27,delivered
9018,385,P040,3,7484.67,2025-03-03,delivered
9019,351,P093,4,124583.16,2025-05-19,delivered
9020,183,P051,3,166322.43,2024-09-10,delivered
9023,410,P075,4,181618.4,2024-01-03,delivered
9024,393,P023,4,144922.8,2024-03-12,delivered
9026,469,P015,2,33093.42,2025-05-17,delivered
9027,171,P075,5,227023.0,2025-06-15,delivered
9028,167,P020,1,74934.79,2024-04-10,delivered
9029,507,P047,4,215363.64,2024-02-25,delivered
9032,279,P088,2,1120.24,2025-01-16,delivered
9033,195,P031,5,2473.5,2025-02-07,delivered
9034,509,P097,1,18258.84,2024-07-25,delivered
9035,243,P039,2,22516.28,2025-02-01,delivered
9036,518,P074,5,313063.0,2024-11-24,delivered
9037,336,P009,3,159413.94,2024-06-15,delivered
9038,547,P094,5,179753.1,2024-04-05,delivered
9039,499,P020,5,374673.95,2024-06-20,delivered
9040,440,P004,1,56571.5,2024-11-06,delivered
9041,345,P036,5,206480.6,2024-07-16,delivered
9043,143,P027,5,17108.35,2025-05-26,delivered
9044,412,P015,2,33093.42,2025-02-11,delivered
9045,425,P020,2,149869.58,2024-04-28,delivered
9047,486,P085,2,130889.9,2024-02-24,delivered
9048,411,P099,1,48315.54,2024-04-28,delivered
9049,296,P052,1,67065.41,2024-05-12,delivered
9052,578,P032,2,152299.52,2024-08-07,delivered
9054,273,P027,5,17108.35,2024-01-14,delivered
9055,334,P084,3,104709.33,2025-06-17,delivered
9056,177,P098,3,17845.05,2024-06-29,delivered
9057,147,P037,1,39158.84,2025-02-08,delivered
9058,573,P044,1,53907.25,2024-11-30,delivered
9059,177,P077,3,210880.17,2025-01-19,delivered
9060,109,P076,2,118204.18,2025-01-10,delivered
9061,470,P049,1,69464.57,2024-01-02,delivered
9062,467,P086,5,48523.5,2024-12-19,delivered
9063,499,P089,5,130172.05,2025-05-23,delivered
9064,498,P013,2,93739.62,2025-04-09,delivered
9065,173,P036,2,82592.24,2025-03-10,delivered
9067,258,P098,2,11896.7,2024-08-05,delivered
9068,233,P010,2,76046.02,2024-01-27,delivered
9069,347,P007,4,12120.2,2024-05-06,delivered
9073,542,P076,1,59102.09,2025-02-26,delivered
9074,167,P017,3,64958.97,2025-06-27,delivered
9075,276,P041,3,74110.8,2024-06-11,delivered
9076,214,P090,3,88140.84,2024-02-03,delivered
9078,590,P064,5,263724.75,2025-04-07,delivered
9079,317,P040,5,12474.45,2024-03-07,delivered
9080,327,P076,3,177306.27,2025-01-15,delivered
9083,323,P001,1,34527.91,2024-02-15,delivered
9084,494,P016,5,45211.9,2024-05-05,delivered
9085,207,P004,4,226286.0,2024-08-23,delivered
9087,183,P055,5,199121.3,2024-02-13,delivered
9088,365,P013,3,140609.43,2025-04-03,delivered
9089,176,P076,1,59102.09,2024-04-20,delivered
9090,461,P008,4,235754.08,2024-03-27,delivered
9091,361,P006,4,53971.12,2025-04-08,delivered
9092,227,P007,4,12120.2,2024-08-22,delivered
9093,141,P007,3,9090.15,2025-01-04,delivered
9094,352,P039,2,22516.28,2025-02-14,delivered
9095,159,P091,2,63508.4,2024-01-26,delivered
9096,390,P056,2,98931.98,2024-12-23,delivered
9098,116,P027,1,3421.67,2024-01-06,delivered
9099,202,P086,2,19409.4,2025-02-16,delivered
9101,324,P020,1,74934.79,2024-12-27,delivered
9102,369,P031,2,989.4,2025-05-01,delivered
9104,318,P013,3,140609.43,2024-12-04,delivered
9106,402,P063,4,69329.76,2024-05-07,delivered
9107,120,P003,3,148229.64,2024-08-29,delivered
9108,521,P092,5,278339.15,2024-10-03,delivered
9109,262,P032,1,76149.76,2024-11-20,delivered
9110,122,P033,5,255828.4,2025-05-28,delivered
9112,502,P078,5,161954.05,2025-05-19,delivered
9114,451,P016,4,36169.52,2025-01-26,delivered
9115,153,P053,4,302298.72,2024-04-11,delivered
9117,346,P074,3,187837.8,2024-09-11,delivered
9118,526,P023,3,108692.1,2025-03-23,delivered
9119,208,P095,5,95398.9,2024-10-23,delivered
9120,413,P058,1,45691.72,2024-03-09,delivered
9121,185,P056,2,98931.98,2024-01-27,delivered
9122,340,P007,5,15150.25,2025-04-16,delivered
9123,155,P012,4,257892.2,2024-02-26,delivered
9124,439,P086,1,9704.7,2024-09-22,delivered
9125,536,P070,1,3952.14,2024-08-28,delivered
9128,593,P003,5,247049.4,2025-05-30,delivered
9129,576,P085,5,327224.75,2024-02-01,delivered
9130,597,P070,4,15808.56,2024-09-23,delivered
9132,585,P046,5,38013.35,2025-06-09,delivered
9134,578,P002,5,99861.35,2024-06-25,delivered
9136,343,P041,4,98814.4,2024-04-05,delivered
9137,532,P025,4,101443.48,2024-03-28,delivered
9138,405,P052,1,67065.41,2024-03-27,delivered
9139,362,P064,5,263724.75,2024-10-03,delivered
9140,408,P086,4,38818.8,2025-05-31,delivered
9141,338,P093,4,124583.16,2025-05-03,delivered
9142,237,P006,5,67463.9,2024-12-29,delivered
9146,246,P087,5,218023.4,2024-08-17,delivered
9148,398,P085,4,261779.8,2024-07-05,delivered
9149,428,P006,5,67463.9,2025-03-07,delivered
9150,528,P079,4,104919.8,2025-01-27,delivered
9151,469,P034,5,347233.35,2025-03-15,delivered
9152,237,P058,5,228458.6,2024-11-15,delivered
9153,134,P057,1,69525.51,2024-06-05,delivered
9154,153,P050,2,28508.54,2024-06-12,delivered
9155,397,P098,2,11896.7,2025-02-20,delivered
9156,378,P070,2,7904.28,2024-01-01,delivered
9157,237,P069,4,319812.64,2025-06-29,delivered
9158,415,P006,4,53971.12,2024-05-20,delivered
9160,409,P074,1,62612.6,2025-03-11,delivered
9161,420,P009,1,53137.98,2024-11-03,delivered
9162,210,P015,5,82733.55,2024-09-11,delivered
9163,439,P097,5,91294.2,2024-06-16,delivered
9164,466,P053,1,75574.68,2024-08-26,delivered
9165,344,P093,4,124583.16,2024-01-01,delivered
9166,196,P032,1,76149.76,2024-09-17,delivered
9167,385,P066,1,52133.51,2025-02-14,delivered
9168,500,P090,1,29380.28,2024-06-18,delivered
9169,565,P036,3,123888.36,2025-05-22,delivered
9171,263,P084,1,34903.11,2024-07-16,delivered
9173,533,P009,4,212551.92,2025-05-10,delivered
9174,496,P067,2,17233.56,2024-09-21,delivered
9176,527,P071,2,156352.44,2024-04-09,delivered
9177,141,P057,3,208576.53,2025-02-27,delivered
9179,421,P049,3,208393.71,2025-03-08,delivered
9180,458,P075,4,181618.4,2025-03-26,delivered
9181,577,P065,4,126279.08,2024-11-15,delivered
9182,268,P044,5,269536.25,2024-09-24,delivered
9183,512,P085,1,65444.95,2024-04-23,delivered
9184,415,P018,5,23306.2,2024-07-03,delivered
9185,533,P088,4,2240.48,2025-01-04,delivered
9186,457,P049,1,69464.57,2024-12-25,delivered
9187,137,P061,1,55193.19,2025-03-08,delivered
9188,217,P077,5,351466.95,2025-02-08,delivered
9189,316,P041,2,49407.2,2025-02-24,delivered
9190,152,P066,5,260667.55,2024-09-23,delivered
9192,104,P007,1,3030.05,2024-11-04,delivered
9193,253,P068,5,263309.2,2024-09-13,delivered
9194,125,P038,4,213529.8,2025-01-19,delivered
9197,235,P021,1,3243.55,2024-11-14,delivered
9198,317,P047,4,215363.64,2025-03-29,delivered
9199,376,P004,5,282857.5,2025-04-06,delivered
9200,494,P041,2,49407.2,2024-07-15,delivered
9201,318,P017,2,43305.98,2025-01-13,delivered
9202,510,P052,4,268261.64,2024-05-13,delivered
9203,495,P054,3,164074.56,2024-10-23,delivered
9204,156,P051,3,166322.43,2024-12-21,delivered
9205,574,P007,1,3030.05,2025-03-11,delivered
9206,539,P024,1,74716.61,2024-06-28,delivered
9210,115,P014,1,69474.88,2024-06-30,delivered
9211,464,P013,1,46869.81,2025-01-16,delivered
9212,374,P067,4,34467.12,2024-03-02,delivered
9215,387,P017,2,43305.98,2024-03-22,delivered
9216,396,P077,3,210880.17,2025-03-30,delivered
9218,506,P034,2,138893.34,2025-03-11,delivered
9219,176,P094,1,35950.62,2024-06-17,delivered
9223,384,P045,2,155191.94,2025-01-12,delivered
9224,586,P066,2,104267.02,2024-11-13,delivered
9225,164,P086,5,48523.5,2024-08-26,delivered
9226,550,P033,3,153497.04,2024-10-01,delivered
9227,117,P087,4,174418.72,2024-09-17,delivered
9228,435,P048,3,106666.92,2025-04-23,delivered
9229,479,P019,2,85080.9,2024-03-19,delivered
9230,172,P025,2,50721.74,2025-04-03,delivered
9231,495,P069,5,399765.8,2025-05-18,delivered
9232,331,P057,4,278102.04,2024-07-30,delivered
9233,441,P038,2,106764.9,2025-05-16,delivered
9234,116,P025,5,126804.35,2025-01-23,delivered
9235,520,P010,4,152092.04,2024-12-28,delivered
9237,593,P032,1,76149.76,2024-09-18,delivered
9239,412,P030,3,231638.94,2025-05-30,delivered
9240,237,P080,2,106881.42,2024-12-04,delivered
9241,552,P040,1,2494.89,2024-02-06,delivered
9244,277,P023,3,108692.1,2024-09-17,delivered
9245,570,P086,3,29114.1,2024-09-24,delivered
9246,319,P007,5,15150.25,2024-08-03,delivered
9248,461,P071,1,78176.22,2024-01-16,delivered
9249,224,P083,5,319226.55,2024-05-06,delivered
9250,375,P059,5,12639.65,2025-06-08,delivered
9251,548,P069,4,319812.64,2025-03-11,delivered
9252,554,P098,5,29741.75,2024-03-03,delivered
9254,154,P036,4,165184.48,2024-05-20,delivered
9256,464,P033,2,102331.36,2024-10-01,delivered
9258,184,P067,2,17233.56,2024-08-31,delivered
9259,178,P015,5,82733.55,2025-05-26,delivered
9260,301,P021,5,16217.75,2024-08-03,delivered
9261,365,P066,1,52133.51,2024-08-05,delivered
9262,175,P016,1,9042.38,2024-04-29,delivered
9263,195,P030,2,154425.96,2024-01-03,delivered
9265,323,P049,1,69464.57,2024-02-16,delivered
9267,163,P002,5,99861.35,2024-03-26,delivered
9268,197,P048,4,142222.56,2024-04-05,delivered
9269,132,P093,2,62291.58,2024-10-23,delivered
9270,433,P032,1,76149.76,2025-06-06,delivered
9271,503,P062,3,162460.26,2025-03-07,delivered
9272,200,P041,3,74110.8,2025-02-22,delivered
9273,527,P087,1,43604.68,2024-02-05,delivered
9275,569,P024,1,74716.61,2025-01-13,delivered
9277,528,P010,3,114069.03,2024-01-21,delivered
9278,324,P056,4,197863.96,2025-03-08,delivered
9279,148,P010,1,38023.01,2025-02-06,delivered
9280,254,P012,1,64473.05,2024-08-18,delivered
9281,101,P058,5,228458.6,2024-11-27,delivered
9283,122,P067,5,43083.9,2024-01-16,delivered
9286,374,P093,5,155728.95,2025-02-18,delivered
9287,299,P078,4,129563.24,2024-01-16,delivered
9288,377,P056,5,247329.95,2025-06-16,delivered
9289,342,P068,4,210647.36,2024-03-15,delivered
9290,116,P048,5,177778.2,2025-03-15,delivered
9292,112,P089,5,130172.05,2024-08-30,delivered
9293,112,P012,2,128946.1,2025-03-17,delivered
9295,108,P039,1,11258.14,2024-01-06,delivered
9296,579,P018,1,4661.24,2025-04-17,delivered
9298,350,P059,3,7583.79,2024-04-02,delivered
9299,350,P038,4,213529.8,2024-07-08,delivered
9300,150,P070,5,19760.7,2024-05-28,delivered
9301,148,P078,5,161954.05,2025-02-16,delivered
9302,324,P035,2,72867.42,2024-06-15,delivered
9303,409,P062,3,162460.26,2025-06-08,delivered
9304,331,P007,3,9090.15,2025-01-10,delivered
9305,570,P017,1,21652.99,2024-12-20,delivered
9307,500,P065,2,63139.54,2024-01-03,delivered
9308,165,P047,4,215363.64,2024-01-01,delivered
9310,213,P091,3,95262.6,2025-02-23,delivered
9311,587,P007,4,12120.2,2024-06-24,delivered
9312,524,P018,3,13983.72,2025-04-26,delivered
9313,358,P021,5,16217.75,2024-12-01,delivered
9314,103,P008,1,58938.52,2025-05-12,delivered
9315,183,P089,3,78103.23,2025-04-08,delivered
9318,134,P008,3,176815.56,2024-03-01,delivered
9319,160,P074,3,187837.8,2024-01-02,delivered
9320,533,P060,1,74482.8,2024-03-29,delivered
9321,196,P055,1,39824.26,2024-02-14,delivered
9322,217,P057,1,69525.51,2024-05-19,delivered
9325,232,P090,1,29380.28,2025-05-31,delivered
9326,388,P092,3,167003.49,2024-10-27,delivered
9329,277,P017,5,108264.95,2024-09-20,delivered
9330,590,P061,1,55193.19,2025-02-27,delivered
9332,204,P040,5,12474.45,2024-03-25,delivered
9333,562,P099,1,48315.54,2024-02-06,delivered
9337,232,P068,2,105323.68,2024-12-11,delivered
9338,316,P068,1,52661.84,2025-02-19,delivered
9340,200,P076,5,295510.45,2024-08-12,delivered
9341,557,P039,5,56290.7,2025-05-30,delivered
9342,381,P039,2,22516.28,2024-11-21,delivered
9343,296,P081,3,193940.67,2025-02-19,delivered
9344,377,P007,3,9090.15,2024-12-08,delivered
9346,285,P058,5,228458.6,2024-12-09,delivered
9347,141,P047,4,215363.64,2024-06-12,delivered
9348,390,P024,1,74716.61,2024-02-04,delivered
9349,562,P099,3,144946.62,2024-04-19,delivered
9350,353,P081,3,193940.67,2024-01-29,delivered
9351,556,P030,1,77212.98,2024-03-26,delivered
9352,337,P100,5,267451.0,2025-02-01,delivered
9353,408,P088,1,560.12,2024-05-25,delivered
9354,513,P038,4,213529.8,2025-02-02,delivered
9355,452,P090,2,58760.56,2024-06-21,delivered
9356,308,P092,5,278339.15,2025-01-14,delivered
9357,262,P035,1,36433.71,2024-06-30,delivered
9359,562,P041,5,123518.0,2024-12-31,delivered
9360,106,P021,4,12974.2,2024-02-21,delivered
9361,264,P015,3,49640.13,2024-08-07,delivered
9365,461,P025,2,50721.74,2025-04-19,delivered
9366,577,P046,5,38013.35,2025-01-09,delivered
9367,568,P030,1,77212.98,2024-02-19,delivered
9368,302,P037,5,195794.2,2024-08-09,delivered
9369,496,P093,1,31145.79,2024-07-27,delivered
9370,102,P036,3,123888.36,2024-05-09,delivered
9371,550,P028,4,47810.48,2024-02-16,delivered
9372,133,P010,5,190115.05,2024-11-03,delivered
9373,590,P029,3,236795.25,2024-06-27,delivered
9374,278,P098,2,11896.7,2025-01-17,delivered
9375,176,P006,3,40478.34,2025-02-01,delivered
9376,118,P008,4,235754.08,2025-05-13,delivered
9377,430,P003,4,197639.52,2025-03-14,delivered
9379,235,P006,2,26985.56,2025-05-05,delivered
9380,456,P088,2,1120.24,2024-08-11,delivered
9381,392,P037,3,117476.52,2025-01-18,delivered
9383,294,P098,2,11896.7,2024-12-08,delivered
9384,105,P028,2,23905.24,2024-12-22,delivered
9385,138,P064,2,105489.9,2025-01-23,delivered
9386,231,P017,4,86611.96,2024-07-07,delivered
9387,155,P059,5,12639.65,2024-09-17,delivered
9388,399,P008,2,117877.04,2024-06-02,delivered
9389,505,P029,3,236795.25,2024-12-04,delivered
9391,530,P087,1,43604.68,2024-12-30,delivered
9392,103,P082,5,305032.9,2025-02-27,delivered
9393,225,P002,2,39944.54,2024-04-29,delivered
9394,297,P051,4,221763.24,2024-08-13,delivered
9396,272,P097,5,91294.2,2025-04-06,delivered
9397,539,P073,2,139346.4,2024-03-30,delivered
9398,404,P095,5,95398.9,2025-03-09,delivered
9399,186,P051,1,55440.81,2024-08-24,delivered
9400,315,P086,2,19409.4,2024-01-09,delivered
9401,335,P048,3,106666.92,2025-06-17,delivered
9402,140,P033,4,204662.72,2025-04-19,delivered
9404,159,P012,3,193419.15,2024-06-14,delivered
9405,466,P097,5,91294.2,2024-01-07,delivered
9406,197,P056,2,98931.98,2024-04-11,delivered
9410,209,P069,3,239859.48,2024-12-06,delivered
9412,186,P091,1,31754.2,2025-01-25,delivered
9414,374,P098,5,29741.75,2024-08-09,delivered
9416,561,P023,5,181153.5,2024-10-09,delivered
9417,593,P040,1,2494.89,2024-04-08,delivered
9418,187,P093,4,124583.16,2024-06-15,delivered
9419,128,P023,5,181153.5,2024-08-06,delivered
9420,375,P017,2,43305.98,2024-05-18,delivered
9421,131,P033,1,51165.68,2024-10-11,delivered
9422,350,P036,2,82592.24,2024-05-14,delivered
9423,134,P054,3,164074.56,2024-07-19,delivered
9424,445,P017,1,21652.99,2024-05-10,delivered
9425,425,P027,1,3421.67,2024-10-10,delivered
9427,284,P017,1,21652.99,2024-09-06,delivered
9428,468,P025,1,25360.87,2024-05-13,delivered
9429,314,P043,1,16228.09,2025-02-20,delivered
9430,303,P026,1,40628.06,2024-02-28,delivered
9432,336,P046,4,30410.68,2024-04-08,delivered
9433,168,P099,1,48315.54,2024-01-24,delivered
9435,253,P049,5,347322.85,2024-02-11,delivered
9436,399,P096,5,149614.1,2024-08-11,delivered
9437,584,P004,3,169714.5,2024-09-10,delivered
9438,135,P080,4,213762.84,2025-02-05,delivered
9439,178,P073,1,69673.2,2024-07-26,delivered
9440,315,P063,1,17332.44,2025-05-28,delivered
9443,220,P090,4,117521.12,2024-06-05,delivered
9444,393,P066,4,208534.04,2025-01-05,delivered
9445,131,P039,5,56290.7,2024-10-20,delivered
9447,301,P026,3,121884.18,2024-07-12,delivered
9448,391,P054,3,164074.56,2024-01-09,delivered
9450,198,P017,2,43305.98,2025-01-29,delivered
9451,323,P016,1,9042.38,2024-10-29,delivered
9452,231,P028,4,47810.48,2024-05-20,delivered
9453,582,P084,5,174515.55,2024-11-24,delivered
9454,445,P020,1,74934.79,2025-06-11,delivered
9456,176,P082,2,122013.16,2024-11-14,delivered
9457,437,P077,5,351466.95,2025-01-24,delivered
9458,213,P026,5,203140.3,2024-12-12,delivered
9459,555,P018,3,13983.72,2025-04-16,delivered
9460,556,P047,1,53840.91,2025-01-08,delivered
9461,216,P032,3,228449.28,2024-07-26,delivered
9462,515,P089,2,52068.82,2024-03-20,delivered
9466,270,P059,4,10111.72,2024-10-01,delivered
9470,593,P009,4,212551.92,2024-08-01,delivered
9471,165,P011,2,135098.44,2024-12-17,delivered
9472,290,P003,5,247049.4,2024-01-09,delivered
9473,574,P080,3,160322.13,2025-06-04,delivered
9474,518,P044,2,107814.5,2025-02-12,delivered
9476,255,P058,2,91383.44,2024-04-25,delivered
9477,107,P059,3,7583.79,2024-05-19,delivered
9478,289,P100,5,267451.0,2024-05-01,delivered
9479,193,P050,1,14254.27,2024-10-19,delivered
9480,442,P034,5,347233.35,2024-07-19,delivered
9481,506,P021,4,12974.2,2024-04-29,delivered
9482,498,P041,3,74110.8,2024-08-06,delivered
9484,216,P014,1,69474.88,2024-01-31,delivered
9485,354,P068,3,157985.52,2024-06-20,delivered
9487,148,P072,3,97835.85,2024-11-21,delivered
9489,556,P065,4,126279.08,2024-09-22,delivered
9490,533,P088,4,2240.48,2024-02-19,delivered
9494,450,P042,4,225615.96,2024-07-11,delivered
9495,340,P001,1,34527.91,2024-10-12,delivered
9497,578,P069,1,79953.16,2024-01-26,delivered
9498,267,P084,5,174515.55,2024-02-16,delivered
9499,113,P020,4,299739.16,2024-07-01,delivered
9501,440,P025,1,25360.87,2025-03-11,delivered
9502,410,P039,2,22516.28,2024-05-06,delivered
9504,185,P005,2,26893.3,2024-05-04,delivered
9505,294,P080,3,160322.13,2024-12-25,delivered
9506,366,P100,4,213960.8,2024-06-29,delivered
9507,408,P083,2,127690.62,2025-05-11,delivered
9508,277,P017,3,64958.97,2024-12-26,delivered
9509,566,P031,2,989.4,2024-06-22,delivered
9510,428,P089,4,104137.64,2024-08-20,delivered
9511,558,P067,5,43083.9,2024-06-27,delivered
9512,248,P047,4,215363.64,2024-08-15,delivered
9515,304,P012,1,64473.05,2025-04-15,delivered
9516,362,P024,4,298866.44,2025-05-24,delivered
9518,120,P013,1,46869.81,2025-05-18,delivered
9519,180,P051,1,55440.81,2024-12-28,delivered
9520,558,P072,5,163059.75,2024-07-06,delivered
9521,594,P064,4,210979.8,2024-09-25,delivered
9522,500,P052,4,268261.64,2024-07-24,delivered
9523,327,P097,3,54776.52,2024-05-14,delivered
9524,208,P028,2,23905.24,2024-05-25,delivered
9525,571,P092,5,278339.15,2024-01-18,delivered
9526,487,P078,3,97172.43,2024-09-16,delivered
9527,278,P072,5,163059.75,2024-06-06,delivered
9528,192,P094,3,107851.86,2025-02-18,delivered
9529,294,P024,5,373583.05,2024-12-11,delivered
9530,291,P084,1,34903.11,2025-02-02,delivered
9531,527,P082,4,244026.32,2024-09-07,delivered
9532,538,P083,1,63845.31,2025-06-28,delivered
9533,240,P051,4,221763.24,2024-10-09,delivered
9534,524,P031,1,494.7,2025-05-12,delivered
9535,218,P072,3,97835.85,2024-05-04,delivered
9537,190,P052,1,67065.41,2025-06-04,delivered
9538,440,P052,2,134130.82,2025-04-29,delivered
9540,124,P047,3,161522.73,2024-09-14,delivered
9541,510,P023,1,36230.7,2025-01-12,delivered
9542,320,P093,3,93437.37,2024-03-14,delivered
9546,381,P064,3,158234.85,2024-07-08,delivered
9547,345,P001,2,69055.82,2024-01-19,delivered
9548,187,P056,2,98931.98,2024-01-16,delivered
9549,419,P084,4,139612.44,2024-04-08,delivered
9550,474,P085,1,65444.95,2024-06-02,delivered
9555,558,P062,2,108306.84,2024-03-22,delivered
9558,433,P070,4,15808.56,2024-12-26,delivered
9559,531,P082,2,122013.16,2024-11-12,delivered
9560,160,P078,1,32390.81,2025-01-26,delivered
9561,259,P025,1,25360.87,2025-06-08,delivered
9562,194,P030,1,77212.98,2024-05-28,delivered
9563,182,P016,5,45211.9,2024-03-11,delivered
9565,240,P037,5,195794.2,2025-04-12,delivered
9566,346,P001,1,34527.91,2024-01-02,delivered
9567,316,P072,4,130447.8,2025-02-09,delivered
9569,253,P074,4,250450.4,2025-04-05,delivered
9571,556,P045,4,310383.88,2024-02-04,delivered
9574,202,P005,5,67233.25,2025-01-30,delivered
9576,326,P011,1,67549.22,2025-01-01,delivered
9577,392,P090,4,117521.12,2024-08-16,delivered
9578,206,P007,3,9090.15,2025-04-22,delivered
9579,192,P048,3,106666.92,2024-04-22,delivered
9580,371,P021,4,12974.2,2025-02-27,delivered
9581,319,P039,2,22516.28,2024-03-21,delivered
9583,279,P037,4,156635.36,2025-03-21,delivered
9584,253,P043,3,48684.27,2024-10-26,delivered
9585,258,P091,3,95262.6,2024-03-15,delivered
9586,414,P016,4,36169.52,2024-09-07,delivered
9589,236,P003,5,247049.4,2024-06-24,delivered
9591,166,P078,4,129563.24,2024-08-11,delivered
9592,152,P032,2,152299.52,2024-04-16,delivered
9593,558,P098,5,29741.75,2025-04-01,delivered
9595,490,P006,4,53971.12,2024-11-30,delivered
9596,561,P067,3,25850.34,2024-07-16,delivered
9597,423,P091,4,127016.8,2025-01-14,delivered
9598,342,P075,2,90809.2,2024-05-08,delivered
9599,226,P002,1,19972.27,2024-11-05,delivered
9600,391,P056,3,148397.97,2025-01-25,delivered
9601,176,P093,5,155728.95,2024-08-16,delivered
9602,522,P004,2,113143.0,2024-12-30,delivered
9606,594,P001,5,172639.55,2025-03-16,delivered
9607,573,P074,5,313063.0,2024-08-11,delivered
9608,234,P091,3,95262.6,2024-11-01,delivered
9610,214,P011,1,67549.22,2024-08-16,delivered
9611,125,P027,3,10265.01,2024-07-06,delivered
9612,525,P053,2,151149.36,2024-05-18,delivered
9614,250,P024,3,224149.83,2025-02-20,delivered
9615,436,P014,1,69474.88,2024-11-04,delivered
9617,501,P070,1,3952.14,2024-02-03,delivered
9619,486,P075,1,45404.6,2024-06-05,delivered
9620,432,P085,4,261779.8,2025-03-24,delivered
9621,133,P060,3,223448.4,2024-07-11,delivered
9622,255,P027,3,10265.01,2024-02-29,delivered
9623,217,P069,3,239859.48,2024-02-18,delivered
9625,301,P044,2,107814.5,2025-04-04,delivered
9626,474,P097,2,36517.68,2024-07-22,delivered
9627,169,P067,2,17233.56,2024-08-27,delivered
9629,394,P014,2,138949.76,2024-07-28,delivered
9630,218,P003,2,98819.76,2024-07-21,delivered
9631,310,P060,4,297931.2,2024-03-10,delivered
9632,444,P055,4,159297.04,2025-01-08,delivered
9633,325,P055,2,79648.52,2025-05-04,delivered
9634,485,P041,2,49407.2,2024-02-28,delivered
9635,243,P083,3,191535.93,2024-08-03,delivered
9637,188,P031,1,494.7,2024-08-09,delivered
9638,467,P017,1,21652.99,2024-05-10,delivered
9639,335,P009,5,265689.9,2024-01-17,delivered
9640,333,P092,2,111335.66,2024-06-16,delivered
9644,265,P034,4,277786.68,2024-04-18,delivered
9645,574,P034,1,69446.67,2025-01-30,delivered
9646,428,P070,2,7904.28,2025-03-27,delivered
9647,504,P087,4,174418.72,2024-05-31,delivered
9648,359,P009,2,106275.96,2024-06-08,delivered
9650,302,P098,5,29741.75,2024-10-15,delivered
9652,228,P081,2,129293.78,2025-04-07,delivered
9653,507,P024,1,74716.61,2024-05-13,delivered
9655,595,P066,1,52133.51,2024-08-29,delivered
9656,453,P071,4,312704.88,2024-02-21,delivered
9657,333,P007,4,12120.2,2024-10-25,delivered
9658,509,P081,2,129293.78,2024-06-03,delivered
9659,154,P076,5,295510.45,2024-09-14,delivered
9662,585,P050,3,42762.81,2024-09-12,delivered
9663,386,P059,2,5055.86,2024-06-16,delivered
9664,285,P038,2,106764.9,2024-05-27,delivered
9665,293,P023,4,144922.8,2024-11-24,delivered
9666,403,P083,4,255381.24,2024-07-15,delivered
9667,479,P095,1,19079.78,2024-07-19,delivered
9670,361,P077,5,351466.95,2024-12-04,delivered
9671,239,P060,1,74482.8,2024-06-19,delivered
9672,541,P048,5,177778.2,2025-01-21,delivered
9675,319,P082,2,122013.16,2024-06-12,delivered
9677,572,P064,4,210979.8,2024-11-22,delivered
9678,182,P046,5,38013.35,2024-06-06,delivered
9679,315,P011,4,270196.88,2024-12-23,delivered
9680,173,P078,2,64781.62,2024-01-29,delivered
9681,394,P093,2,62291.58,2024-06-03,delivered
9682,160,P010,3,114069.03,2025-02-24,delivered
9683,122,P020,5,374673.95,2024-11-21,delivered
9684,488,P086,5,48523.5,2025-02-15,delivered
9686,189,P080,3,160322.13,2024-07-03,delivered
9687,321,P049,1,69464.57,2024-12-09,delivered
9688,420,P066,1,52133.51,2024-12-13,delivered
9689,200,P027,1,3421.67,2024-08-16,delivered
9690,123,P035,5,182168.55,2024-08-17,delivered
9691,133,P083,1,63845.31,2024-06-30,delivered
9692,149,P023,1,36230.7,2025-01-16,delivered
9693,362,P085,1,65444.95,2025-01-16,delivered
9695,306,P039,1,11258.14,2024-04-16,delivered
9697,259,P040,2,4989.78,2024-01-01,delivered
9699,327,P082,5,305032.9,2025-05-06,delivered
9701,427,P052,3,201196.23,2025-02-12,delivered
9702,497,P096,1,29922.82,2025-03-21,delivered
9703,212,P038,2,106764.9,2024-04-24,delivered
9704,467,P056,2,98931.98,2024-07-02,delivered
9705,199,P024,1,74716.61,2024-11-08,delivered
9706,124,P037,2,78317.68,2024-09-16,delivered
9707,508,P015,3,49640.13,2025-05-12,delivered
9708,147,P061,5,275965.95,2025-04-02,delivered
9709,523,P098,4,23793.4,2024-10-11,delivered
9710,434,P021,5,16217.75,2024-07-22,delivered
9711,477,P071,1,78176.22,2024-02-28,delivered
9712,549,P056,4,197863.96,2025-02-23,delivered
9713,478,P089,2,52068.82,2024-01-03,delivered
9714,103,P045,2,155191.94,2024-06-14,delivered
9715,200,P070,4,15808.56,2024-07-12,delivered
9716,102,P042,1,56403.99,2024-11-30,delivered
9717,239,P032,5,380748.8,2024-08-28,delivered
9719,532,P079,2,52459.9,2024-03-04,delivered
9720,331,P051,5,277204.05,2025-03-18,delivered
9721,522,P059,4,10111.72,2024-09-06,delivered
9724,561,P096,1,29922.82,2025-06-01,delivered
9725,426,P015,5,82733.55,2025-02-16,delivered
9727,383,P040,1,2494.89,2024-01-01,delivered
9728,198,P020,5,374673.95,2024-06-09,delivered
9729,561,P029,5,394658.75,2024-06-05,delivered
9730,445,P070,5,19760.7,2024-08-17,delivered
9734,487,P081,3,193940.67,2024-06-20,delivered
9735,426,P069,5,399765.8,2024-04-12,delivered
9739,397,P069,2,159906.32,2024-11-02,delivered
9740,439,P064,2,105489.9,2024-01-18,delivered
9742,374,P050,2,28508.54,2024-12-28,delivered
9743,171,P042,4,225615.96,2024-07-28,delivered
9744,416,P065,5,157848.85,2024-06-15,delivered
9746,422,P082,1,61006.58,2025-03-31,delivered
9750,394,P080,4,213762.84,2025-05-11,delivered
9751,388,P001,5,172639.55,2025-04-13,delivered
9752,452,P088,4,2240.48,2024-09-18,delivered
9754,242,P010,5,190115.05,2024-07-17,delivered
9755,158,P053,4,302298.72,2024-09-05,delivered
9756,530,P059,5,12639.65,2024-12-17,delivered
9757,305,P094,5,179753.1,2025-06-30,delivered
9758,295,P038,5,266912.25,2025-06-30,delivered
9759,236,P038,3,160147.35,2024-01-11,delivered
9760,440,P082,5,305032.9,2025-02-07,delivered
9761,268,P022,1,9856.58,2024-02-02,delivered
9763,305,P038,5,266912.25,2024-03-03,delivered
9764,531,P070,2,7904.28,2024-10-04,delivered
9765,284,P067,1,8616.78,2024-08-14,delivered
9766,385,P070,5,19760.7,2024-07-13,delivered
9770,504,P048,1,35555.64,2024-02-18,delivered
9772,153,P076,5,295510.45,2024-12-30,delivered
9773,109,P046,4,30410.68,2024-10-26,delivered
9776,392,P007,5,15150.25,2025-05-06,delivered
9777,435,P016,5,45211.9,2025-04-28,delivered
9778,313,P083,1,63845.31,2024-02-01,delivered
9779,424,P097,2,36517.68,2025-03-13,delivered
9780,555,P089,1,26034.41,2024-02-18,delivered
9781,239,P038,3,160147.35,2024-09-15,delivered
9784,520,P048,2,71111.28,2024-11-04,delivered
9785,294,P019,2,85080.9,2024-04-29,delivered
9787,171,P041,4,98814.4,2024-07-01,delivered
9788,581,P024,1,74716.61,2024-01-09,delivered
9789,221,P028,3,35857.86,2025-03-26,delivered
9791,256,P070,3,11856.42,2024-11-29,delivered
9792,406,P029,5,394658.75,2025-03-23,delivered
9793,188,P013,2,93739.62,2024-08-18,delivered
9794,104,P063,1,17332.44,2024-05-20,delivered
9795,271,P094,3,107851.86,2024-08-11,delivered
9796,186,P090,5,146901.4,2024-02-27,delivered
9797,480,P032,4,304599.04,2024-05-10,delivered
9798,585,P012,1,64473.05,2025-04-28,delivered
9800,181,P055,3,119472.78,2024-09-09,delivered
9801,385,P042,3,169211.97,2024-11-28,delivered
9802,193,P075,3,136213.8,2024-06-23,delivered
9804,160,P065,3,94709.31,2025-05-15,delivered
9805,415,P011,4,270196.88,2024-03-09,delivered
9806,273,P007,5,15150.25,2024-02-18,delivered
9808,333,P040,3,7484.67,2025-04-27,delivered
9809,492,P047,2,107681.82,2024-12-31,delivered
9810,253,P057,5,347627.55,2024-10-29,delivered
9811,527,P060,1,74482.8,2024-12-30,delivered
9812,460,P074,4,250450.4,2024-07-23,delivered
9813,249,P078,2,64781.62,2024-02-07,delivered
9814,219,P063,5,86662.2,2024-02-01,delivered
9816,143,P009,2,106275.96,2024-09-02,delivered
9817,319,P005,5,67233.25,2025-04-30,delivered
9818,516,P072,1,32611.95,2024-12-27,delivered
9819,346,P070,4,15808.56,2024-07-20,delivered
9820,247,P072,4,130447.8,2024-07-07,delivered
9821,451,P009,3,159413.94,2024-07-04,delivered
9822,328,P089,3,78103.23,2025-02-22,delivered
9823,526,P085,2,130889.9,2024-12-01,delivered
9824,348,P066,1,52133.51,2024-04-13,delivered
9825,283,P055,4,159297.04,2024-07-11,delivered
9828,402,P009,3,159413.94,2024-08-17,delivered
9830,423,P056,3,148397.97,2024-12-15,delivered
9831,413,P076,5,295510.45,2024-01-30,delivered
9833,217,P074,1,62612.6,2025-06-28,delivered
9834,527,P088,3,1680.36,2024-06-16,delivered
9835,461,P011,5,337746.1,2025-02-23,delivered
9837,242,P095,5,95398.9,2025-06-13,delivered
9838,418,P097,5,91294.2,2025-04-13,delivered
9840,269,P082,5,305032.9,2024-12-22,delivered
9841,585,P067,1,8616.78,2024-02-22,delivered
9842,174,P010,4,152092.04,2025-04-18,delivered
9843,520,P018,3,13983.72,2025-06-25,delivered
9845,108,P043,5,81140.45,2025-06-25,delivered
9846,569,P034,3,208340.01,2024-04-11,delivered
9847,507,P027,4,13686.68,2025-05-23,delivered
9848,368,P051,5,277204.05,2024-04-17,delivered
9849,194,P093,2,62291.58,2024-01-31,delivered
9850,371,P065,3,94709.31,2025-03-20,delivered
9852,528,P069,1,79953.16,2024-10-08,delivered
9853,396,P002,1,19972.27,2024-06-19,delivered
9854,328,P060,5,372414.0,2024-02-18,delivered
9856,400,P027,2,6843.34,2025-01-17,delivered
9857,422,P085,3,196334.85,2025-05-31,delivered
9858,487,P093,4,124583.16,2024-01-13,delivered
9859,200,P017,4,86611.96,2024-01-21,delivered
9860,163,P074,2,125225.2,2024-03-22,delivered
9861,228,P069,2,159906.32,2025-04-30,delivered
9862,169,P083,3,191535.93,2024-12-23,delivered
9863,225,P093,4,124583.16,2024-02-13,delivered
9864,454,P068,3,157985.52,2024-04-13,delivered
9865,122,P037,3,117476.52,2024-03-03,delivered
9867,136,P044,5,269536.25,2025-05-23,delivered
9870,391,P032,2,152299.52,2024-12-27,delivered
9871,509,P080,1,53440.71,2024-01-08,delivered
9872,379,P042,4,225615.96,2024-04-02,delivered
9873,425,P038,4,213529.8,2024-09-09,delivered
9874,434,P043,4,64912.36,2025-01-19,delivered
9875,400,P063,5,86662.2,2024-07-09,delivered
9876,278,P015,1,16546.71,2025-01-23,delivered
9877,227,P051,5,277204.05,2024-02-13,delivered
9880,493,P084,4,139612.44,2025-02-23,delivered
9881,276,P032,3,228449.28,2024-06-30,delivered
9883,140,P005,1,13446.65,2025-04-17,delivered
9885,525,P034,1,69446.67,2025-01-17,delivered
9886,120,P025,5,126804.35,2024-01-02,delivered
9887,352,P028,1,11952.62,2024-09-27,delivered
9888,350,P054,2,109383.04,2025-03-08,delivered
9889,579,P066,1,52133.51,2024-09-26,delivered
9890,447,P035,4,145734.84,2024-04-28,delivered
9893,234,P089,5,130172.05,2024-01-04,delivered
9895,492,P035,3,109301.13,2024-12-25,delivered
9897,170,P063,1,17332.44,2025-04-09,delivered
9898,555,P026,1,40628.06,2025-03-11,delivered
9899,504,P014,4,277899.52,2024-10-04,delivered
9900,204,P040,2,4989.78,2025-05-30,delivered
9902,434,P096,3,89768.46,2025-06-08,delivered
9903,475,P030,2,154425.96,2025-02-18,delivered
9904,490,P061,4,220772.76,2024-01-15,delivered
9905,149,P030,1,77212.98,2024-01-13,delivered
9908,169,P045,3,232787.91,2024-06-19,delivered
9909,574,P034,1,69446.67,2024-06-23,delivered
9910,558,P011,5,337746.1,2024-02-05,delivered
9911,331,P060,2,148965.6,2024-01-08,delivered
9912,489,P036,1,41296.12,2024-01-21,delivered
9913,463,P089,4,104137.64,2024-10-05,delivered
9914,390,P028,2,23905.24,2024-10-04,delivered
9915,500,P031,5,2473.5,2024-03-18,delivered
9916,419,P062,5,270767.1,2024-11-12,delivered
9917,589,P082,2,122013.16,2024-05-27,delivered
9918,379,P060,1,74482.8,2025-05-01,delivered
9919,482,P050,3,42762.81,2025-02-20,delivered
9921,532,P039,2,22516.28,2024-07-08,delivered
9923,152,P014,5,347374.4,2024-02-22,delivered
9925,151,P089,4,104137.64,2024-08-08,delivered
9927,456,P084,2,69806.22,2024-02-27,delivered
9928,499,P005,1,13446.65,2024-12-09,delivered
9929,301,P054,2,109383.04,2024-03-12,delivered
9930,201,P053,5,377873.4,2024-02-01,delivered
9931,274,P060,4,297931.2,2024-11-16,delivered
9932,131,P013,4,187479.24,2024-09-06,delivered
9934,211,P079,4,104919.8,2024-04-01,delivered
9935,486,P100,1,53490.2,2025-04-07,delivered
9937,390,P006,5,67463.9,2025-04-28,delivered
9938,436,P050,4,57017.08,2024-05-25,delivered
9939,162,P004,3,169714.5,2024-11-19,delivered
9940,481,P053,1,75574.68,2025-05-22,delivered
9942,528,P001,4,138111.64,2024-09-19,delivered
9943,226,P053,1,75574.68,2024-05-28,delivered
9944,489,P039,3,33774.42,2024-05-14,delivered
9945,285,P019,1,42540.45,2025-02-10,delivered
9946,174,P044,2,107814.5,2024-08-07,delivered
9947,487,P011,2,135098.44,2024-01-18,delivered
9948,257,P095,4,76319.12,2025-04-30,delivered
9949,293,P079,1,26229.95,2024-08-01,delivered
9950,316,P083,3,191535.93,2024-11-19,delivered
9951,216,P017,4,86611.96,2025-02-22,delivered
9952,434,P060,5,372414.0,2024-11-03,delivered
9953,597,P087,2,87209.36,2024-10-03,delivered
9954,524,P089,3,78103.23,2024-12-25,delivered
9955,296,P005,2,26893.3,2024-04-18,delivered
9956,395,P086,1,9704.7,2024-11-23,delivered
9957,188,P056,5,247329.95,2025-02-18,delivered
9958,476,P078,5,161954.05,2025-02-27,delivered
9960,165,P028,4,47810.48,2025-01-23,delivered
9961,565,P002,5,99861.35,2025-06-22,delivered
9962,260,P059,3,7583.79,2024-01-25,delivered
9963,325,P085,5,327224.75,2024-03-31,delivered
9964,393,P005,4,53786.6,2024-10-25,delivered
9965,144,P056,3,148397.97,2024-02-14,delivered
9967,412,P094,2,71901.24,2024-07-21,delivered
9969,239,P058,1,45691.72,2025-05-31,delivered
9971,264,P036,4,165184.48,2024-07-10,delivered
9972,466,P002,2,39944.54,2024-03-08,delivered
9973,203,P096,4,119691.28,2024-05-31,delivered
9974,284,P043,1,16228.09,2024-08-01,delivered
9976,228,P038,4,213529.8,2025-04-09,delivered
9977,404,P015,5,82733.55,2024-01-05,delivered
9978,365,P067,5,43083.9,2024-04-02,delivered
9979,230,P016,4,36169.52,2024-01-03,delivered
9980,397,P012,4,257892.2,2024-06-04,delivered
9982,480,P075,5,227023.0,2025-04-15,delivered
9983,299,P002,5,99861.35,2024-12-10,delivered
9985,233,P050,2,28508.54,2024-02-11,delivered
9986,112,P077,5,351466.95,2025-06-11,delivered
9987,451,P029,2,157863.5,2025-03-20,delivered
9988,556,P013,2,93739.62,2025-04-01,delivered
9989,576,P013,5,234349.05,2024-03-28,delivered
9990,148,P085,5,327224.75,2025-01-13,delivered
9991,269,P065,2,63139.54,2024-11-12,delivered
9992,599,P003,2,98819.76,2024-09-23,delivered
9993,136,P047,2,107681.82,2024-11-27,delivered
9995,265,P049,5,347322.85,2024-09-13,delivered
9997,327,P019,1,42540.45,2024-04-07,delivered
9998,382,P018,3,13983.72,2024-01-17,delivered
9999,462,P099,5,241577.7,2024-04-03,delivered
