user_id,buy_probability,prediction,confidence,reason_1,reason_2,reason_3,plain_english
101,0.021,May Not Buy,High,You have not shopped recently,Your purchase rate has slowed,Your basket size is small,This customer is may not purchase soon. Key factors: You have not shopped recently; Your purchase rate has slowed; Your basket size is small.
102,0.054,May Not Buy,High,You have not shopped recently,You buy in larger quantities,Your high spending pattern,This customer is may not purchase soon. Key factors: You have not shopped recently; You buy in larger quantities; Your high spending pattern.
103,0.011,May Not Buy,High,You have not shopped recently,Your basket size is small,You buy fewer items per visit,This customer is may not purchase soon. Key factors: You have not shopped recently; Your basket size is small; You buy fewer items per visit.
104,0.0,May Not Buy,High,You have not shopped recently,Your purchase rate has slowed,Limited product browsing detected,This customer is may not purchase soon. Key factors: You have not shopped recently; Your purchase rate has slowed; Limited product browsing detected.
105,0.021,May Not Buy,High,You have not shopped recently,Your purchase rate has slowed,Limited product browsing detected,This customer is may not purchase soon. Key factors: You have not shopped recently; Your purchase rate has slowed; Limited product browsing detected.
106,0.001,May Not Buy,High,You have not shopped recently,Your purchase rate has slowed,Low cart activity observed,This customer is may not purchase soon. Key factors: You have not shopped recently; Your purchase rate has slowed; Low cart activity observed.
107,0.019,May Not Buy,High,You have not shopped recently,Your purchase rate has slowed,Limited product browsing detected,This customer is may not purchase soon. Key factors: You have not shopped recently; Your purchase rate has slowed; Limited product browsing detected.
108,0.938,Will Buy,High,Your recent activity on our platform,Your purchase rate has slowed,Your large average basket size,This customer is likely to purchase. Key factors: Your recent activity on our platform; Your purchase rate has slowed; Your large average basket size.
109,0.011,May Not Buy,High,You have not shopped recently,Your purchase rate has slowed,Low cart activity observed,This customer is may not purchase soon. Key factors: You have not shopped recently; Your purchase rate has slowed; Low cart activity observed.
110,0.032,May Not Buy,High,You have not shopped recently,Your purchase rate has slowed,Your spending is currently low,This customer is may not purchase soon. Key factors: You have not shopped recently; Your purchase rate has slowed; Your spending is currently low.
111,0.015,May Not Buy,High,You have not shopped recently,Limited product browsing detected,You buy fewer items per visit,This customer is may not purchase soon. Key factors: You have not shopped recently; Limited product browsing detected; You buy fewer items per visit.
112,0.956,Will Buy,High,Your recent activity on our platform,You buy in larger quantities,Your basket size is small,This customer is likely to purchase. Key factors: Your recent activity on our platform; You buy in larger quantities; Your basket size is small.
113,0.976,Will Buy,High,Your recent activity on our platform,Your consistent purchase habits,You shop frequently with us,This customer is likely to purchase. Key factors: Your recent activity on our platform; Your consistent purchase habits; You shop frequently with us.
114,0.006,May Not Buy,High,You have not shopped recently,Your purchase rate has slowed,You buy fewer items per visit,This customer is may not purchase soon. Key factors: You have not shopped recently; Your purchase rate has slowed; You buy fewer items per visit.
115,0.987,Will Buy,High,Your recent activity on our platform,Your consistent purchase habits,Your high spending pattern,This customer is likely to purchase. Key factors: Your recent activity on our platform; Your consistent purchase habits; Your high spending pattern.
116,0.008,May Not Buy,High,You have not shopped recently,Your purchase rate has slowed,Your basket size is small,This customer is may not purchase soon. Key factors: You have not shopped recently; Your purchase rate has slowed; Your basket size is small.
117,0.006,May Not Buy,High,You have not shopped recently,Your purchase rate has slowed,Low cart activity observed,This customer is may not purchase soon. Key factors: You have not shopped recently; Your purchase rate has slowed; Low cart activity observed.
118,0.039,May Not Buy,High,You have not shopped recently,Your purchase rate has slowed,Your purchase frequency is low,This customer is may not purchase soon. Key factors: You have not shopped recently; Your purchase rate has slowed; Your purchase frequency is low.
119,0.035,May Not Buy,High,You have not shopped recently,You buy fewer items per visit,Your basket size is small,This customer is may not purchase soon. Key factors: You have not shopped recently; You buy fewer items per visit; Your basket size is small.
120,0.02,May Not Buy,High,You have not shopped recently,Your spending is currently low,You buy fewer items per visit,This customer is may not purchase soon. Key factors: You have not shopped recently; Your spending is currently low; You buy fewer items per visit.
121,0.018,May Not Buy,High,You have not shopped recently,Your purchase rate has slowed,Your spending is currently low,This customer is may not purchase soon. Key factors: You have not shopped recently; Your purchase rate has slowed; Your spending is currently low.
122,0.984,Will Buy,High,Your recent activity on our platform,You buy in larger quantities,Your consistent purchase habits,This customer is likely to purchase. Key factors: Your recent activity on our platform; You buy in larger quantities; Your consistent purchase habits.
123,0.015,May Not Buy,High,You have not shopped recently,Your basket size is small,You buy fewer items per visit,This customer is may not purchase soon. Key factors: You have not shopped recently; Your basket size is small; You buy fewer items per visit.
124,0.97,Will Buy,High,Your recent activity on our platform,Your consistent purchase habits,Your large average basket size,This customer is likely to purchase. Key factors: Your recent activity on our platform; Your consistent purchase habits; Your large average basket size.
125,0.985,Will Buy,High,Your recent activity on our platform,You buy in larger quantities,Your consistent purchase habits,This customer is likely to purchase. Key factors: Your recent activity on our platform; You buy in larger quantities; Your consistent purchase habits.
126,0.018,May Not Buy,High,You have not shopped recently,Your basket size is small,You buy fewer items per visit,This customer is may not purchase soon. Key factors: You have not shopped recently; Your basket size is small; You buy fewer items per visit.
127,0.009,May Not Buy,High,You have not shopped recently,Your basket size is small,Your purchase frequency is low,This customer is may not purchase soon. Key factors: You have not shopped recently; Your basket size is small; Your purchase frequency is low.
128,0.078,May Not Buy,High,You have not shopped recently,You buy in larger quantities,You frequently add items to cart,This customer is may not purchase soon. Key factors: You have not shopped recently; You buy in larger quantities; You frequently add items to cart.
129,0.061,May Not Buy,High,You have not shopped recently,Your spending is currently low,Your purchase rate has slowed,This customer is may not purchase soon. Key factors: You have not shopped recently; Your spending is currently low; Your purchase rate has slowed.
130,0.022,May Not Buy,High,You have not shopped recently,Your spending is currently low,You buy fewer items per visit,This customer is may not purchase soon. Key factors: You have not shopped recently; Your spending is currently low; You buy fewer items per visit.
131,0.035,May Not Buy,High,You have not shopped recently,Low cart activity observed,Your consistent purchase habits,This customer is may not purchase soon. Key factors: You have not shopped recently; Low cart activity observed; Your consistent purchase habits.
132,0.017,May Not Buy,High,You have not shopped recently,Your purchase rate has slowed,Limited product browsing detected,This customer is may not purchase soon. Key factors: You have not shopped recently; Your purchase rate has slowed; Limited product browsing detected.
133,0.01,May Not Buy,High,You have not shopped recently,Your purchase rate has slowed,Limited product browsing detected,This customer is may not purchase soon. Key factors: You have not shopped recently; Your purchase rate has slowed; Limited product browsing detected.
134,0.029,May Not Buy,High,You have not shopped recently,Short browsing sessions detected,You buy in larger quantities,This customer is may not purchase soon. Key factors: You have not shopped recently; Short browsing sessions detected; You buy in larger quantities.
135,0.915,Will Buy,High,Your recent activity on our platform,Your basket size is small,Your consistent purchase habits,This customer is likely to purchase. Key factors: Your recent activity on our platform; Your basket size is small; Your consistent purchase habits.
136,0.032,May Not Buy,High,You have not shopped recently,Limited product browsing detected,You buy fewer items per visit,This customer is may not purchase soon. Key factors: You have not shopped recently; Limited product browsing detected; You buy fewer items per visit.
137,0.019,May Not Buy,High,You have not shopped recently,You buy fewer items per visit,Your purchase frequency is low,This customer is may not purchase soon. Key factors: You have not shopped recently; You buy fewer items per visit; Your purchase frequency is low.
138,0.006,May Not Buy,High,You have not shopped recently,Your purchase rate has slowed,Low cart activity observed,This customer is may not purchase soon. Key factors: You have not shopped recently; Your purchase rate has slowed; Low cart activity observed.
139,0.016,May Not Buy,High,You have not shopped recently,Your basket size is small,You buy fewer items per visit,This customer is may not purchase soon. Key factors: You have not shopped recently; Your basket size is small; You buy fewer items per visit.
140,0.024,May Not Buy,High,You have not shopped recently,Limited product browsing detected,Your spending is currently low,This customer is may not purchase soon. Key factors: You have not shopped recently; Limited product browsing detected; Your spending is currently low.
141,0.954,Will Buy,High,Your recent activity on our platform,You buy in larger quantities,You shop frequently with us,This customer is likely to purchase. Key factors: Your recent activity on our platform; You buy in larger quantities; You shop frequently with us.
142,0.01,May Not Buy,High,You have not shopped recently,Your purchase rate has slowed,Limited product browsing detected,This customer is may not purchase soon. Key factors: You have not shopped recently; Your purchase rate has slowed; Limited product browsing detected.
143,0.01,May Not Buy,High,You have not shopped recently,Your spending is currently low,You buy fewer items per visit,This customer is may not purchase soon. Key factors: You have not shopped recently; Your spending is currently low; You buy fewer items per visit.
144,0.024,May Not Buy,High,You have not shopped recently,Your purchase rate has slowed,Your spending is currently low,This customer is may not purchase soon. Key factors: You have not shopped recently; Your purchase rate has slowed; Your spending is currently low.
145,0.015,May Not Buy,High,You have not shopped recently,Your basket size is small,You buy fewer items per visit,This customer is may not purchase soon. Key factors: You have not shopped recently; Your basket size is small; You buy fewer items per visit.
146,0.01,May Not Buy,High,You have not shopped recently,Your purchase rate has slowed,Low cart activity observed,This customer is may not purchase soon. Key factors: You have not shopped recently; Your purchase rate has slowed; Low cart activity observed.
147,0.029,May Not Buy,High,You have not shopped recently,Your interest in diverse products,You buy in larger quantities,This customer is may not purchase soon. Key factors: You have not shopped recently; Your interest in diverse products; You buy in larger quantities.
148,0.02,May Not Buy,High,You have not shopped recently,Short browsing sessions detected,You buy fewer items per visit,This customer is may not purchase soon. Key factors: You have not shopped recently; Short browsing sessions detected; You buy fewer items per visit.
149,0.948,Will Buy,High,Your recent activity on our platform,Your consistent purchase habits,You shop frequently with us,This customer is likely to purchase. Key factors: Your recent activity on our platform; Your consistent purchase habits; You shop frequently with us.
150,0.001,May Not Buy,High,You have not shopped recently,Your purchase rate has slowed,Low cart activity observed,This customer is may not purchase soon. Key factors: You have not shopped recently; Your purchase rate has slowed; Low cart activity observed.
151,0.96,Will Buy,High,Your recent activity on our platform,Your consistent purchase habits,You buy in larger quantities,This customer is likely to purchase. Key factors: Your recent activity on our platform; Your consistent purchase habits; You buy in larger quantities.
152,0.013,May Not Buy,High,You have not shopped recently,Your basket size is small,You buy in larger quantities,This customer is may not purchase soon. Key factors: You have not shopped recently; Your basket size is small; You buy in larger quantities.
153,0.021,May Not Buy,High,You have not shopped recently,Your basket size is small,You buy in larger quantities,This customer is may not purchase soon. Key factors: You have not shopped recently; Your basket size is small; You buy in larger quantities.
154,0.01,May Not Buy,High,You have not shopped recently,Low cart activity observed,Limited product browsing detected,This customer is may not purchase soon. Key factors: You have not shopped recently; Low cart activity observed; Limited product browsing detected.
155,0.044,May Not Buy,High,You have not shopped recently,Your consistent purchase habits,Your spending is currently low,This customer is may not purchase soon. Key factors: You have not shopped recently; Your consistent purchase habits; Your spending is currently low.
156,0.003,May Not Buy,High,You have not shopped recently,Low cart activity observed,You buy in larger quantities,This customer is may not purchase soon. Key factors: You have not shopped recently; Low cart activity observed; You buy in larger quantities.
157,0.959,Will Buy,High,Your recent activity on our platform,Your consistent purchase habits,You buy in larger quantities,This customer is likely to purchase. Key factors: Your recent activity on our platform; Your consistent purchase habits; You buy in larger quantities.
158,0.015,May Not Buy,High,You have not shopped recently,Short browsing sessions detected,You buy fewer items per visit,This customer is may not purchase soon. Key factors: You have not shopped recently; Short browsing sessions detected; You buy fewer items per visit.
159,0.023,May Not Buy,High,You have not shopped recently,Your basket size is small,You buy in larger quantities,This customer is may not purchase soon. Key factors: You have not shopped recently; Your basket size is small; You buy in larger quantities.
160,0.025,May Not Buy,High,You have not shopped recently,You buy fewer items per visit,Short browsing sessions detected,This customer is may not purchase soon. Key factors: You have not shopped recently; You buy fewer items per visit; Short browsing sessions detected.
161,0.934,Will Buy,High,Your recent activity on our platform,Your consistent purchase habits,Low cart activity observed,This customer is likely to purchase. Key factors: Your recent activity on our platform; Your consistent purchase habits; Low cart activity observed.
162,0.051,May Not Buy,High,You have not shopped recently,Your spending is currently low,Your consistent purchase habits,This customer is may not purchase soon. Key factors: You have not shopped recently; Your spending is currently low; Your consistent purchase habits.
163,0.029,May Not Buy,High,You have not shopped recently,Your purchase rate has slowed,Your basket size is small,This customer is may not purchase soon. Key factors: You have not shopped recently; Your purchase rate has slowed; Your basket size is small.
164,0.017,May Not Buy,High,You have not shopped recently,Short browsing sessions detected,Your spending is currently low,This customer is may not purchase soon. Key factors: You have not shopped recently; Short browsing sessions detected; Your spending is currently low.
165,0.019,May Not Buy,High,You have not shopped recently,Your purchase rate has slowed,Low cart activity observed,This customer is may not purchase soon. Key factors: You have not shopped recently; Your purchase rate has slowed; Low cart activity observed.
166,0.026,May Not Buy,High,You have not shopped recently,Your purchase rate has slowed,Low cart activity observed,This customer is may not purchase soon. Key factors: You have not shopped recently; Your purchase rate has slowed; Low cart activity observed.
167,0.904,Will Buy,High,Your recent activity on our platform,You buy fewer items per visit,You frequently add items to cart,This customer is likely to purchase. Key factors: Your recent activity on our platform; You buy fewer items per visit; You frequently add items to cart.
168,0.899,Will Buy,High,Your recent activity on our platform,Limited product browsing detected,Your spending is currently low,This customer is likely to purchase. Key factors: Your recent activity on our platform; Limited product browsing detected; Your spending is currently low.
169,0.979,Will Buy,High,Your recent activity on our platform,You buy in larger quantities,Your consistent purchase habits,This customer is likely to purchase. Key factors: Your recent activity on our platform; You buy in larger quantities; Your consistent purchase habits.
170,0.014,May Not Buy,High,You have not shopped recently,Your purchase rate has slowed,Limited product browsing detected,This customer is may not purchase soon. Key factors: You have not shopped recently; Your purchase rate has slowed; Limited product browsing detected.
171,0.962,Will Buy,High,Your recent activity on our platform,You buy in larger quantities,You shop frequently with us,This customer is likely to purchase. Key factors: Your recent activity on our platform; You buy in larger quantities; You shop frequently with us.
172,0.055,May Not Buy,High,You have not shopped recently,You buy in larger quantities,Your basket size is small,This customer is may not purchase soon. Key factors: You have not shopped recently; You buy in larger quantities; Your basket size is small.
173,0.032,May Not Buy,High,You have not shopped recently,You buy fewer items per visit,Limited product browsing detected,This customer is may not purchase soon. Key factors: You have not shopped recently; You buy fewer items per visit; Limited product browsing detected.
174,0.022,May Not Buy,High,You have not shopped recently,Your purchase frequency is low,Your spending is currently low,This customer is may not purchase soon. Key factors: You have not shopped recently; Your purchase frequency is low; Your spending is currently low.
175,0.987,Will Buy,High,Your recent activity on our platform,You buy in larger quantities,Your large average basket size,This customer is likely to purchase. Key factors: Your recent activity on our platform; You buy in larger quantities; Your large average basket size.
176,0.031,May Not Buy,High,You have not shopped recently,You buy fewer items per visit,You frequently add items to cart,This customer is may not purchase soon. Key factors: You have not shopped recently; You buy fewer items per visit; You frequently add items to cart.
177,0.034,May Not Buy,High,You have not shopped recently,Low cart activity observed,Your consistent purchase habits,This customer is may not purchase soon. Key factors: You have not shopped recently; Low cart activity observed; Your consistent purchase habits.
178,0.011,May Not Buy,High,You have not shopped recently,Your purchase rate has slowed,Your spending is currently low,This customer is may not purchase soon. Key factors: You have not shopped recently; Your purchase rate has slowed; Your spending is currently low.
179,0.959,Will Buy,High,Your recent activity on our platform,You spend quality time browsing,Your consistent purchase habits,This customer is likely to purchase. Key factors: Your recent activity on our platform; You spend quality time browsing; Your consistent purchase habits.
180,0.018,May Not Buy,High,You have not shopped recently,You buy fewer items per visit,Low cart activity observed,This customer is may not purchase soon. Key factors: You have not shopped recently; You buy fewer items per visit; Low cart activity observed.
181,0.015,May Not Buy,High,You have not shopped recently,Your purchase rate has slowed,You buy fewer items per visit,This customer is may not purchase soon. Key factors: You have not shopped recently; Your purchase rate has slowed; You buy fewer items per visit.
182,0.057,May Not Buy,High,You have not shopped recently,You buy in larger quantities,Your interest in diverse products,This customer is may not purchase soon. Key factors: You have not shopped recently; You buy in larger quantities; Your interest in diverse products.
183,0.017,May Not Buy,High,You have not shopped recently,Your basket size is small,You buy in larger quantities,This customer is may not purchase soon. Key factors: You have not shopped recently; Your basket size is small; You buy in larger quantities.
184,0.017,May Not Buy,High,You have not shopped recently,You buy fewer items per visit,Your spending is currently low,This customer is may not purchase soon. Key factors: You have not shopped recently; You buy fewer items per visit; Your spending is currently low.
185,0.0,May Not Buy,High,You have not shopped recently,Your purchase rate has slowed,You buy fewer items per visit,This customer is may not purchase soon. Key factors: You have not shopped recently; Your purchase rate has slowed; You buy fewer items per visit.
186,0.929,Will Buy,High,Your recent activity on our platform,You buy in larger quantities,You actively browse our products,This customer is likely to purchase. Key factors: Your recent activity on our platform; You buy in larger quantities; You actively browse our products.
187,0.02,May Not Buy,High,You have not shopped recently,Your basket size is small,You buy fewer items per visit,This customer is may not purchase soon. Key factors: You have not shopped recently; Your basket size is small; You buy fewer items per visit.
188,0.936,Will Buy,High,Your recent activity on our platform,Your consistent purchase habits,Your spending is currently low,This customer is likely to purchase. Key factors: Your recent activity on our platform; Your consistent purchase habits; Your spending is currently low.
189,0.015,May Not Buy,High,You have not shopped recently,Your purchase rate has slowed,Your basket size is small,This customer is may not purchase soon. Key factors: You have not shopped recently; Your purchase rate has slowed; Your basket size is small.
190,0.989,Will Buy,High,Your recent activity on our platform,You buy in larger quantities,You actively browse our products,This customer is likely to purchase. Key factors: Your recent activity on our platform; You buy in larger quantities; You actively browse our products.
191,0.938,Will Buy,High,Your recent activity on our platform,Your purchase rate has slowed,You frequently add items to cart,This customer is likely to purchase. Key factors: Your recent activity on our platform; Your purchase rate has slowed; You frequently add items to cart.
192,0.975,Will Buy,High,Your recent activity on our platform,Your consistent purchase habits,Low cart activity observed,This customer is likely to purchase. Key factors: Your recent activity on our platform; Your consistent purchase habits; Low cart activity observed.
193,0.945,Will Buy,High,Your recent activity on our platform,Your large average basket size,Your consistent purchase habits,This customer is likely to purchase. Key factors: Your recent activity on our platform; Your large average basket size; Your consistent purchase habits.
194,0.028,May Not Buy,High,You have not shopped recently,Your purchase rate has slowed,You buy fewer items per visit,This customer is may not purchase soon. Key factors: You have not shopped recently; Your purchase rate has slowed; You buy fewer items per visit.
195,0.003,May Not Buy,High,You have not shopped recently,Your basket size is small,You buy fewer items per visit,This customer is may not purchase soon. Key factors: You have not shopped recently; Your basket size is small; You buy fewer items per visit.
196,0.017,May Not Buy,High,You have not shopped recently,You buy fewer items per visit,Short browsing sessions detected,This customer is may not purchase soon. Key factors: You have not shopped recently; You buy fewer items per visit; Short browsing sessions detected.
197,0.977,Will Buy,High,Your recent activity on our platform,Your consistent purchase habits,Your high spending pattern,This customer is likely to purchase. Key factors: Your recent activity on our platform; Your consistent purchase habits; Your high spending pattern.
198,0.944,Will Buy,High,Your recent activity on our platform,Your purchase rate has slowed,You buy in larger quantities,This customer is likely to purchase. Key factors: Your recent activity on our platform; Your purchase rate has slowed; You buy in larger quantities.
199,0.932,Will Buy,High,Your recent activity on our platform,You actively browse our products,Your consistent purchase habits,This customer is likely to purchase. Key factors: Your recent activity on our platform; You actively browse our products; Your consistent purchase habits.
200,0.975,Will Buy,High,Your recent activity on our platform,Your consistent purchase habits,You buy in larger quantities,This customer is likely to purchase. Key factors: Your recent activity on our platform; Your consistent purchase habits; You buy in larger quantities.
201,0.038,May Not Buy,High,You have not shopped recently,Your basket size is small,Your spending is currently low,This customer is may not purchase soon. Key factors: You have not shopped recently; Your basket size is small; Your spending is currently low.
202,0.03,May Not Buy,High,You have not shopped recently,Your purchase rate has slowed,You buy fewer items per visit,This customer is may not purchase soon. Key factors: You have not shopped recently; Your purchase rate has slowed; You buy fewer items per visit.
203,0.041,May Not Buy,High,You have not shopped recently,You buy in larger quantities,Your basket size is small,This customer is may not purchase soon. Key factors: You have not shopped recently; You buy in larger quantities; Your basket size is small.
204,0.04,May Not Buy,High,You have not shopped recently,Your spending is currently low,Your consistent purchase habits,This customer is may not purchase soon. Key factors: You have not shopped recently; Your spending is currently low; Your consistent purchase habits.
205,0.026,May Not Buy,High,You have not shopped recently,You buy fewer items per visit,Your spending is currently low,This customer is may not purchase soon. Key factors: You have not shopped recently; You buy fewer items per visit; Your spending is currently low.
206,0.939,Will Buy,High,Your recent activity on our platform,Your large average basket size,Low cart activity observed,This customer is likely to purchase. Key factors: Your recent activity on our platform; Your large average basket size; Low cart activity observed.
207,0.977,Will Buy,High,Your recent activity on our platform,You buy in larger quantities,Your large average basket size,This customer is likely to purchase. Key factors: Your recent activity on our platform; You buy in larger quantities; Your large average basket size.
208,0.032,May Not Buy,High,You have not shopped recently,Limited product browsing detected,Your large average basket size,This customer is may not purchase soon. Key factors: You have not shopped recently; Limited product browsing detected; Your large average basket size.
209,0.829,Will Buy,High,Your recent activity on our platform,You buy in larger quantities,Your consistent purchase habits,This customer is likely to purchase. Key factors: Your recent activity on our platform; You buy in larger quantities; Your consistent purchase habits.
210,0.013,May Not Buy,High,You have not shopped recently,Your purchase rate has slowed,You buy fewer items per visit,This customer is may not purchase soon. Key factors: You have not shopped recently; Your purchase rate has slowed; You buy fewer items per visit.
211,0.029,May Not Buy,High,You have not shopped recently,You buy fewer items per visit,Your consistent purchase habits,This customer is may not purchase soon. Key factors: You have not shopped recently; You buy fewer items per visit; Your consistent purchase habits.
212,0.014,May Not Buy,High,You have not shopped recently,Your purchase rate has slowed,Limited product browsing detected,This customer is may not purchase soon. Key factors: You have not shopped recently; Your purchase rate has slowed; Limited product browsing detected.
213,0.948,Will Buy,High,Your recent activity on our platform,You buy in larger quantities,Your basket size is small,This customer is likely to purchase. Key factors: Your recent activity on our platform; You buy in larger quantities; Your basket size is small.
214,0.05,May Not Buy,High,You have not shopped recently,Your consistent purchase habits,You shop frequently with us,This customer is may not purchase soon. Key factors: You have not shopped recently; Your consistent purchase habits; You shop frequently with us.
215,0.005,May Not Buy,High,You have not shopped recently,Your basket size is small,You buy fewer items per visit,This customer is may not purchase soon. Key factors: You have not shopped recently; Your basket size is small; You buy fewer items per visit.
216,0.03,May Not Buy,High,You have not shopped recently,You buy in larger quantities,Your spending is currently low,This customer is may not purchase soon. Key factors: You have not shopped recently; You buy in larger quantities; Your spending is currently low.
217,0.971,Will Buy,High,Your recent activity on our platform,You actively browse our products,You buy in larger quantities,This customer is likely to purchase. Key factors: Your recent activity on our platform; You actively browse our products; You buy in larger quantities.
218,0.005,May Not Buy,High,You have not shopped recently,Your basket size is small,You buy fewer items per visit,This customer is may not purchase soon. Key factors: You have not shopped recently; Your basket size is small; You buy fewer items per visit.
219,0.97,Will Buy,High,Your recent activity on our platform,Your consistent purchase habits,You shop frequently with us,This customer is likely to purchase. Key factors: Your recent activity on our platform; Your consistent purchase habits; You shop frequently with us.
220,0.018,May Not Buy,High,You have not shopped recently,Your purchase rate has slowed,Short browsing sessions detected,This customer is may not purchase soon. Key factors: You have not shopped recently; Your purchase rate has slowed; Short browsing sessions detected.
221,0.927,Will Buy,High,Your recent activity on our platform,You buy in larger quantities,Your basket size is small,This customer is likely to purchase. Key factors: Your recent activity on our platform; You buy in larger quantities; Your basket size is small.
222,0.029,May Not Buy,High,You have not shopped recently,Short browsing sessions detected,Your spending is currently low,This customer is may not purchase soon. Key factors: You have not shopped recently; Short browsing sessions detected; Your spending is currently low.
223,0.023,May Not Buy,High,You have not shopped recently,Your purchase rate has slowed,Your spending is currently low,This customer is may not purchase soon. Key factors: You have not shopped recently; Your purchase rate has slowed; Your spending is currently low.
224,0.007,May Not Buy,High,You have not shopped recently,Your purchase rate has slowed,Low cart activity observed,This customer is may not purchase soon. Key factors: You have not shopped recently; Your purchase rate has slowed; Low cart activity observed.
225,0.049,May Not Buy,High,You have not shopped recently,Your large average basket size,Your purchase rate has slowed,This customer is may not purchase soon. Key factors: You have not shopped recently; Your large average basket size; Your purchase rate has slowed.
226,0.019,May Not Buy,High,You have not shopped recently,Low cart activity observed,Your spending is currently low,This customer is may not purchase soon. Key factors: You have not shopped recently; Low cart activity observed; Your spending is currently low.
227,0.0,May Not Buy,High,You have not shopped recently,Your purchase rate has slowed,Short browsing sessions detected,This customer is may not purchase soon. Key factors: You have not shopped recently; Your purchase rate has slowed; Short browsing sessions detected.
228,0.003,May Not Buy,High,You have not shopped recently,Your basket size is small,Your spending is currently low,This customer is may not purchase soon. Key factors: You have not shopped recently; Your basket size is small; Your spending is currently low.
229,0.014,May Not Buy,High,You have not shopped recently,Your purchase rate has slowed,You buy fewer items per visit,This customer is may not purchase soon. Key factors: You have not shopped recently; Your purchase rate has slowed; You buy fewer items per visit.
230,0.019,May Not Buy,High,You have not shopped recently,You buy fewer items per visit,Low cart activity observed,This customer is may not purchase soon. Key factors: You have not shopped recently; You buy fewer items per visit; Low cart activity observed.
231,0.031,May Not Buy,High,You have not shopped recently,You buy fewer items per visit,Low cart conversion rate,This customer is may not purchase soon. Key factors: You have not shopped recently; You buy fewer items per visit; Low cart conversion rate.
232,0.099,May Not Buy,High,You have not shopped recently,You buy fewer items per visit,Your purchase rate has slowed,This customer is may not purchase soon. Key factors: You have not shopped recently; You buy fewer items per visit; Your purchase rate has slowed.
233,0.023,May Not Buy,High,You have not shopped recently,Your purchase rate has slowed,Your spending is currently low,This customer is may not purchase soon. Key factors: You have not shopped recently; Your purchase rate has slowed; Your spending is currently low.
234,0.009,May Not Buy,High,You have not shopped recently,Your purchase rate has slowed,Low cart activity observed,This customer is may not purchase soon. Key factors: You have not shopped recently; Your purchase rate has slowed; Low cart activity observed.
235,0.971,Will Buy,High,Your recent activity on our platform,Your consistent purchase habits,You buy in larger quantities,This customer is likely to purchase. Key factors: Your recent activity on our platform; Your consistent purchase habits; You buy in larger quantities.
236,0.031,May Not Buy,High,You have not shopped recently,Your spending is currently low,You shop frequently with us,This customer is may not purchase soon. Key factors: You have not shopped recently; Your spending is currently low; You shop frequently with us.
237,0.994,Will Buy,High,Your recent activity on our platform,Your consistent purchase habits,Your high spending pattern,This customer is likely to purchase. Key factors: Your recent activity on our platform; Your consistent purchase habits; Your high spending pattern.
238,0.899,Will Buy,High,Your recent activity on our platform,Your purchase rate has slowed,Your basket size is small,This customer is likely to purchase. Key factors: Your recent activity on our platform; Your purchase rate has slowed; Your basket size is small.
239,0.154,May Not Buy,High,You have not shopped recently,Your spending is currently low,You buy fewer items per visit,This customer is may not purchase soon. Key factors: You have not shopped recently; Your spending is currently low; You buy fewer items per visit.
240,0.004,May Not Buy,High,You have not shopped recently,Your purchase rate has slowed,Your basket size is small,This customer is may not purchase soon. Key factors: You have not shopped recently; Your purchase rate has slowed; Your basket size is small.
241,0.013,May Not Buy,High,You have not shopped recently,Your purchase rate has slowed,Short browsing sessions detected,This customer is may not purchase soon. Key factors: You have not shopped recently; Your purchase rate has slowed; Short browsing sessions detected.
242,0.971,Will Buy,High,Your recent activity on our platform,Your consistent purchase habits,Low cart activity observed,This customer is likely to purchase. Key factors: Your recent activity on our platform; Your consistent purchase habits; Low cart activity observed.
243,0.024,May Not Buy,High,You have not shopped recently,Your basket size is small,Your spending is currently low,This customer is may not purchase soon. Key factors: You have not shopped recently; Your basket size is small; Your spending is currently low.
244,0.0,May Not Buy,High,You have not shopped recently,Your purchase rate has slowed,Low cart activity observed,This customer is may not purchase soon. Key factors: You have not shopped recently; Your purchase rate has slowed; Low cart activity observed.
245,0.008,May Not Buy,High,You have not shopped recently,You buy fewer items per visit,Low cart activity observed,This customer is may not purchase soon. Key factors: You have not shopped recently; You buy fewer items per visit; Low cart activity observed.
246,0.975,Will Buy,High,Your recent activity on our platform,Your consistent purchase habits,Your high spending pattern,This customer is likely to purchase. Key factors: Your recent activity on our platform; Your consistent purchase habits; Your high spending pattern.
247,0.08,May Not Buy,High,You have not shopped recently,Your purchase rate has slowed,Your basket size is small,This customer is may not purchase soon. Key factors: You have not shopped recently; Your purchase rate has slowed; Your basket size is small.
248,0.01,May Not Buy,High,You have not shopped recently,Your purchase rate has slowed,Low cart activity observed,This customer is may not purchase soon. Key factors: You have not shopped recently; Your purchase rate has slowed; Low cart activity observed.
249,0.031,May Not Buy,High,You have not shopped recently,Your interest in diverse products,Your large average basket size,This customer is may not purchase soon. Key factors: You have not shopped recently; Your interest in diverse products; Your large average basket size.
250,0.008,May Not Buy,High,You have not shopped recently,Your basket size is small,Your purchase rate has slowed,This customer is may not purchase soon. Key factors: You have not shopped recently; Your basket size is small; Your purchase rate has slowed.
251,0.008,May Not Buy,High,You have not shopped recently,Limited product browsing detected,Short browsing sessions detected,This customer is may not purchase soon. Key factors: You have not shopped recently; Limited product browsing detected; Short browsing sessions detected.
252,0.014,May Not Buy,High,You have not shopped recently,Your purchase rate has slowed,Your spending is currently low,This customer is may not purchase soon. Key factors: You have not shopped recently; Your purchase rate has slowed; Your spending is currently low.
253,0.025,May Not Buy,High,You have not shopped recently,Your basket size is small,You buy in larger quantities,This customer is may not purchase soon. Key factors: You have not shopped recently; Your basket size is small; You buy in larger quantities.
254,0.0,May Not Buy,High,You have not shopped recently,Your purchase rate has slowed,Low cart activity observed,This customer is may not purchase soon. Key factors: You have not shopped recently; Your purchase rate has slowed; Low cart activity observed.
255,0.987,Will Buy,High,Your recent activity on our platform,Your consistent purchase habits,You shop frequently with us,This customer is likely to purchase. Key factors: Your recent activity on our platform; Your consistent purchase habits; You shop frequently with us.
256,0.009,May Not Buy,High,You have not shopped recently,Your purchase rate has slowed,Short browsing sessions detected,This customer is may not purchase soon. Key factors: You have not shopped recently; Your purchase rate has slowed; Short browsing sessions detected.
257,0.026,May Not Buy,High,You have not shopped recently,Your purchase rate has slowed,Your purchase frequency is low,This customer is may not purchase soon. Key factors: You have not shopped recently; Your purchase rate has slowed; Your purchase frequency is low.
258,0.023,May Not Buy,High,You have not shopped recently,You buy fewer items per visit,Your consistent purchase habits,This customer is may not purchase soon. Key factors: You have not shopped recently; You buy fewer items per visit; Your consistent purchase habits.
259,0.969,Will Buy,High,Your recent activity on our platform,Your purchase rate has slowed,You frequently add items to cart,This customer is likely to purchase. Key factors: Your recent activity on our platform; Your purchase rate has slowed; You frequently add items to cart.
260,0.981,Will Buy,High,Your recent activity on our platform,Your consistent purchase habits,Your high spending pattern,This customer is likely to purchase. Key factors: Your recent activity on our platform; Your consistent purchase habits; Your high spending pattern.
261,0.924,Will Buy,High,Your recent activity on our platform,Your large average basket size,You actively browse our products,This customer is likely to purchase. Key factors: Your recent activity on our platform; Your large average basket size; You actively browse our products.
262,0.022,May Not Buy,High,You have not shopped recently,You buy fewer items per visit,Your purchase frequency is low,This customer is may not purchase soon. Key factors: You have not shopped recently; You buy fewer items per visit; Your purchase frequency is low.
263,0.969,Will Buy,High,Your recent activity on our platform,Your consistent purchase habits,Low cart activity observed,This customer is likely to purchase. Key factors: Your recent activity on our platform; Your consistent purchase habits; Low cart activity observed.
264,0.022,May Not Buy,High,You have not shopped recently,You buy fewer items per visit,Low cart activity observed,This customer is may not purchase soon. Key factors: You have not shopped recently; You buy fewer items per visit; Low cart activity observed.
265,0.02,May Not Buy,High,You have not shopped recently,Low cart activity observed,Low cart conversion rate,This customer is may not purchase soon. Key factors: You have not shopped recently; Low cart activity observed; Low cart conversion rate.
266,0.033,May Not Buy,High,You have not shopped recently,Your consistent purchase habits,Your spending is currently low,This customer is may not purchase soon. Key factors: You have not shopped recently; Your consistent purchase habits; Your spending is currently low.
267,0.976,Will Buy,High,Your recent activity on our platform,Your consistent purchase habits,You spend quality time browsing,This customer is likely to purchase. Key factors: Your recent activity on our platform; Your consistent purchase habits; You spend quality time browsing.
268,0.012,May Not Buy,High,You have not shopped recently,Your purchase rate has slowed,Limited product browsing detected,This customer is may not purchase soon. Key factors: You have not shopped recently; Your purchase rate has slowed; Limited product browsing detected.
269,0.974,Will Buy,High,Your recent activity on our platform,You actively browse our products,You buy in larger quantities,This customer is likely to purchase. Key factors: Your recent activity on our platform; You actively browse our products; You buy in larger quantities.
270,0.875,Will Buy,High,Your recent activity on our platform,You buy fewer items per visit,Your purchase rate has slowed,This customer is likely to purchase. Key factors: Your recent activity on our platform; You buy fewer items per visit; Your purchase rate has slowed.
271,0.031,May Not Buy,High,You have not shopped recently,You buy fewer items per visit,Your spending is currently low,This customer is may not purchase soon. Key factors: You have not shopped recently; You buy fewer items per visit; Your spending is currently low.
272,0.0,May Not Buy,High,You have not shopped recently,Your purchase rate has slowed,Low cart activity observed,This customer is may not purchase soon. Key factors: You have not shopped recently; Your purchase rate has slowed; Low cart activity observed.
273,0.029,May Not Buy,High,You have not shopped recently,You buy fewer items per visit,You shop frequently with us,This customer is may not purchase soon. Key factors: You have not shopped recently; You buy fewer items per visit; You shop frequently with us.
274,0.012,May Not Buy,High,You have not shopped recently,Your basket size is small,Your purchase frequency is low,This customer is may not purchase soon. Key factors: You have not shopped recently; Your basket size is small; Your purchase frequency is low.
275,0.917,Will Buy,High,Your recent activity on our platform,Low cart activity observed,Your consistent purchase habits,This customer is likely to purchase. Key factors: Your recent activity on our platform; Low cart activity observed; Your consistent purchase habits.
276,0.018,May Not Buy,High,You have not shopped recently,Your purchase rate has slowed,Your basket size is small,This customer is may not purchase soon. Key factors: You have not shopped recently; Your purchase rate has slowed; Your basket size is small.
277,0.939,Will Buy,High,Your recent activity on our platform,Your high spending pattern,Your consistent purchase habits,This customer is likely to purchase. Key factors: Your recent activity on our platform; Your high spending pattern; Your consistent purchase habits.
278,0.005,May Not Buy,High,You have not shopped recently,Low cart activity observed,Your basket size is small,This customer is may not purchase soon. Key factors: You have not shopped recently; Low cart activity observed; Your basket size is small.
279,0.021,May Not Buy,High,You have not shopped recently,Your spending is currently low,Short browsing sessions detected,This customer is may not purchase soon. Key factors: You have not shopped recently; Your spending is currently low; Short browsing sessions detected.
280,0.011,May Not Buy,High,You have not shopped recently,Your purchase rate has slowed,Your basket size is small,This customer is may not purchase soon. Key factors: You have not shopped recently; Your purchase rate has slowed; Your basket size is small.
281,0.052,May Not Buy,High,You have not shopped recently,Your purchase rate has slowed,You buy fewer items per visit,This customer is may not purchase soon. Key factors: You have not shopped recently; Your purchase rate has slowed; You buy fewer items per visit.
282,0.073,May Not Buy,High,You have not shopped recently,You buy in larger quantities,Your high spending pattern,This customer is may not purchase soon. Key factors: You have not shopped recently; You buy in larger quantities; Your high spending pattern.
283,0.003,May Not Buy,High,You have not shopped recently,Your purchase rate has slowed,Low cart activity observed,This customer is may not purchase soon. Key factors: You have not shopped recently; Your purchase rate has slowed; Low cart activity observed.
284,0.032,May Not Buy,High,You have not shopped recently,Your spending is currently low,Low cart activity observed,This customer is may not purchase soon. Key factors: You have not shopped recently; Your spending is currently low; Low cart activity observed.
285,0.011,May Not Buy,High,You have not shopped recently,You buy fewer items per visit,Low cart activity observed,This customer is may not purchase soon. Key factors: You have not shopped recently; You buy fewer items per visit; Low cart activity observed.
286,0.016,May Not Buy,High,You have not shopped recently,Your spending is currently low,You buy fewer items per visit,This customer is may not purchase soon. Key factors: You have not shopped recently; Your spending is currently low; You buy fewer items per visit.
287,0.027,May Not Buy,High,You have not shopped recently,You buy fewer items per visit,Your purchase rate has slowed,This customer is may not purchase soon. Key factors: You have not shopped recently; You buy fewer items per visit; Your purchase rate has slowed.
288,0.942,Will Buy,High,Your recent activity on our platform,Your purchase rate has slowed,You actively browse our products,This customer is likely to purchase. Key factors: Your recent activity on our platform; Your purchase rate has slowed; You actively browse our products.
289,0.026,May Not Buy,High,You have not shopped recently,Your basket size is small,Your consistent purchase habits,This customer is may not purchase soon. Key factors: You have not shopped recently; Your basket size is small; Your consistent purchase habits.
290,0.029,May Not Buy,High,You have not shopped recently,Your basket size is small,You buy in larger quantities,This customer is may not purchase soon. Key factors: You have not shopped recently; Your basket size is small; You buy in larger quantities.
291,0.015,May Not Buy,High,You have not shopped recently,Your purchase rate has slowed,You buy fewer items per visit,This customer is may not purchase soon. Key factors: You have not shopped recently; Your purchase rate has slowed; You buy fewer items per visit.
292,0.029,May Not Buy,High,You have not shopped recently,Your purchase rate has slowed,Your basket size is small,This customer is may not purchase soon. Key factors: You have not shopped recently; Your purchase rate has slowed; Your basket size is small.
293,0.017,May Not Buy,High,You have not shopped recently,Your basket size is small,Your purchase rate has slowed,This customer is may not purchase soon. Key factors: You have not shopped recently; Your basket size is small; Your purchase rate has slowed.
294,0.006,May Not Buy,High,You have not shopped recently,Short browsing sessions detected,Your basket size is small,This customer is may not purchase soon. Key factors: You have not shopped recently; Short browsing sessions detected; Your basket size is small.
295,0.951,Will Buy,High,Your recent activity on our platform,You buy in larger quantities,Limited product browsing detected,This customer is likely to purchase. Key factors: Your recent activity on our platform; You buy in larger quantities; Limited product browsing detected.
296,0.025,May Not Buy,High,You have not shopped recently,You buy fewer items per visit,Your interest in diverse products,This customer is may not purchase soon. Key factors: You have not shopped recently; You buy fewer items per visit; Your interest in diverse products.
297,0.007,May Not Buy,High,You have not shopped recently,Your purchase rate has slowed,Low cart activity observed,This customer is may not purchase soon. Key factors: You have not shopped recently; Your purchase rate has slowed; Low cart activity observed.
298,0.854,Will Buy,High,Your recent activity on our platform,Your purchase rate has slowed,Your basket size is small,This customer is likely to purchase. Key factors: Your recent activity on our platform; Your purchase rate has slowed; Your basket size is small.
299,0.043,May Not Buy,High,You have not shopped recently,You buy in larger quantities,Your basket size is small,This customer is may not purchase soon. Key factors: You have not shopped recently; You buy in larger quantities; Your basket size is small.
300,0.012,May Not Buy,High,You have not shopped recently,Your purchase rate has slowed,Your spending is currently low,This customer is may not purchase soon. Key factors: You have not shopped recently; Your purchase rate has slowed; Your spending is currently low.
301,0.036,May Not Buy,High,You have not shopped recently,You buy fewer items per visit,Your consistent purchase habits,This customer is may not purchase soon. Key factors: You have not shopped recently; You buy fewer items per visit; Your consistent purchase habits.
302,0.973,Will Buy,High,Your recent activity on our platform,Your consistent purchase habits,You buy in larger quantities,This customer is likely to purchase. Key factors: Your recent activity on our platform; Your consistent purchase habits; You buy in larger quantities.
303,0.982,Will Buy,High,Your recent activity on our platform,Your consistent purchase habits,You shop frequently with us,This customer is likely to purchase. Key factors: Your recent activity on our platform; Your consistent purchase habits; You shop frequently with us.
304,0.026,May Not Buy,High,You have not shopped recently,Low cart activity observed,Your consistent purchase habits,This customer is may not purchase soon. Key factors: You have not shopped recently; Low cart activity observed; Your consistent purchase habits.
305,0.933,Will Buy,High,Your recent activity on our platform,Your purchase rate has slowed,You actively browse our products,This customer is likely to purchase. Key factors: Your recent activity on our platform; Your purchase rate has slowed; You actively browse our products.
306,0.043,May Not Buy,High,You have not shopped recently,Your purchase rate has slowed,Your large average basket size,This customer is may not purchase soon. Key factors: You have not shopped recently; Your purchase rate has slowed; Your large average basket size.
307,0.0,May Not Buy,High,You have not shopped recently,Your purchase rate has slowed,Low cart activity observed,This customer is may not purchase soon. Key factors: You have not shopped recently; Your purchase rate has slowed; Low cart activity observed.
308,0.016,May Not Buy,High,You have not shopped recently,Your purchase rate has slowed,You buy fewer items per visit,This customer is may not purchase soon. Key factors: You have not shopped recently; Your purchase rate has slowed; You buy fewer items per visit.
309,0.039,May Not Buy,High,You have not shopped recently,Your purchase rate has slowed,Your purchase frequency is low,This customer is may not purchase soon. Key factors: You have not shopped recently; Your purchase rate has slowed; Your purchase frequency is low.
310,0.009,May Not Buy,High,You have not shopped recently,Your basket size is small,You buy fewer items per visit,This customer is may not purchase soon. Key factors: You have not shopped recently; Your basket size is small; You buy fewer items per visit.
311,0.021,May Not Buy,High,You have not shopped recently,Your spending is currently low,Limited product browsing detected,This customer is may not purchase soon. Key factors: You have not shopped recently; Your spending is currently low; Limited product browsing detected.
312,0.017,May Not Buy,High,You have not shopped recently,Your purchase rate has slowed,You buy fewer items per visit,This customer is may not purchase soon. Key factors: You have not shopped recently; Your purchase rate has slowed; You buy fewer items per visit.
313,0.945,Will Buy,High,Your recent activity on our platform,Your consistent purchase habits,You buy fewer items per visit,This customer is likely to purchase. Key factors: Your recent activity on our platform; Your consistent purchase habits; You buy fewer items per visit.
314,0.019,May Not Buy,High,You have not shopped recently,Your basket size is small,You buy fewer items per visit,This customer is may not purchase soon. Key factors: You have not shopped recently; Your basket size is small; You buy fewer items per visit.
315,0.039,May Not Buy,High,You have not shopped recently,Your purchase rate has slowed,You actively browse our products,This customer is may not purchase soon. Key factors: You have not shopped recently; Your purchase rate has slowed; You actively browse our products.
316,0.037,May Not Buy,High,You have not shopped recently,You buy fewer items per visit,Your consistent purchase habits,This customer is may not purchase soon. Key factors: You have not shopped recently; You buy fewer items per visit; Your consistent purchase habits.
317,0.04,May Not Buy,High,You have not shopped recently,You buy in larger quantities,Limited product browsing detected,This customer is may not purchase soon. Key factors: You have not shopped recently; You buy in larger quantities; Limited product browsing detected.
318,0.037,May Not Buy,High,You have not shopped recently,You buy fewer items per visit,Your large average basket size,This customer is may not purchase soon. Key factors: You have not shopped recently; You buy fewer items per visit; Your large average basket size.
319,0.039,May Not Buy,High,You have not shopped recently,Limited product browsing detected,Your spending is currently low,This customer is may not purchase soon. Key factors: You have not shopped recently; Limited product browsing detected; Your spending is currently low.
320,0.94,Will Buy,High,Your recent activity on our platform,You actively browse our products,You buy fewer items per visit,This customer is likely to purchase. Key factors: Your recent activity on our platform; You actively browse our products; You buy fewer items per visit.
321,0.044,May Not Buy,High,You have not shopped recently,Your purchase frequency is low,Your spending is currently low,This customer is may not purchase soon. Key factors: You have not shopped recently; Your purchase frequency is low; Your spending is currently low.
322,0.0,May Not Buy,High,You have not shopped recently,Your spending is currently low,Your purchase rate has slowed,This customer is may not purchase soon. Key factors: You have not shopped recently; Your spending is currently low; Your purchase rate has slowed.
323,0.029,May Not Buy,High,You have not shopped recently,Low cart activity observed,Limited product browsing detected,This customer is may not purchase soon. Key factors: You have not shopped recently; Low cart activity observed; Limited product browsing detected.
324,0.019,May Not Buy,High,You have not shopped recently,Your basket size is small,Short browsing sessions detected,This customer is may not purchase soon. Key factors: You have not shopped recently; Your basket size is small; Short browsing sessions detected.
325,0.969,Will Buy,High,Your recent activity on our platform,Your consistent purchase habits,You actively browse our products,This customer is likely to purchase. Key factors: Your recent activity on our platform; Your consistent purchase habits; You actively browse our products.
326,0.018,May Not Buy,High,You have not shopped recently,Short browsing sessions detected,You buy fewer items per visit,This customer is may not purchase soon. Key factors: You have not shopped recently; Short browsing sessions detected; You buy fewer items per visit.
327,0.05,May Not Buy,High,You have not shopped recently,Your consistent purchase habits,Your large average basket size,This customer is may not purchase soon. Key factors: You have not shopped recently; Your consistent purchase habits; Your large average basket size.
328,0.012,May Not Buy,High,You have not shopped recently,Your basket size is small,Your spending is currently low,This customer is may not purchase soon. Key factors: You have not shopped recently; Your basket size is small; Your spending is currently low.
329,0.013,May Not Buy,High,You have not shopped recently,Your basket size is small,You buy in larger quantities,This customer is may not purchase soon. Key factors: You have not shopped recently; Your basket size is small; You buy in larger quantities.
330,0.94,Will Buy,High,Your recent activity on our platform,Your large average basket size,Your purchase rate has slowed,This customer is likely to purchase. Key factors: Your recent activity on our platform; Your large average basket size; Your purchase rate has slowed.
331,0.055,May Not Buy,High,You have not shopped recently,You buy in larger quantities,Your spending is currently low,This customer is may not purchase soon. Key factors: You have not shopped recently; You buy in larger quantities; Your spending is currently low.
332,0.96,Will Buy,High,Your recent activity on our platform,Your consistent purchase habits,You buy in larger quantities,This customer is likely to purchase. Key factors: Your recent activity on our platform; Your consistent purchase habits; You buy in larger quantities.
333,0.94,Will Buy,High,Your recent activity on our platform,You buy in larger quantities,Your basket size is small,This customer is likely to purchase. Key factors: Your recent activity on our platform; You buy in larger quantities; Your basket size is small.
334,0.955,Will Buy,High,Your recent activity on our platform,Your consistent purchase habits,Your spending is currently low,This customer is likely to purchase. Key factors: Your recent activity on our platform; Your consistent purchase habits; Your spending is currently low.
335,0.88,Will Buy,High,Your recent activity on our platform,Your purchase rate has slowed,Your basket size is small,This customer is likely to purchase. Key factors: Your recent activity on our platform; Your purchase rate has slowed; Your basket size is small.
336,0.011,May Not Buy,High,You have not shopped recently,Your basket size is small,You buy in larger quantities,This customer is may not purchase soon. Key factors: You have not shopped recently; Your basket size is small; You buy in larger quantities.
337,0.01,May Not Buy,High,You have not shopped recently,Short browsing sessions detected,Your purchase rate has slowed,This customer is may not purchase soon. Key factors: You have not shopped recently; Short browsing sessions detected; Your purchase rate has slowed.
338,0.005,May Not Buy,High,You have not shopped recently,Your basket size is small,You buy fewer items per visit,This customer is may not purchase soon. Key factors: You have not shopped recently; Your basket size is small; You buy fewer items per visit.
339,0.954,Will Buy,High,Your recent activity on our platform,Your consistent purchase habits,Your spending is currently low,This customer is likely to purchase. Key factors: Your recent activity on our platform; Your consistent purchase habits; Your spending is currently low.
340,0.964,Will Buy,High,Your recent activity on our platform,Your large average basket size,Short browsing sessions detected,This customer is likely to purchase. Key factors: Your recent activity on our platform; Your large average basket size; Short browsing sessions detected.
341,0.968,Will Buy,High,Your recent activity on our platform,Your consistent purchase habits,Your high spending pattern,This customer is likely to purchase. Key factors: Your recent activity on our platform; Your consistent purchase habits; Your high spending pattern.
342,0.014,May Not Buy,High,You have not shopped recently,Your purchase rate has slowed,Your basket size is small,This customer is may not purchase soon. Key factors: You have not shopped recently; Your purchase rate has slowed; Your basket size is small.
343,0.023,May Not Buy,High,You have not shopped recently,Your purchase rate has slowed,You buy fewer items per visit,This customer is may not purchase soon. Key factors: You have not shopped recently; Your purchase rate has slowed; You buy fewer items per visit.
344,0.019,May Not Buy,High,You have not shopped recently,Your basket size is small,You buy in larger quantities,This customer is may not purchase soon. Key factors: You have not shopped recently; Your basket size is small; You buy in larger quantities.
345,0.98,Will Buy,High,Your recent activity on our platform,Your consistent purchase habits,You buy in larger quantities,This customer is likely to purchase. Key factors: Your recent activity on our platform; Your consistent purchase habits; You buy in larger quantities.
346,0.014,May Not Buy,High,You have not shopped recently,Your purchase rate has slowed,You buy fewer items per visit,This customer is may not purchase soon. Key factors: You have not shopped recently; Your purchase rate has slowed; You buy fewer items per visit.
347,0.01,May Not Buy,High,You have not shopped recently,Short browsing sessions detected,Your spending is currently low,This customer is may not purchase soon. Key factors: You have not shopped recently; Short browsing sessions detected; Your spending is currently low.
348,0.01,May Not Buy,High,You have not shopped recently,Your purchase rate has slowed,Low cart activity observed,This customer is may not purchase soon. Key factors: You have not shopped recently; Your purchase rate has slowed; Low cart activity observed.
349,0.61,Will Buy,Medium,Your recent activity on our platform,Your purchase rate has slowed,Your purchase frequency is low,This customer is likely to purchase. Key factors: Your recent activity on our platform; Your purchase rate has slowed; Your purchase frequency is low.
350,0.041,May Not Buy,High,You have not shopped recently,Your consistent purchase habits,You frequently add items to cart,This customer is may not purchase soon. Key factors: You have not shopped recently; Your consistent purchase habits; You frequently add items to cart.
351,0.01,May Not Buy,High,You have not shopped recently,Your basket size is small,You buy fewer items per visit,This customer is may not purchase soon. Key factors: You have not shopped recently; Your basket size is small; You buy fewer items per visit.
352,0.982,Will Buy,High,Your recent activity on our platform,Your consistent purchase habits,Your high spending pattern,This customer is likely to purchase. Key factors: Your recent activity on our platform; Your consistent purchase habits; Your high spending pattern.
353,0.953,Will Buy,High,Your recent activity on our platform,Your purchase rate has slowed,You spend quality time browsing,This customer is likely to purchase. Key factors: Your recent activity on our platform; Your purchase rate has slowed; You spend quality time browsing.
354,0.98,Will Buy,High,Your recent activity on our platform,Your consistent purchase habits,Your high spending pattern,This customer is likely to purchase. Key factors: Your recent activity on our platform; Your consistent purchase habits; Your high spending pattern.
355,0.014,May Not Buy,High,You have not shopped recently,Your basket size is small,Your spending is currently low,This customer is may not purchase soon. Key factors: You have not shopped recently; Your basket size is small; Your spending is currently low.
356,0.977,Will Buy,High,Your recent activity on our platform,Your consistent purchase habits,You buy in larger quantities,This customer is likely to purchase. Key factors: Your recent activity on our platform; Your consistent purchase habits; You buy in larger quantities.
357,0.021,May Not Buy,High,You have not shopped recently,Your spending is currently low,Your purchase rate has slowed,This customer is may not purchase soon. Key factors: You have not shopped recently; Your spending is currently low; Your purchase rate has slowed.
358,0.972,Will Buy,High,Your recent activity on our platform,You buy in larger quantities,Your consistent purchase habits,This customer is likely to purchase. Key factors: Your recent activity on our platform; You buy in larger quantities; Your consistent purchase habits.
359,0.028,May Not Buy,High,You have not shopped recently,Your spending is currently low,You buy fewer items per visit,This customer is may not purchase soon. Key factors: You have not shopped recently; Your spending is currently low; You buy fewer items per visit.
360,0.925,Will Buy,High,Your recent activity on our platform,Your consistent purchase habits,Your basket size is small,This customer is likely to purchase. Key factors: Your recent activity on our platform; Your consistent purchase habits; Your basket size is small.
361,0.012,May Not Buy,High,You have not shopped recently,Short browsing sessions detected,You buy fewer items per visit,This customer is may not purchase soon. Key factors: You have not shopped recently; Short browsing sessions detected; You buy fewer items per visit.
362,0.046,May Not Buy,High,You have not shopped recently,You buy in larger quantities,Your basket size is small,This customer is may not purchase soon. Key factors: You have not shopped recently; You buy in larger quantities; Your basket size is small.
363,0.799,Will Buy,Medium,Your recent activity on our platform,You actively browse our products,You frequently add items to cart,This customer is likely to purchase. Key factors: Your recent activity on our platform; You actively browse our products; You frequently add items to cart.
364,0.034,May Not Buy,High,You have not shopped recently,Your consistent purchase habits,Low cart activity observed,This customer is may not purchase soon. Key factors: You have not shopped recently; Your consistent purchase habits; Low cart activity observed.
365,0.027,May Not Buy,High,You have not shopped recently,Low cart activity observed,Your purchase rate has slowed,This customer is may not purchase soon. Key factors: You have not shopped recently; Low cart activity observed; Your purchase rate has slowed.
366,0.078,May Not Buy,High,You have not shopped recently,Your purchase rate has slowed,You actively browse our products,This customer is may not purchase soon. Key factors: You have not shopped recently; Your purchase rate has slowed; You actively browse our products.
367,0.027,May Not Buy,High,You have not shopped recently,Your purchase rate has slowed,Your basket size is small,This customer is may not purchase soon. Key factors: You have not shopped recently; Your purchase rate has slowed; Your basket size is small.
368,0.025,May Not Buy,High,You have not shopped recently,Your purchase rate has slowed,Low cart activity observed,This customer is may not purchase soon. Key factors: You have not shopped recently; Your purchase rate has slowed; Low cart activity observed.
369,0.923,Will Buy,High,Your recent activity on our platform,Your purchase rate has slowed,You actively browse our products,This customer is likely to purchase. Key factors: Your recent activity on our platform; Your purchase rate has slowed; You actively browse our products.
370,0.984,Will Buy,High,Your recent activity on our platform,You buy in larger quantities,Your consistent purchase habits,This customer is likely to purchase. Key factors: Your recent activity on our platform; You buy in larger quantities; Your consistent purchase habits.
371,0.001,May Not Buy,High,You have not shopped recently,Your purchase rate has slowed,Low cart activity observed,This customer is may not purchase soon. Key factors: You have not shopped recently; Your purchase rate has slowed; Low cart activity observed.
372,0.009,May Not Buy,High,You have not shopped recently,Your basket size is small,You buy fewer items per visit,This customer is may not purchase soon. Key factors: You have not shopped recently; Your basket size is small; You buy fewer items per visit.
373,0.038,May Not Buy,High,You have not shopped recently,Your purchase rate has slowed,Your purchase frequency is low,This customer is may not purchase soon. Key factors: You have not shopped recently; Your purchase rate has slowed; Your purchase frequency is low.
374,0.031,May Not Buy,High,You have not shopped recently,You buy in larger quantities,Your interest in diverse products,This customer is may not purchase soon. Key factors: You have not shopped recently; You buy in larger quantities; Your interest in diverse products.
375,0.978,Will Buy,High,Your recent activity on our platform,Your consistent purchase habits,Your large average basket size,This customer is likely to purchase. Key factors: Your recent activity on our platform; Your consistent purchase habits; Your large average basket size.
376,0.024,May Not Buy,High,You have not shopped recently,Your purchase rate has slowed,Your spending is currently low,This customer is may not purchase soon. Key factors: You have not shopped recently; Your purchase rate has slowed; Your spending is currently low.
377,0.967,Will Buy,High,Your recent activity on our platform,Your consistent purchase habits,Your basket size is small,This customer is likely to purchase. Key factors: Your recent activity on our platform; Your consistent purchase habits; Your basket size is small.
378,0.006,May Not Buy,High,You have not shopped recently,Your spending is currently low,You buy fewer items per visit,This customer is may not purchase soon. Key factors: You have not shopped recently; Your spending is currently low; You buy fewer items per visit.
379,0.052,May Not Buy,High,You have not shopped recently,Your purchase rate has slowed,You frequently add items to cart,This customer is may not purchase soon. Key factors: You have not shopped recently; Your purchase rate has slowed; You frequently add items to cart.
380,0.019,May Not Buy,High,You have not shopped recently,Your purchase rate has slowed,Your spending is currently low,This customer is may not purchase soon. Key factors: You have not shopped recently; Your purchase rate has slowed; Your spending is currently low.
381,0.017,May Not Buy,High,You have not shopped recently,Your purchase rate has slowed,You buy fewer items per visit,This customer is may not purchase soon. Key factors: You have not shopped recently; Your purchase rate has slowed; You buy fewer items per visit.
382,0.874,Will Buy,High,Your recent activity on our platform,You buy fewer items per visit,Your purchase frequency is low,This customer is likely to purchase. Key factors: Your recent activity on our platform; You buy fewer items per visit; Your purchase frequency is low.
383,0.044,May Not Buy,High,You have not shopped recently,Your purchase rate has slowed,You frequently add items to cart,This customer is may not purchase soon. Key factors: You have not shopped recently; Your purchase rate has slowed; You frequently add items to cart.
384,0.046,May Not Buy,High,You have not shopped recently,Your basket size is small,You actively browse our products,This customer is may not purchase soon. Key factors: You have not shopped recently; Your basket size is small; You actively browse our products.
385,0.977,Will Buy,High,Your recent activity on our platform,You buy in larger quantities,Your consistent purchase habits,This customer is likely to purchase. Key factors: Your recent activity on our platform; You buy in larger quantities; Your consistent purchase habits.
386,0.031,May Not Buy,High,You have not shopped recently,Your spending is currently low,You frequently add items to cart,This customer is may not purchase soon. Key factors: You have not shopped recently; Your spending is currently low; You frequently add items to cart.
387,0.01,May Not Buy,High,You have not shopped recently,You buy fewer items per visit,Limited product browsing detected,This customer is may not purchase soon. Key factors: You have not shopped recently; You buy fewer items per visit; Limited product browsing detected.
388,0.034,May Not Buy,High,You have not shopped recently,You buy in larger quantities,Your basket size is small,This customer is may not purchase soon. Key factors: You have not shopped recently; You buy in larger quantities; Your basket size is small.
389,0.01,May Not Buy,High,You have not shopped recently,Your purchase rate has slowed,Low cart activity observed,This customer is may not purchase soon. Key factors: You have not shopped recently; Your purchase rate has slowed; Low cart activity observed.
390,0.031,May Not Buy,High,You have not shopped recently,Your consistent purchase habits,You buy in larger quantities,This customer is may not purchase soon. Key factors: You have not shopped recently; Your consistent purchase habits; You buy in larger quantities.
391,0.025,May Not Buy,High,You have not shopped recently,Your basket size is small,You buy in larger quantities,This customer is may not purchase soon. Key factors: You have not shopped recently; Your basket size is small; You buy in larger quantities.
392,0.994,Will Buy,High,Your recent activity on our platform,Your consistent purchase habits,Your high spending pattern,This customer is likely to purchase. Key factors: Your recent activity on our platform; Your consistent purchase habits; Your high spending pattern.
393,0.954,Will Buy,High,Your recent activity on our platform,Your large average basket size,You buy in larger quantities,This customer is likely to purchase. Key factors: Your recent activity on our platform; Your large average basket size; You buy in larger quantities.
394,0.944,Will Buy,High,Your recent activity on our platform,Your consistent purchase habits,You buy in larger quantities,This customer is likely to purchase. Key factors: Your recent activity on our platform; Your consistent purchase habits; You buy in larger quantities.
395,0.03,May Not Buy,High,You have not shopped recently,Your purchase rate has slowed,You buy fewer items per visit,This customer is may not purchase soon. Key factors: You have not shopped recently; Your purchase rate has slowed; You buy fewer items per visit.
396,0.036,May Not Buy,High,You have not shopped recently,You frequently add items to cart,Short browsing sessions detected,This customer is may not purchase soon. Key factors: You have not shopped recently; You frequently add items to cart; Short browsing sessions detected.
397,0.027,May Not Buy,High,You have not shopped recently,Your purchase rate has slowed,Your purchase frequency is low,This customer is may not purchase soon. Key factors: You have not shopped recently; Your purchase rate has slowed; Your purchase frequency is low.
398,0.976,Will Buy,High,Your recent activity on our platform,Your consistent purchase habits,You actively browse our products,This customer is likely to purchase. Key factors: Your recent activity on our platform; Your consistent purchase habits; You actively browse our products.
399,0.054,May Not Buy,High,You have not shopped recently,Your consistent purchase habits,You frequently add items to cart,This customer is may not purchase soon. Key factors: You have not shopped recently; Your consistent purchase habits; You frequently add items to cart.
400,0.962,Will Buy,High,Your recent activity on our platform,Your consistent purchase habits,Low cart activity observed,This customer is likely to purchase. Key factors: Your recent activity on our platform; Your consistent purchase habits; Low cart activity observed.
401,0.96,Will Buy,High,Your recent activity on our platform,You buy in larger quantities,You shop frequently with us,This customer is likely to purchase. Key factors: Your recent activity on our platform; You buy in larger quantities; You shop frequently with us.
402,0.985,Will Buy,High,Your recent activity on our platform,Your consistent purchase habits,You actively browse our products,This customer is likely to purchase. Key factors: Your recent activity on our platform; Your consistent purchase habits; You actively browse our products.
403,0.951,Will Buy,High,Your recent activity on our platform,Your high spending pattern,You buy in larger quantities,This customer is likely to purchase. Key factors: Your recent activity on our platform; Your high spending pattern; You buy in larger quantities.
404,0.046,May Not Buy,High,You have not shopped recently,Your purchase rate has slowed,Your spending is currently low,This customer is may not purchase soon. Key factors: You have not shopped recently; Your purchase rate has slowed; Your spending is currently low.
405,0.031,May Not Buy,High,You have not shopped recently,Your purchase rate has slowed,You buy fewer items per visit,This customer is may not purchase soon. Key factors: You have not shopped recently; Your purchase rate has slowed; You buy fewer items per visit.
406,0.066,May Not Buy,High,You have not shopped recently,Limited product browsing detected,Your purchase rate has slowed,This customer is may not purchase soon. Key factors: You have not shopped recently; Limited product browsing detected; Your purchase rate has slowed.
407,0.015,May Not Buy,High,You have not shopped recently,Your basket size is small,You buy fewer items per visit,This customer is may not purchase soon. Key factors: You have not shopped recently; Your basket size is small; You buy fewer items per visit.
408,0.062,May Not Buy,High,You have not shopped recently,Your spending is currently low,Your basket size is small,This customer is may not purchase soon. Key factors: You have not shopped recently; Your spending is currently low; Your basket size is small.
409,0.938,Will Buy,High,Your recent activity on our platform,Your consistent purchase habits,Your basket size is small,This customer is likely to purchase. Key factors: Your recent activity on our platform; Your consistent purchase habits; Your basket size is small.
410,0.047,May Not Buy,High,You have not shopped recently,Your basket size is small,Your high spending pattern,This customer is may not purchase soon. Key factors: You have not shopped recently; Your basket size is small; Your high spending pattern.
411,0.994,Will Buy,High,Your recent activity on our platform,Your consistent purchase habits,Your high spending pattern,This customer is likely to purchase. Key factors: Your recent activity on our platform; Your consistent purchase habits; Your high spending pattern.
412,0.978,Will Buy,High,Your recent activity on our platform,Your consistent purchase habits,Your high spending pattern,This customer is likely to purchase. Key factors: Your recent activity on our platform; Your consistent purchase habits; Your high spending pattern.
413,0.957,Will Buy,High,Your recent activity on our platform,You buy in larger quantities,Your interest in diverse products,This customer is likely to purchase. Key factors: Your recent activity on our platform; You buy in larger quantities; Your interest in diverse products.
414,0.94,Will Buy,High,Your recent activity on our platform,Your purchase rate has slowed,You frequently add items to cart,This customer is likely to purchase. Key factors: Your recent activity on our platform; Your purchase rate has slowed; You frequently add items to cart.
415,0.024,May Not Buy,High,You have not shopped recently,You buy fewer items per visit,Your consistent purchase habits,This customer is may not purchase soon. Key factors: You have not shopped recently; You buy fewer items per visit; Your consistent purchase habits.
416,0.03,May Not Buy,High,You have not shopped recently,Your purchase rate has slowed,Short browsing sessions detected,This customer is may not purchase soon. Key factors: You have not shopped recently; Your purchase rate has slowed; Short browsing sessions detected.
417,0.985,Will Buy,High,Your recent activity on our platform,Your consistent purchase habits,Your high spending pattern,This customer is likely to purchase. Key factors: Your recent activity on our platform; Your consistent purchase habits; Your high spending pattern.
418,0.836,Will Buy,High,Your recent activity on our platform,Your purchase rate has slowed,Low cart activity observed,This customer is likely to purchase. Key factors: Your recent activity on our platform; Your purchase rate has slowed; Low cart activity observed.
419,0.012,May Not Buy,High,You have not shopped recently,Your basket size is small,Short browsing sessions detected,This customer is may not purchase soon. Key factors: You have not shopped recently; Your basket size is small; Short browsing sessions detected.
420,0.004,May Not Buy,High,You have not shopped recently,Your basket size is small,You buy fewer items per visit,This customer is may not purchase soon. Key factors: You have not shopped recently; Your basket size is small; You buy fewer items per visit.
421,0.895,Will Buy,High,Your recent activity on our platform,Low cart conversion rate,Your interest in diverse products,This customer is likely to purchase. Key factors: Your recent activity on our platform; Low cart conversion rate; Your interest in diverse products.
422,0.016,May Not Buy,High,You have not shopped recently,Your purchase rate has slowed,Low cart activity observed,This customer is may not purchase soon. Key factors: You have not shopped recently; Your purchase rate has slowed; Low cart activity observed.
423,0.996,Will Buy,High,Your recent activity on our platform,Your consistent purchase habits,Your high spending pattern,This customer is likely to purchase. Key factors: Your recent activity on our platform; Your consistent purchase habits; Your high spending pattern.
424,0.012,May Not Buy,High,You have not shopped recently,Your spending is currently low,Limited product browsing detected,This customer is may not purchase soon. Key factors: You have not shopped recently; Your spending is currently low; Limited product browsing detected.
425,0.009,May Not Buy,High,You have not shopped recently,Your purchase rate has slowed,Your basket size is small,This customer is may not purchase soon. Key factors: You have not shopped recently; Your purchase rate has slowed; Your basket size is small.
426,0.021,May Not Buy,High,You have not shopped recently,You buy in larger quantities,Low cart activity observed,This customer is may not purchase soon. Key factors: You have not shopped recently; You buy in larger quantities; Low cart activity observed.
427,0.977,Will Buy,High,Your recent activity on our platform,You buy in larger quantities,Your consistent purchase habits,This customer is likely to purchase. Key factors: Your recent activity on our platform; You buy in larger quantities; Your consistent purchase habits.
428,0.021,May Not Buy,High,You have not shopped recently,You buy fewer items per visit,Low cart activity observed,This customer is may not purchase soon. Key factors: You have not shopped recently; You buy fewer items per visit; Low cart activity observed.
429,0.032,May Not Buy,High,You have not shopped recently,Short browsing sessions detected,Your purchase frequency is low,This customer is may not purchase soon. Key factors: You have not shopped recently; Short browsing sessions detected; Your purchase frequency is low.
430,0.041,May Not Buy,High,You have not shopped recently,Your interest in diverse products,Your high spending pattern,This customer is may not purchase soon. Key factors: You have not shopped recently; Your interest in diverse products; Your high spending pattern.
431,0.008,May Not Buy,High,You have not shopped recently,Your basket size is small,Limited product browsing detected,This customer is may not purchase soon. Key factors: You have not shopped recently; Your basket size is small; Limited product browsing detected.
432,0.004,May Not Buy,High,You have not shopped recently,Your purchase rate has slowed,Low cart activity observed,This customer is may not purchase soon. Key factors: You have not shopped recently; Your purchase rate has slowed; Low cart activity observed.
433,0.947,Will Buy,High,Your recent activity on our platform,Your purchase rate has slowed,You actively browse our products,This customer is likely to purchase. Key factors: Your recent activity on our platform; Your purchase rate has slowed; You actively browse our products.
434,0.967,Will Buy,High,Your recent activity on our platform,Your consistent purchase habits,You buy in larger quantities,This customer is likely to purchase. Key factors: Your recent activity on our platform; Your consistent purchase habits; You buy in larger quantities.
435,0.025,May Not Buy,High,You have not shopped recently,Your spending is currently low,You frequently add items to cart,This customer is may not purchase soon. Key factors: You have not shopped recently; Your spending is currently low; You frequently add items to cart.
436,0.041,May Not Buy,High,You have not shopped recently,Short browsing sessions detected,You buy in larger quantities,This customer is may not purchase soon. Key factors: You have not shopped recently; Short browsing sessions detected; You buy in larger quantities.
437,0.018,May Not Buy,High,You have not shopped recently,Your purchase rate has slowed,Your spending is currently low,This customer is may not purchase soon. Key factors: You have not shopped recently; Your purchase rate has slowed; Your spending is currently low.
438,0.005,May Not Buy,High,You have not shopped recently,Your purchase rate has slowed,Your spending is currently low,This customer is may not purchase soon. Key factors: You have not shopped recently; Your purchase rate has slowed; Your spending is currently low.
439,0.96,Will Buy,High,Your recent activity on our platform,Your consistent purchase habits,You shop frequently with us,This customer is likely to purchase. Key factors: Your recent activity on our platform; Your consistent purchase habits; You shop frequently with us.
440,0.982,Will Buy,High,Your recent activity on our platform,Your high spending pattern,Your consistent purchase habits,This customer is likely to purchase. Key factors: Your recent activity on our platform; Your high spending pattern; Your consistent purchase habits.
441,0.982,Will Buy,High,Your recent activity on our platform,Your large average basket size,You actively browse our products,This customer is likely to purchase. Key factors: Your recent activity on our platform; Your large average basket size; You actively browse our products.
442,0.944,Will Buy,High,Your recent activity on our platform,You buy in larger quantities,Your consistent purchase habits,This customer is likely to purchase. Key factors: Your recent activity on our platform; You buy in larger quantities; Your consistent purchase habits.
443,0.922,Will Buy,High,Your recent activity on our platform,Your purchase rate has slowed,You frequently add items to cart,This customer is likely to purchase. Key factors: Your recent activity on our platform; Your purchase rate has slowed; You frequently add items to cart.
444,0.03,May Not Buy,High,You have not shopped recently,Your purchase rate has slowed,You tend to buy from fewer categories,This customer is may not purchase soon. Key factors: You have not shopped recently; Your purchase rate has slowed; You tend to buy from fewer categories.
445,0.944,Will Buy,High,Your recent activity on our platform,You buy in larger quantities,Your consistent purchase habits,This customer is likely to purchase. Key factors: Your recent activity on our platform; You buy in larger quantities; Your consistent purchase habits.
446,0.066,May Not Buy,High,You have not shopped recently,Your spending is currently low,You buy fewer items per visit,This customer is may not purchase soon. Key factors: You have not shopped recently; Your spending is currently low; You buy fewer items per visit.
447,0.007,May Not Buy,High,You have not shopped recently,Your purchase rate has slowed,Short browsing sessions detected,This customer is may not purchase soon. Key factors: You have not shopped recently; Your purchase rate has slowed; Short browsing sessions detected.
448,0.0,May Not Buy,High,You have not shopped recently,Your purchase rate has slowed,Low cart activity observed,This customer is may not purchase soon. Key factors: You have not shopped recently; Your purchase rate has slowed; Low cart activity observed.
449,0.016,May Not Buy,High,You have not shopped recently,Short browsing sessions detected,Limited product browsing detected,This customer is may not purchase soon. Key factors: You have not shopped recently; Short browsing sessions detected; Limited product browsing detected.
450,0.973,Will Buy,High,Your recent activity on our platform,You buy in larger quantities,You actively browse our products,This customer is likely to purchase. Key factors: Your recent activity on our platform; You buy in larger quantities; You actively browse our products.
451,0.026,May Not Buy,High,You have not shopped recently,You buy fewer items per visit,Your high spending pattern,This customer is may not purchase soon. Key factors: You have not shopped recently; You buy fewer items per visit; Your high spending pattern.
452,0.039,May Not Buy,High,You have not shopped recently,Low cart activity observed,Your consistent purchase habits,This customer is may not purchase soon. Key factors: You have not shopped recently; Low cart activity observed; Your consistent purchase habits.
453,0.0,May Not Buy,High,You have not shopped recently,Your purchase rate has slowed,Your basket size is small,This customer is may not purchase soon. Key factors: You have not shopped recently; Your purchase rate has slowed; Your basket size is small.
454,0.978,Will Buy,High,Your recent activity on our platform,You buy in larger quantities,You shop frequently with us,This customer is likely to purchase. Key factors: Your recent activity on our platform; You buy in larger quantities; You shop frequently with us.
455,0.938,Will Buy,High,Your recent activity on our platform,You actively browse our products,Your purchase frequency is low,This customer is likely to purchase. Key factors: Your recent activity on our platform; You actively browse our products; Your purchase frequency is low.
456,0.05,May Not Buy,High,You have not shopped recently,You buy in larger quantities,Limited product browsing detected,This customer is may not purchase soon. Key factors: You have not shopped recently; You buy in larger quantities; Limited product browsing detected.
457,0.04,May Not Buy,High,You have not shopped recently,You buy in larger quantities,Limited product browsing detected,This customer is may not purchase soon. Key factors: You have not shopped recently; You buy in larger quantities; Limited product browsing detected.
458,0.02,May Not Buy,High,You have not shopped recently,Your basket size is small,You buy fewer items per visit,This customer is may not purchase soon. Key factors: You have not shopped recently; Your basket size is small; You buy fewer items per visit.
459,0.952,Will Buy,High,Your recent activity on our platform,Your consistent purchase habits,You frequently add items to cart,This customer is likely to purchase. Key factors: Your recent activity on our platform; Your consistent purchase habits; You frequently add items to cart.
460,0.023,May Not Buy,High,You have not shopped recently,Your basket size is small,You buy fewer items per visit,This customer is may not purchase soon. Key factors: You have not shopped recently; Your basket size is small; You buy fewer items per visit.
461,0.015,May Not Buy,High,You have not shopped recently,Your basket size is small,You buy in larger quantities,This customer is may not purchase soon. Key factors: You have not shopped recently; Your basket size is small; You buy in larger quantities.
462,0.949,Will Buy,High,Your recent activity on our platform,Your purchase rate has slowed,You actively browse our products,This customer is likely to purchase. Key factors: Your recent activity on our platform; Your purchase rate has slowed; You actively browse our products.
463,0.93,Will Buy,High,Your recent activity on our platform,Your consistent purchase habits,Your basket size is small,This customer is likely to purchase. Key factors: Your recent activity on our platform; Your consistent purchase habits; Your basket size is small.
464,0.008,May Not Buy,High,You have not shopped recently,You buy fewer items per visit,Your spending is currently low,This customer is may not purchase soon. Key factors: You have not shopped recently; You buy fewer items per visit; Your spending is currently low.
465,0.914,Will Buy,High,Your recent activity on our platform,Your purchase rate has slowed,Your purchase frequency is low,This customer is likely to purchase. Key factors: Your recent activity on our platform; Your purchase rate has slowed; Your purchase frequency is low.
466,0.011,May Not Buy,High,You have not shopped recently,You buy fewer items per visit,Your spending is currently low,This customer is may not purchase soon. Key factors: You have not shopped recently; You buy fewer items per visit; Your spending is currently low.
467,0.027,May Not Buy,High,You have not shopped recently,Your spending is currently low,You actively browse our products,This customer is may not purchase soon. Key factors: You have not shopped recently; Your spending is currently low; You actively browse our products.
468,0.958,Will Buy,High,Your recent activity on our platform,You shop frequently with us,You actively browse our products,This customer is likely to purchase. Key factors: Your recent activity on our platform; You shop frequently with us; You actively browse our products.
469,0.947,Will Buy,High,Your recent activity on our platform,Your consistent purchase habits,Your basket size is small,This customer is likely to purchase. Key factors: Your recent activity on our platform; Your consistent purchase habits; Your basket size is small.
470,0.012,May Not Buy,High,You have not shopped recently,Your spending is currently low,You buy fewer items per visit,This customer is may not purchase soon. Key factors: You have not shopped recently; Your spending is currently low; You buy fewer items per visit.
471,0.938,Will Buy,High,Your recent activity on our platform,Your purchase rate has slowed,You buy in larger quantities,This customer is likely to purchase. Key factors: Your recent activity on our platform; Your purchase rate has slowed; You buy in larger quantities.
472,0.957,Will Buy,High,Your recent activity on our platform,Your purchase rate has slowed,You frequently add items to cart,This customer is likely to purchase. Key factors: Your recent activity on our platform; Your purchase rate has slowed; You frequently add items to cart.
473,0.02,May Not Buy,High,You have not shopped recently,Your purchase rate has slowed,Low cart activity observed,This customer is may not purchase soon. Key factors: You have not shopped recently; Your purchase rate has slowed; Low cart activity observed.
474,0.041,May Not Buy,High,You have not shopped recently,Your consistent purchase habits,Your spending is currently low,This customer is may not purchase soon. Key factors: You have not shopped recently; Your consistent purchase habits; Your spending is currently low.
475,0.017,May Not Buy,High,You have not shopped recently,Your basket size is small,You buy fewer items per visit,This customer is may not purchase soon. Key factors: You have not shopped recently; Your basket size is small; You buy fewer items per visit.
476,0.968,Will Buy,High,Your recent activity on our platform,You buy in larger quantities,Your interest in diverse products,This customer is likely to purchase. Key factors: Your recent activity on our platform; You buy in larger quantities; Your interest in diverse products.
477,0.9,Will Buy,High,Your recent activity on our platform,You buy fewer items per visit,You frequently add items to cart,This customer is likely to purchase. Key factors: Your recent activity on our platform; You buy fewer items per visit; You frequently add items to cart.
478,0.019,May Not Buy,High,You have not shopped recently,Your basket size is small,You buy in larger quantities,This customer is may not purchase soon. Key factors: You have not shopped recently; Your basket size is small; You buy in larger quantities.
479,0.019,May Not Buy,High,You have not shopped recently,Your spending is currently low,Limited product browsing detected,This customer is may not purchase soon. Key factors: You have not shopped recently; Your spending is currently low; Limited product browsing detected.
480,0.026,May Not Buy,High,You have not shopped recently,Your basket size is small,Limited product browsing detected,This customer is may not purchase soon. Key factors: You have not shopped recently; Your basket size is small; Limited product browsing detected.
481,0.028,May Not Buy,High,You have not shopped recently,You buy in larger quantities,Low cart conversion rate,This customer is may not purchase soon. Key factors: You have not shopped recently; You buy in larger quantities; Low cart conversion rate.
482,0.007,May Not Buy,High,You have not shopped recently,Your purchase rate has slowed,Low cart activity observed,This customer is may not purchase soon. Key factors: You have not shopped recently; Your purchase rate has slowed; Low cart activity observed.
483,0.023,May Not Buy,High,You have not shopped recently,Your purchase rate has slowed,Your spending is currently low,This customer is may not purchase soon. Key factors: You have not shopped recently; Your purchase rate has slowed; Your spending is currently low.
484,0.038,May Not Buy,High,You have not shopped recently,Your spending is currently low,You actively browse our products,This customer is may not purchase soon. Key factors: You have not shopped recently; Your spending is currently low; You actively browse our products.
485,0.018,May Not Buy,High,You have not shopped recently,Your purchase rate has slowed,Your basket size is small,This customer is may not purchase soon. Key factors: You have not shopped recently; Your purchase rate has slowed; Your basket size is small.
486,0.023,May Not Buy,High,You have not shopped recently,Your basket size is small,Your spending is currently low,This customer is may not purchase soon. Key factors: You have not shopped recently; Your basket size is small; Your spending is currently low.
487,0.05,May Not Buy,High,You have not shopped recently,Your purchase rate has slowed,You actively browse our products,This customer is may not purchase soon. Key factors: You have not shopped recently; Your purchase rate has slowed; You actively browse our products.
488,0.988,Will Buy,High,Your recent activity on our platform,You buy in larger quantities,Your consistent purchase habits,This customer is likely to purchase. Key factors: Your recent activity on our platform; You buy in larger quantities; Your consistent purchase habits.
489,0.962,Will Buy,High,Your recent activity on our platform,Your purchase rate has slowed,You buy in larger quantities,This customer is likely to purchase. Key factors: Your recent activity on our platform; Your purchase rate has slowed; You buy in larger quantities.
490,0.038,May Not Buy,High,You have not shopped recently,Your purchase rate has slowed,Your large average basket size,This customer is may not purchase soon. Key factors: You have not shopped recently; Your purchase rate has slowed; Your large average basket size.
491,0.032,May Not Buy,High,You have not shopped recently,Low cart activity observed,Your consistent purchase habits,This customer is may not purchase soon. Key factors: You have not shopped recently; Low cart activity observed; Your consistent purchase habits.
492,0.014,May Not Buy,High,You have not shopped recently,Your spending is currently low,Your basket size is small,This customer is may not purchase soon. Key factors: You have not shopped recently; Your spending is currently low; Your basket size is small.
493,0.009,May Not Buy,High,You have not shopped recently,Your purchase rate has slowed,Your basket size is small,This customer is may not purchase soon. Key factors: You have not shopped recently; Your purchase rate has slowed; Your basket size is small.
494,0.093,May Not Buy,High,You have not shopped recently,You buy in larger quantities,You actively browse our products,This customer is may not purchase soon. Key factors: You have not shopped recently; You buy in larger quantities; You actively browse our products.
495,0.925,Will Buy,High,Your recent activity on our platform,You buy in larger quantities,Limited product browsing detected,This customer is likely to purchase. Key factors: Your recent activity on our platform; You buy in larger quantities; Limited product browsing detected.
496,0.034,May Not Buy,High,You have not shopped recently,You buy in larger quantities,Your basket size is small,This customer is may not purchase soon. Key factors: You have not shopped recently; You buy in larger quantities; Your basket size is small.
497,0.005,May Not Buy,High,You have not shopped recently,You buy fewer items per visit,Low cart activity observed,This customer is may not purchase soon. Key factors: You have not shopped recently; You buy fewer items per visit; Low cart activity observed.
498,0.011,May Not Buy,High,You have not shopped recently,Your basket size is small,Limited product browsing detected,This customer is may not purchase soon. Key factors: You have not shopped recently; Your basket size is small; Limited product browsing detected.
499,0.053,May Not Buy,High,You have not shopped recently,Your basket size is small,You buy in larger quantities,This customer is may not purchase soon. Key factors: You have not shopped recently; Your basket size is small; You buy in larger quantities.
500,0.031,May Not Buy,High,You have not shopped recently,You buy in larger quantities,Low cart activity observed,This customer is may not purchase soon. Key factors: You have not shopped recently; You buy in larger quantities; Low cart activity observed.
501,0.974,Will Buy,High,Your recent activity on our platform,You actively browse our products,Your purchase rate has slowed,This customer is likely to purchase. Key factors: Your recent activity on our platform; You actively browse our products; Your purchase rate has slowed.
502,0.954,Will Buy,High,Your recent activity on our platform,You buy in larger quantities,Your basket size is small,This customer is likely to purchase. Key factors: Your recent activity on our platform; You buy in larger quantities; Your basket size is small.
503,0.973,Will Buy,High,Your recent activity on our platform,Your consistent purchase habits,You actively browse our products,This customer is likely to purchase. Key factors: Your recent activity on our platform; Your consistent purchase habits; You actively browse our products.
504,0.01,May Not Buy,High,You have not shopped recently,Your purchase rate has slowed,Your spending is currently low,This customer is may not purchase soon. Key factors: You have not shopped recently; Your purchase rate has slowed; Your spending is currently low.
505,0.066,May Not Buy,High,You have not shopped recently,You buy in larger quantities,Low cart conversion rate,This customer is may not purchase soon. Key factors: You have not shopped recently; You buy in larger quantities; Low cart conversion rate.
506,0.008,May Not Buy,High,You have not shopped recently,Your basket size is small,Your spending is currently low,This customer is may not purchase soon. Key factors: You have not shopped recently; Your basket size is small; Your spending is currently low.
507,0.01,May Not Buy,High,You have not shopped recently,Your purchase rate has slowed,Low cart activity observed,This customer is may not purchase soon. Key factors: You have not shopped recently; Your purchase rate has slowed; Low cart activity observed.
508,0.016,May Not Buy,High,You have not shopped recently,Your basket size is small,Limited product browsing detected,This customer is may not purchase soon. Key factors: You have not shopped recently; Your basket size is small; Limited product browsing detected.
509,0.991,Will Buy,High,Your recent activity on our platform,Your consistent purchase habits,Your high spending pattern,This customer is likely to purchase. Key factors: Your recent activity on our platform; Your consistent purchase habits; Your high spending pattern.
510,0.003,May Not Buy,High,You have not shopped recently,Your purchase rate has slowed,Low cart activity observed,This customer is may not purchase soon. Key factors: You have not shopped recently; Your purchase rate has slowed; Low cart activity observed.
511,0.0,May Not Buy,High,You have not shopped recently,Your purchase rate has slowed,You buy fewer items per visit,This customer is may not purchase soon. Key factors: You have not shopped recently; Your purchase rate has slowed; You buy fewer items per visit.
512,0.955,Will Buy,High,Your recent activity on our platform,You shop frequently with us,Your consistent purchase habits,This customer is likely to purchase. Key factors: Your recent activity on our platform; You shop frequently with us; Your consistent purchase habits.
513,0.986,Will Buy,High,Your recent activity on our platform,You buy in larger quantities,Your consistent purchase habits,This customer is likely to purchase. Key factors: Your recent activity on our platform; You buy in larger quantities; Your consistent purchase habits.
514,0.036,May Not Buy,High,You have not shopped recently,Your large average basket size,Limited product browsing detected,This customer is may not purchase soon. Key factors: You have not shopped recently; Your large average basket size; Limited product browsing detected.
515,0.014,May Not Buy,High,You have not shopped recently,Your purchase rate has slowed,Your basket size is small,This customer is may not purchase soon. Key factors: You have not shopped recently; Your purchase rate has slowed; Your basket size is small.
516,0.055,May Not Buy,High,You have not shopped recently,Your purchase rate has slowed,Your spending is currently low,This customer is may not purchase soon. Key factors: You have not shopped recently; Your purchase rate has slowed; Your spending is currently low.
517,0.011,May Not Buy,High,You have not shopped recently,Your purchase rate has slowed,Your basket size is small,This customer is may not purchase soon. Key factors: You have not shopped recently; Your purchase rate has slowed; Your basket size is small.
518,0.021,May Not Buy,High,You have not shopped recently,Your purchase rate has slowed,Your basket size is small,This customer is may not purchase soon. Key factors: You have not shopped recently; Your purchase rate has slowed; Your basket size is small.
519,0.947,Will Buy,High,Your recent activity on our platform,You actively browse our products,Your purchase rate has slowed,This customer is likely to purchase. Key factors: Your recent activity on our platform; You actively browse our products; Your purchase rate has slowed.
520,0.99,Will Buy,High,Your recent activity on our platform,Your consistent purchase habits,You shop frequently with us,This customer is likely to purchase. Key factors: Your recent activity on our platform; Your consistent purchase habits; You shop frequently with us.
521,0.018,May Not Buy,High,You have not shopped recently,Your basket size is small,You buy fewer items per visit,This customer is may not purchase soon. Key factors: You have not shopped recently; Your basket size is small; You buy fewer items per visit.
522,0.015,May Not Buy,High,You have not shopped recently,Low cart activity observed,Low cart conversion rate,This customer is may not purchase soon. Key factors: You have not shopped recently; Low cart activity observed; Low cart conversion rate.
523,0.018,May Not Buy,High,You have not shopped recently,Low cart activity observed,Short browsing sessions detected,This customer is may not purchase soon. Key factors: You have not shopped recently; Low cart activity observed; Short browsing sessions detected.
524,0.018,May Not Buy,High,You have not shopped recently,You buy fewer items per visit,Your basket size is small,This customer is may not purchase soon. Key factors: You have not shopped recently; You buy fewer items per visit; Your basket size is small.
525,0.005,May Not Buy,High,You have not shopped recently,Your basket size is small,Low cart activity observed,This customer is may not purchase soon. Key factors: You have not shopped recently; Your basket size is small; Low cart activity observed.
526,0.063,May Not Buy,High,You have not shopped recently,Your interest in diverse products,You buy in larger quantities,This customer is may not purchase soon. Key factors: You have not shopped recently; Your interest in diverse products; You buy in larger quantities.
527,0.977,Will Buy,High,Your recent activity on our platform,Your consistent purchase habits,You buy in larger quantities,This customer is likely to purchase. Key factors: Your recent activity on our platform; Your consistent purchase habits; You buy in larger quantities.
528,0.087,May Not Buy,High,You have not shopped recently,You buy in larger quantities,Your interest in diverse products,This customer is may not purchase soon. Key factors: You have not shopped recently; You buy in larger quantities; Your interest in diverse products.
529,0.013,May Not Buy,High,You have not shopped recently,Your basket size is small,Your purchase frequency is low,This customer is may not purchase soon. Key factors: You have not shopped recently; Your basket size is small; Your purchase frequency is low.
530,0.004,May Not Buy,High,You have not shopped recently,Your purchase rate has slowed,Limited product browsing detected,This customer is may not purchase soon. Key factors: You have not shopped recently; Your purchase rate has slowed; Limited product browsing detected.
531,0.043,May Not Buy,High,You have not shopped recently,Your spending is currently low,You buy fewer items per visit,This customer is may not purchase soon. Key factors: You have not shopped recently; Your spending is currently low; You buy fewer items per visit.
532,0.009,May Not Buy,High,You have not shopped recently,Low cart activity observed,Your basket size is small,This customer is may not purchase soon. Key factors: You have not shopped recently; Low cart activity observed; Your basket size is small.
533,0.952,Will Buy,High,Your recent activity on our platform,Your consistent purchase habits,Limited product browsing detected,This customer is likely to purchase. Key factors: Your recent activity on our platform; Your consistent purchase habits; Limited product browsing detected.
534,0.066,May Not Buy,High,You have not shopped recently,Your interest in diverse products,Your consistent purchase habits,This customer is may not purchase soon. Key factors: You have not shopped recently; Your interest in diverse products; Your consistent purchase habits.
535,0.0,May Not Buy,High,You have not shopped recently,Low cart activity observed,Your purchase rate has slowed,This customer is may not purchase soon. Key factors: You have not shopped recently; Low cart activity observed; Your purchase rate has slowed.
536,0.974,Will Buy,High,Your recent activity on our platform,Your large average basket size,Your consistent purchase habits,This customer is likely to purchase. Key factors: Your recent activity on our platform; Your large average basket size; Your consistent purchase habits.
537,0.917,Will Buy,High,Your recent activity on our platform,You actively browse our products,Your spending is currently low,This customer is likely to purchase. Key factors: Your recent activity on our platform; You actively browse our products; Your spending is currently low.
538,0.952,Will Buy,High,Your recent activity on our platform,Your purchase rate has slowed,You actively browse our products,This customer is likely to purchase. Key factors: Your recent activity on our platform; Your purchase rate has slowed; You actively browse our products.
539,0.02,May Not Buy,High,You have not shopped recently,Your purchase rate has slowed,You buy fewer items per visit,This customer is may not purchase soon. Key factors: You have not shopped recently; Your purchase rate has slowed; You buy fewer items per visit.
540,0.047,May Not Buy,High,You have not shopped recently,Your large average basket size,Short browsing sessions detected,This customer is may not purchase soon. Key factors: You have not shopped recently; Your large average basket size; Short browsing sessions detected.
541,0.006,May Not Buy,High,You have not shopped recently,Your purchase rate has slowed,Low cart activity observed,This customer is may not purchase soon. Key factors: You have not shopped recently; Your purchase rate has slowed; Low cart activity observed.
542,0.02,May Not Buy,High,You have not shopped recently,You buy fewer items per visit,Low cart activity observed,This customer is may not purchase soon. Key factors: You have not shopped recently; You buy fewer items per visit; Low cart activity observed.
543,0.95,Will Buy,High,Your recent activity on our platform,You actively browse our products,Your large average basket size,This customer is likely to purchase. Key factors: Your recent activity on our platform; You actively browse our products; Your large average basket size.
544,0.0,May Not Buy,High,You have not shopped recently,Your purchase rate has slowed,Low cart activity observed,This customer is may not purchase soon. Key factors: You have not shopped recently; Your purchase rate has slowed; Low cart activity observed.
545,0.005,May Not Buy,High,You have not shopped recently,Your basket size is small,Your spending is currently low,This customer is may not purchase soon. Key factors: You have not shopped recently; Your basket size is small; Your spending is currently low.
546,0.008,May Not Buy,High,You have not shopped recently,Your purchase rate has slowed,Low cart activity observed,This customer is may not purchase soon. Key factors: You have not shopped recently; Your purchase rate has slowed; Low cart activity observed.
547,0.03,May Not Buy,High,You have not shopped recently,You buy fewer items per visit,Your purchase rate has slowed,This customer is may not purchase soon. Key factors: You have not shopped recently; You buy fewer items per visit; Your purchase rate has slowed.
548,0.038,May Not Buy,High,You have not shopped recently,Your basket size is small,Low cart activity observed,This customer is may not purchase soon. Key factors: You have not shopped recently; Your basket size is small; Low cart activity observed.
549,0.003,May Not Buy,High,You have not shopped recently,Your basket size is small,Your spending is currently low,This customer is may not purchase soon. Key factors: You have not shopped recently; Your basket size is small; Your spending is currently low.
550,0.08,May Not Buy,High,You have not shopped recently,You buy fewer items per visit,Your basket size is small,This customer is may not purchase soon. Key factors: You have not shopped recently; You buy fewer items per visit; Your basket size is small.
551,0.029,May Not Buy,High,You have not shopped recently,Your purchase rate has slowed,Your basket size is small,This customer is may not purchase soon. Key factors: You have not shopped recently; Your purchase rate has slowed; Your basket size is small.
552,0.013,May Not Buy,High,You have not shopped recently,Your basket size is small,Your purchase rate has slowed,This customer is may not purchase soon. Key factors: You have not shopped recently; Your basket size is small; Your purchase rate has slowed.
553,0.013,May Not Buy,High,You have not shopped recently,Your purchase rate has slowed,Your basket size is small,This customer is may not purchase soon. Key factors: You have not shopped recently; Your purchase rate has slowed; Your basket size is small.
554,0.929,Will Buy,High,Your recent activity on our platform,Your purchase rate has slowed,You actively browse our products,This customer is likely to purchase. Key factors: Your recent activity on our platform; Your purchase rate has slowed; You actively browse our products.
555,0.014,May Not Buy,High,You have not shopped recently,Your purchase rate has slowed,Your spending is currently low,This customer is may not purchase soon. Key factors: You have not shopped recently; Your purchase rate has slowed; Your spending is currently low.
556,0.947,Will Buy,High,Your recent activity on our platform,You buy in larger quantities,You shop frequently with us,This customer is likely to purchase. Key factors: Your recent activity on our platform; You buy in larger quantities; You shop frequently with us.
557,0.045,May Not Buy,High,You have not shopped recently,Short browsing sessions detected,Your basket size is small,This customer is may not purchase soon. Key factors: You have not shopped recently; Short browsing sessions detected; Your basket size is small.
558,0.023,May Not Buy,High,You have not shopped recently,Your basket size is small,You buy in larger quantities,This customer is may not purchase soon. Key factors: You have not shopped recently; Your basket size is small; You buy in larger quantities.
559,0.006,May Not Buy,High,You have not shopped recently,Your purchase rate has slowed,Low cart activity observed,This customer is may not purchase soon. Key factors: You have not shopped recently; Your purchase rate has slowed; Low cart activity observed.
560,0.029,May Not Buy,High,You have not shopped recently,You buy in larger quantities,Your spending is currently low,This customer is may not purchase soon. Key factors: You have not shopped recently; You buy in larger quantities; Your spending is currently low.
561,0.881,Will Buy,High,Your recent activity on our platform,You buy in larger quantities,Your consistent purchase habits,This customer is likely to purchase. Key factors: Your recent activity on our platform; You buy in larger quantities; Your consistent purchase habits.
562,0.967,Will Buy,High,Your recent activity on our platform,You buy in larger quantities,Your consistent purchase habits,This customer is likely to purchase. Key factors: Your recent activity on our platform; You buy in larger quantities; Your consistent purchase habits.
563,0.023,May Not Buy,High,You have not shopped recently,Your purchase rate has slowed,Your basket size is small,This customer is may not purchase soon. Key factors: You have not shopped recently; Your purchase rate has slowed; Your basket size is small.
564,0.02,May Not Buy,High,You have not shopped recently,Your purchase rate has slowed,Low cart activity observed,This customer is may not purchase soon. Key factors: You have not shopped recently; Your purchase rate has slowed; Low cart activity observed.
565,0.953,Will Buy,High,Your recent activity on our platform,Your consistent purchase habits,You spend quality time browsing,This customer is likely to purchase. Key factors: Your recent activity on our platform; Your consistent purchase habits; You spend quality time browsing.
566,0.026,May Not Buy,High,You have not shopped recently,Short browsing sessions detected,Your spending is currently low,This customer is may not purchase soon. Key factors: You have not shopped recently; Short browsing sessions detected; Your spending is currently low.
567,0.0,May Not Buy,High,You have not shopped recently,Low cart activity observed,Limited product browsing detected,This customer is may not purchase soon. Key factors: You have not shopped recently; Low cart activity observed; Limited product browsing detected.
568,0.018,May Not Buy,High,You have not shopped recently,Your basket size is small,You buy in larger quantities,This customer is may not purchase soon. Key factors: You have not shopped recently; Your basket size is small; You buy in larger quantities.
569,0.03,May Not Buy,High,You have not shopped recently,Your purchase rate has slowed,Limited product browsing detected,This customer is may not purchase soon. Key factors: You have not shopped recently; Your purchase rate has slowed; Limited product browsing detected.
570,0.033,May Not Buy,High,You have not shopped recently,Your consistent purchase habits,You shop frequently with us,This customer is may not purchase soon. Key factors: You have not shopped recently; Your consistent purchase habits; You shop frequently with us.
571,0.956,Will Buy,High,Your recent activity on our platform,You buy in larger quantities,Your consistent purchase habits,This customer is likely to purchase. Key factors: Your recent activity on our platform; You buy in larger quantities; Your consistent purchase habits.
572,0.03,May Not Buy,High,You have not shopped recently,Your spending is currently low,Your consistent purchase habits,This customer is may not purchase soon. Key factors: You have not shopped recently; Your spending is currently low; Your consistent purchase habits.
573,0.011,May Not Buy,High,You have not shopped recently,Your basket size is small,You buy fewer items per visit,This customer is may not purchase soon. Key factors: You have not shopped recently; Your basket size is small; You buy fewer items per visit.
574,0.942,Will Buy,High,Your recent activity on our platform,Your consistent purchase habits,You shop frequently with us,This customer is likely to purchase. Key factors: Your recent activity on our platform; Your consistent purchase habits; You shop frequently with us.
575,0.885,Will Buy,High,Your recent activity on our platform,You buy in larger quantities,Your consistent purchase habits,This customer is likely to purchase. Key factors: Your recent activity on our platform; You buy in larger quantities; Your consistent purchase habits.
576,0.035,May Not Buy,High,You have not shopped recently,Your basket size is small,You buy in larger quantities,This customer is may not purchase soon. Key factors: You have not shopped recently; Your basket size is small; You buy in larger quantities.
577,0.034,May Not Buy,High,You have not shopped recently,You buy in larger quantities,Your spending is currently low,This customer is may not purchase soon. Key factors: You have not shopped recently; You buy in larger quantities; Your spending is currently low.
578,0.972,Will Buy,High,Your recent activity on our platform,Your consistent purchase habits,Your high spending pattern,This customer is likely to purchase. Key factors: Your recent activity on our platform; Your consistent purchase habits; Your high spending pattern.
579,0.977,Will Buy,High,Your recent activity on our platform,Your large average basket size,Your consistent purchase habits,This customer is likely to purchase. Key factors: Your recent activity on our platform; Your large average basket size; Your consistent purchase habits.
580,0.021,May Not Buy,High,You have not shopped recently,Your basket size is small,You buy fewer items per visit,This customer is may not purchase soon. Key factors: You have not shopped recently; Your basket size is small; You buy fewer items per visit.
581,0.009,May Not Buy,High,You have not shopped recently,Your purchase rate has slowed,Your spending is currently low,This customer is may not purchase soon. Key factors: You have not shopped recently; Your purchase rate has slowed; Your spending is currently low.
582,0.025,May Not Buy,High,You have not shopped recently,Short browsing sessions detected,Your purchase rate has slowed,This customer is may not purchase soon. Key factors: You have not shopped recently; Short browsing sessions detected; Your purchase rate has slowed.
583,0.032,May Not Buy,High,You have not shopped recently,Low cart activity observed,Your spending is currently low,This customer is may not purchase soon. Key factors: You have not shopped recently; Low cart activity observed; Your spending is currently low.
584,0.006,May Not Buy,High,You have not shopped recently,Your basket size is small,You buy fewer items per visit,This customer is may not purchase soon. Key factors: You have not shopped recently; Your basket size is small; You buy fewer items per visit.
585,0.971,Will Buy,High,Your recent activity on our platform,Your consistent purchase habits,You actively browse our products,This customer is likely to purchase. Key factors: Your recent activity on our platform; Your consistent purchase habits; You actively browse our products.
586,0.968,Will Buy,High,Your recent activity on our platform,You buy in larger quantities,Your interest in diverse products,This customer is likely to purchase. Key factors: Your recent activity on our platform; You buy in larger quantities; Your interest in diverse products.
587,0.019,May Not Buy,High,You have not shopped recently,Your purchase rate has slowed,Your spending is currently low,This customer is may not purchase soon. Key factors: You have not shopped recently; Your purchase rate has slowed; Your spending is currently low.
588,0.926,Will Buy,High,Your recent activity on our platform,You buy in larger quantities,Your interest in diverse products,This customer is likely to purchase. Key factors: Your recent activity on our platform; You buy in larger quantities; Your interest in diverse products.
589,0.027,May Not Buy,High,You have not shopped recently,You buy fewer items per visit,Your purchase rate has slowed,This customer is may not purchase soon. Key factors: You have not shopped recently; You buy fewer items per visit; Your purchase rate has slowed.
590,0.025,May Not Buy,High,You have not shopped recently,Your basket size is small,You buy in larger quantities,This customer is may not purchase soon. Key factors: You have not shopped recently; Your basket size is small; You buy in larger quantities.
591,0.008,May Not Buy,High,You have not shopped recently,Your basket size is small,You buy fewer items per visit,This customer is may not purchase soon. Key factors: You have not shopped recently; Your basket size is small; You buy fewer items per visit.
592,0.902,Will Buy,High,Your recent activity on our platform,Low cart activity observed,Limited product browsing detected,This customer is likely to purchase. Key factors: Your recent activity on our platform; Low cart activity observed; Limited product browsing detected.
593,0.034,May Not Buy,High,You have not shopped recently,You buy in larger quantities,Your basket size is small,This customer is may not purchase soon. Key factors: You have not shopped recently; You buy in larger quantities; Your basket size is small.
594,0.97,Will Buy,High,Your recent activity on our platform,Your consistent purchase habits,Your high spending pattern,This customer is likely to purchase. Key factors: Your recent activity on our platform; Your consistent purchase habits; Your high spending pattern.
595,0.037,May Not Buy,High,You have not shopped recently,Limited product browsing detected,You frequently add items to cart,This customer is may not purchase soon. Key factors: You have not shopped recently; Limited product browsing detected; You frequently add items to cart.
596,0.948,Will Buy,High,Your recent activity on our platform,Your purchase rate has slowed,Your purchase frequency is low,This customer is likely to purchase. Key factors: Your recent activity on our platform; Your purchase rate has slowed; Your purchase frequency is low.
597,0.954,Will Buy,High,Your recent activity on our platform,Your consistent purchase habits,You buy in larger quantities,This customer is likely to purchase. Key factors: Your recent activity on our platform; Your consistent purchase habits; You buy in larger quantities.
598,0.02,May Not Buy,High,You have not shopped recently,Short browsing sessions detected,Your purchase rate has slowed,This customer is may not purchase soon. Key factors: You have not shopped recently; Short browsing sessions detected; Your purchase rate has slowed.
599,0.958,Will Buy,High,Your recent activity on our platform,You buy in larger quantities,Short browsing sessions detected,This customer is likely to purchase. Key factors: Your recent activity on our platform; You buy in larger quantities; Short browsing sessions detected.
600,0.971,Will Buy,High,Your recent activity on our platform,Your consistent purchase habits,You spend quality time browsing,This customer is likely to purchase. Key factors: Your recent activity on our platform; Your consistent purchase habits; You spend quality time browsing.
